Country Name,Country Code,Year,Import_Dependency_Pct
Africa Eastern and Southern,AFE,1990,-21.4
Africa Western and Central,AFW,1990,-214.7
Albania,ALB,1990,6.4
Algeria,DZA,1990,-348.6
Angola,AGO,1990,-381.7
Arab World,ARB,1990,-348.3
Argentina,ARG,1990,-4.1
Armenia,ARM,1990,100.7
Australia,AUS,1990,-74.9
Austria,AUT,1990,69.8
Azerbaijan,AZE,1990,12.2
Bahrain,BHR,1990,-154.7
Bangladesh,BGD,1990,16.9
Belarus,BLR,1990,92.7
Belgium,BEL,1990,83.0
Benin,BEN,1990,-5.5
Bolivia,BOL,1990,-91.6
Brazil,BRA,1990,27.9
Brunei Darussalam,BRN,1990,-799.9
Bulgaria,BGR,1990,64.1
Cameroon,CMR,1990,-122.1
Canada,CAN,1990,-28.0
Caribbean small states,CSS,1990,-106.6
Central Europe and the Baltics,CEB,1990,31.8
Chile,CHL,1990,50.1
China,CHN,1990,-4.0
Colombia,COL,1990,-89.3
"Congo, Dem. Rep.",COD,1990,-0.8
"Congo, Rep.",COG,1990,-1002.1
Costa Rica,CRI,1990,62.0
Cote d'Ivoire,CIV,1990,25.1
Croatia,HRV,1990,41.0
Curacao,CUW,1990,215.1
Czechia,CZE,1990,15.3
Denmark,DNK,1990,49.8
Early-demographic dividend,EAR,1990,-71.4
East Asia & Pacific,EAS,1990,19.5
East Asia & Pacific (IDA & IBRD countries),TEA,1990,-9.3
East Asia & Pacific (excluding high income),EAP,1990,-8.6
Ecuador,ECU,1990,-159.3
"Egypt, Arab Rep.",EGY,1990,-61.8
El Salvador,SLV,1990,32.1
Estonia,EST,1990,42.0
Ethiopia,ETH,1990,5.7
Euro area,EMU,1990,59.4
Europe & Central Asia,ECS,1990,13.7
Europe & Central Asia (IDA & IBRD countries),TEC,1990,-11.6
Europe & Central Asia (excluding high income),ECA,1990,30.2
European Union,EUU,1990,51.7
Finland,FIN,1990,62.8
Fragile and conflict affected situations,FCS,1990,-56.8
France,FRA,1990,53.3
Gabon,GAB,1990,-1029.2
Georgia,GEO,1990,85.1
Germany,DEU,1990,47.6
Ghana,GHA,1990,18.3
Greece,GRC,1990,71.5
Guatemala,GTM,1990,26.3
Heavily indebted poor countries (HIPC),HPC,1990,-9.8
High income,HIC,1990,9.3
Honduras,HND,1990,29.6
"Hong Kong SAR, China",HKG,1990,127.3
Hungary,HUN,1990,49.2
IBRD only,IBD,1990,-23.6
IDA & IBRD total,IBT,1990,-23.6
IDA blend,IDB,1990,-47.9
IDA only,IDX,1990,1.1
IDA total,IDA,1990,-24.4
India,IND,1990,11.3
Indonesia,IDN,1990,-81.5
"Iran, Islamic Rep.",IRN,1990,-169.7
Iraq,IRQ,1990,-448.2
Ireland,IRL,1990,71.1
Israel,ISR,1990,99.5
Italy,ITA,1990,86.8
Jamaica,JAM,1990,96.0
Japan,JPN,1990,86.1
Kazakhstan,KAZ,1990,-22.6
Kenya,KEN,1990,20.8
"Korea, Dem. People's Rep.",PRK,1990,13.0
"Korea, Rep.",KOR,1990,76.6
Kuwait,KWT,1990,-457.4
Kyrgyz Republic,KGZ,1990,67.8
Late-demographic dividend,LTE,1990,-21.0
Latin America & Caribbean,LCN,1990,-36.0
Latin America & Caribbean (excluding high income),LAC,1990,-17.1
Latin America & the Caribbean (IDA & IBRD countries),TLA,1990,-36.8
Latvia,LVA,1990,94.6
Least developed countries: UN classification,LDC,1990,-21.2
Libya,LBY,1990,-551.6
Lithuania,LTU,1990,72.4
Low & middle income,LMY,1990,-16.5
Low income,LIC,1990,-15.3
Lower middle income,LMC,1990,-8.6
Luxembourg,LUX,1990,103.4
Madagascar,MDG,1990,12.5
Malaysia,MYS,1990,-122.0
Mexico,MEX,1990,-56.2
"Middle East, North Africa, Afghanistan & Pakistan",MEA,1990,-250.0
"Middle East, North Africa, Afghanistan & Pakistan (IDA & IBRD)",TMN,1990,-164.4
"Middle East, North Africa, Afghanistan & Pakistan (excluding high income)",MNA,1990,-164.4
Middle income,MIC,1990,-16.5
Moldova,MDA,1990,100.0
Mongolia,MNG,1990,20.5
Morocco,MAR,1990,85.3
Mozambique,MOZ,1990,6.3
Myanmar,MMR,1990,0.1
Nepal,NPL,1990,5.3
Netherlands,NLD,1990,27.7
New Zealand,NZL,1990,16.3
Nicaragua,NIC,1990,31.7
Nigeria,NGA,1990,-284.4
North America,NAC,1990,13.3
North Macedonia,MKD,1990,48.9
Norway,NOR,1990,-454.2
OECD members,OED,1990,27.3
Oman,OMN,1990,-798.3
Pakistan,PAK,1990,21.5
Panama,PAN,1990,166.5
Paraguay,PRY,1990,-48.1
Peru,PER,1990,-5.8
Philippines,PHL,1990,41.9
Poland,POL,1990,0.8
Portugal,PRT,1990,88.9
Post-demographic dividend,PST,1990,32.4
Pre-demographic dividend,PRE,1990,-167.9
Qatar,QAT,1990,-314.3
Romania,ROU,1990,35.5
Russian Federation,RUS,1990,-46.9
Rwanda,RWA,1990,2.9
Saudi Arabia,SAU,1990,-529.3
Senegal,SEN,1990,50.2
Serbia,SRB,1990,31.2
Singapore,SGP,1990,212.7
Slovak Republic,SVK,1990,77.0
Slovenia,SVN,1990,45.9
Small states,SST,1990,-85.3
South Africa,ZAF,1990,-24.8
South Asia,SAS,1990,11.8
South Asia (IDA & IBRD),TSA,1990,11.8
Spain,ESP,1990,67.0
Sri Lanka,LKA,1990,30.9
Sub-Saharan Africa,SSF,1990,-62.1
Sub-Saharan Africa (IDA & IBRD countries),TSS,1990,-62.1
Sub-Saharan Africa (excluding high income),SSA,1990,-67.7
Sweden,SWE,1990,38.9
Switzerland,CHE,1990,61.7
Syrian Arab Republic,SYR,1990,-106.4
Tajikistan,TJK,1990,62.1
Tanzania,TZA,1990,9.9
Thailand,THA,1990,42.1
Trinidad and Tobago,TTO,1990,-106.6
Tunisia,TUN,1990,-17.5
Turkiye,TUR,1990,54.0
Turkmenistan,TKM,1990,-316.4
Uganda,UGA,1990,3.6
Ukraine,UKR,1990,48.0
United Arab Emirates,ARE,1990,-395.2
United Kingdom,GBR,1990,2.3
United States,USA,1990,17.9
Upper middle income,UMC,1990,-18.7
Uruguay,URY,1990,52.3
Uzbekistan,UZB,1990,18.4
"Venezuela, RB",VEN,1990,-257.3
Viet Nam,VNM,1990,-0.9
World,WLD,1990,-0.5
"Yemen, Rep.",YEM,1990,-255.4
Zambia,ZMB,1990,10.8
Zimbabwe,ZWE,1990,8.9
Africa Eastern and Southern,AFE,1991,-21.2
Africa Western and Central,AFW,1991,-213.5
Albania,ALB,1991,-3.5
Algeria,DZA,1991,-334.6
Angola,AGO,1991,-392.0
Arab World,ARB,1991,-325.3
Argentina,ARG,1991,-3.9
Australia,AUS,1991,-93.6
Austria,AUT,1991,67.9
Azerbaijan,AZE,1991,16.3
Bahrain,BHR,1991,-156.1
Bangladesh,BGD,1991,14.6
Belarus,BLR,1991,90.3
Belgium,BEL,1991,84.8
Benin,BEN,1991,-6.0
Bolivia,BOL,1991,-90.8
Bosnia and Herzegovina,BIH,1991,31.9
Brazil,BRA,1991,27.8
Brunei Darussalam,BRN,1991,-737.5
Bulgaria,BGR,1991,64.5
Cameroon,CMR,1991,-114.1
Canada,CAN,1991,-36.2
Caribbean small states,CSS,1991,-99.3
Central Europe and the Baltics,CEB,1991,29.1
Chile,CHL,1991,50.6
China,CHN,1991,-3.6
Colombia,COL,1991,-92.3
"Congo, Dem. Rep.",COD,1991,-1.7
"Congo, Rep.",COG,1991,-944.8
Costa Rica,CRI,1991,60.4
Cote d'Ivoire,CIV,1991,26.6
Croatia,HRV,1991,30.9
Curacao,CUW,1991,201.4
Czechia,CZE,1991,15.7
Denmark,DNK,1991,42.8
Early-demographic dividend,EAR,1991,-71.8
East Asia & Pacific,EAS,1991,18.8
East Asia & Pacific (IDA & IBRD countries),TEA,1991,-9.9
East Asia & Pacific (excluding high income),EAP,1991,-9.3
Ecuador,ECU,1991,-156.9
"Egypt, Arab Rep.",EGY,1991,-61.8
El Salvador,SLV,1991,37.6
Estonia,EST,1991,40.1
Ethiopia,ETH,1991,5.7
Euro area,EMU,1991,60.1
Europe & Central Asia,ECS,1991,15.6
Europe & Central Asia (IDA & IBRD countries),TEC,1991,-8.9
Europe & Central Asia (excluding high income),ECA,1991,30.1
European Union,EUU,1991,52.2
Finland,FIN,1991,58.4
Fragile and conflict affected situations,FCS,1991,-13.6
France,FRA,1991,53.3
Gabon,GAB,1991,-1149.0
Georgia,GEO,1991,87.5
Germany,DEU,1991,52.6
Ghana,GHA,1991,16.3
Greece,GRC,1991,71.9
Guatemala,GTM,1991,29.9
Heavily indebted poor countries (HIPC),HPC,1991,-9.3
High income,HIC,1991,8.6
Honduras,HND,1991,32.0
"Hong Kong SAR, China",HKG,1991,121.4
Hungary,HUN,1991,46.1
IBRD only,IBD,1991,-17.8
IDA & IBRD total,IBT,1991,-18.4
IDA blend,IDB,1991,-48.2
IDA only,IDX,1991,-2.4
IDA total,IDA,1991,-26.4
India,IND,1991,12.0
Indonesia,IDN,1991,-88.6
"Iran, Islamic Rep.",IRN,1991,-159.5
Iraq,IRQ,1991,-20.2
Ireland,IRL,1991,69.5
Israel,ISR,1991,100.2
Italy,ITA,1991,84.3
Jamaica,JAM,1991,94.9
Japan,JPN,1991,84.6
Jordan,JOR,1991,93.1
Kazakhstan,KAZ,1991,-21.5
Kenya,KEN,1991,19.5
"Korea, Dem. People's Rep.",PRK,1991,11.4
"Korea, Rep.",KOR,1991,81.3
Kuwait,KWT,1991,-291.3
Kyrgyz Republic,KGZ,1991,65.2
Late-demographic dividend,LTE,1991,-18.7
Latin America & Caribbean,LCN,1991,-13.7
Latin America & Caribbean (excluding high income),LAC,1991,-17.3
Latin America & the Caribbean (IDA & IBRD countries),TLA,1991,-14.5
Latvia,LVA,1991,88.0
Least developed countries: UN classification,LDC,1991,-22.9
Libya,LBY,1991,-617.4
Lithuania,LTU,1991,72.0
Low & middle income,LMY,1991,-14.4
Low income,LIC,1991,-20.9
Lower middle income,LMC,1991,-8.2
Luxembourg,LUX,1991,102.3
Madagascar,MDG,1991,13.4
Malaysia,MYS,1991,-94.7
Mexico,MEX,1991,-55.7
"Middle East, North Africa, Afghanistan & Pakistan",MEA,1991,-233.9
"Middle East, North Africa, Afghanistan & Pakistan (IDA & IBRD)",TMN,1991,-126.9
"Middle East, North Africa, Afghanistan & Pakistan (excluding high income)",MNA,1991,-126.9
Middle income,MIC,1991,-14.2
Moldova,MDA,1991,99.4
Mongolia,MNG,1991,14.4
Morocco,MAR,1991,81.3
Mozambique,MOZ,1991,5.9
Myanmar,MMR,1991,0.8
Namibia,NAM,1991,59.9
Nepal,NPL,1991,6.3
Netherlands,NLD,1991,22.2
New Zealand,NZL,1991,14.3
Nicaragua,NIC,1991,29.8
Nigeria,NGA,1991,-276.6
North America,NAC,1991,11.5
North Macedonia,MKD,1991,50.1
Norway,NOR,1991,-501.9
OECD members,OED,1991,26.0
Oman,OMN,1991,-590.0
Other small states,OSS,1991,-88.0
Pakistan,PAK,1991,19.8
Panama,PAN,1991,175.2
Paraguay,PRY,1991,-53.7
Peru,PER,1991,0.6
Philippines,PHL,1991,42.5
Poland,POL,1991,1.2
Portugal,PRT,1991,87.6
Post-demographic dividend,PST,1991,31.6
Pre-demographic dividend,PRE,1991,-99.1
Qatar,QAT,1991,-281.0
Romania,ROU,1991,28.5
Russian Federation,RUS,1991,-39.7
Rwanda,RWA,1991,2.8
Saudi Arabia,SAU,1991,-580.3
Senegal,SEN,1991,48.7
Serbia,SRB,1991,26.8
Singapore,SGP,1991,203.5
Slovak Republic,SVK,1991,72.9
Slovenia,SVN,1991,42.2
Small states,SST,1991,-91.8
South Africa,ZAF,1991,-23.8
South Asia,SAS,1991,12.3
South Asia (IDA & IBRD),TSA,1991,12.3
Spain,ESP,1991,67.7
Sri Lanka,LKA,1991,29.9
Sub-Saharan Africa,SSF,1991,-62.2
Sub-Saharan Africa (IDA & IBRD countries),TSS,1991,-62.2
Sub-Saharan Africa (excluding high income),SSA,1991,-67.9
Sweden,SWE,1991,36.4
Switzerland,CHE,1991,61.2
Syrian Arab Republic,SYR,1991,-125.3
Tajikistan,TJK,1991,64.1
Tanzania,TZA,1991,9.6
Thailand,THA,1991,39.4
Trinidad and Tobago,TTO,1991,-99.3
Tunisia,TUN,1991,-31.5
Turkiye,TUR,1991,48.2
Turkmenistan,TKM,1991,-387.7
Uganda,UGA,1991,3.6
Ukraine,UKR,1991,53.7
United Arab Emirates,ARE,1991,-389.0
United Kingdom,GBR,1991,5.2
United States,USA,1991,16.7
Upper middle income,UMC,1991,-16.0
Uruguay,URY,1991,64.2
Uzbekistan,UZB,1991,18.6
Viet Nam,VNM,1991,-11.1
World,WLD,1991,0.9
"Yemen, Rep.",YEM,1991,-226.5
Zambia,ZMB,1991,7.4
Zimbabwe,ZWE,1991,10.4
Africa Eastern and Southern,AFE,1992,-23.8
Africa Western and Central,AFW,1992,-208.8
Albania,ALB,1992,-3.4
Algeria,DZA,1992,-331.5
Angola,AGO,1992,-432.8
Arab World,ARB,1992,-315.7
Argentina,ARG,1992,-7.1
Armenia,ARM,1992,97.0
Australia,AUS,1992,-95.9
Austria,AUT,1992,69.8
Azerbaijan,AZE,1992,4.0
Bahrain,BHR,1992,-143.1
Bangladesh,BGD,1992,14.1
Belarus,BLR,1992,88.7
Belgium,BEL,1992,85.8
Benin,BEN,1992,-2.1
Bolivia,BOL,1992,-80.4
Bosnia and Herzegovina,BIH,1992,18.5
Brazil,BRA,1992,27.5
Brunei Darussalam,BRN,1992,-725.0
Bulgaria,BGR,1992,58.0
Cameroon,CMR,1992,-112.1
Canada,CAN,1992,-38.8
Caribbean small states,CSS,1992,-86.9
Central Europe and the Baltics,CEB,1992,27.1
Chile,CHL,1992,49.5
China,CHN,1992,-2.6
Colombia,COL,1992,-80.9
"Congo, Dem. Rep.",COD,1992,-1.8
"Congo, Rep.",COG,1992,-1056.1
Costa Rica,CRI,1992,62.7
Cote d'Ivoire,CIV,1992,26.2
Croatia,HRV,1992,36.1
Curacao,CUW,1992,247.4
Czechia,CZE,1992,15.8
Denmark,DNK,1992,40.2
Early-demographic dividend,EAR,1992,-68.7
East Asia & Pacific,EAS,1992,20.4
East Asia & Pacific (IDA & IBRD countries),TEA,1992,-8.6
East Asia & Pacific (excluding high income),EAP,1992,-8.1
Ecuador,ECU,1992,-178.6
"Egypt, Arab Rep.",EGY,1992,-66.2
El Salvador,SLV,1992,39.8
Eritrea,ERI,1992,44.8
Estonia,EST,1992,35.8
Ethiopia,ETH,1992,3.1
Euro area,EMU,1992,61.8
Europe & Central Asia,ECS,1992,16.0
Europe & Central Asia (IDA & IBRD countries),TEC,1992,-9.7
Europe & Central Asia (excluding high income),ECA,1992,30.6
European Union,EUU,1992,53.6
Finland,FIN,1992,57.6
Fragile and conflict affected situations,FCS,1992,-21.0
France,FRA,1992,52.9
Gabon,GAB,1992,-1056.9
Georgia,GEO,1992,86.1
Germany,DEU,1992,55.7
Ghana,GHA,1992,16.2
Greece,GRC,1992,79.4
Guatemala,GTM,1992,30.3
Heavily indebted poor countries (HIPC),HPC,1992,-9.1
High income,HIC,1992,8.6
Honduras,HND,1992,33.2
"Hong Kong SAR, China",HKG,1992,125.4
Hungary,HUN,1992,44.4
IBRD only,IBD,1992,-17.7
IDA & IBRD total,IBT,1992,-18.5
IDA blend,IDB,1992,-51.7
IDA only,IDX,1992,-2.7
IDA total,IDA,1992,-28.5
India,IND,1992,13.9
Indonesia,IDN,1992,-85.1
"Iran, Islamic Rep.",IRN,1992,-164.4
Iraq,IRQ,1992,-20.2
Ireland,IRL,1992,68.7
Israel,ISR,1992,104.4
Italy,ITA,1992,86.4
Jamaica,JAM,1992,94.0
Japan,JPN,1992,85.0
Jordan,JOR,1992,101.5
Kazakhstan,KAZ,1992,-12.6
Kenya,KEN,1992,19.5
"Korea, Dem. People's Rep.",PRK,1992,11.8
"Korea, Rep.",KOR,1992,86.0
Kuwait,KWT,1992,-577.6
Kyrgyz Republic,KGZ,1992,64.7
Late-demographic dividend,LTE,1992,-20.3
Latin America & Caribbean,LCN,1992,-12.5
Latin America & Caribbean (excluding high income),LAC,1992,-16.5
Latin America & the Caribbean (IDA & IBRD countries),TLA,1992,-13.4
Latvia,LVA,1992,90.2
Least developed countries: UN classification,LDC,1992,-22.5
Libya,LBY,1992,-588.8
Lithuania,LTU,1992,62.4
Low & middle income,LMY,1992,-14.6
Low income,LIC,1992,-20.5
Lower middle income,LMC,1992,-8.4
Luxembourg,LUX,1992,103.1
Madagascar,MDG,1992,12.7
Malaysia,MYS,1992,-85.5
Mexico,MEX,1992,-53.6
"Middle East, North Africa, Afghanistan & Pakistan",MEA,1992,-230.3
"Middle East, North Africa, Afghanistan & Pakistan (IDA & IBRD)",TMN,1992,-121.3
"Middle East, North Africa, Afghanistan & Pakistan (excluding high income)",MNA,1992,-121.3
Middle income,MIC,1992,-14.4
Moldova,MDA,1992,98.2
Mongolia,MNG,1992,12.9
Morocco,MAR,1992,88.1
Mozambique,MOZ,1992,6.3
Myanmar,MMR,1992,1.7
Namibia,NAM,1992,64.2
Nepal,NPL,1992,6.8
Netherlands,NLD,1992,22.5
New Zealand,NZL,1992,14.9
Nicaragua,NIC,1992,34.4
Nigeria,NGA,1992,-270.6
North America,NAC,1992,12.5
North Macedonia,MKD,1992,44.6
Norway,NOR,1992,-558.7
OECD members,OED,1992,26.8
Oman,OMN,1992,-676.0
Pakistan,PAK,1992,20.9
Panama,PAN,1992,171.6
Paraguay,PRY,1992,-43.5
Peru,PER,1992,0.1
Philippines,PHL,1992,47.7
Poland,POL,1992,1.6
Portugal,PRT,1992,89.3
Post-demographic dividend,PST,1992,31.8
Pre-demographic dividend,PRE,1992,-95.2
Qatar,QAT,1992,-295.3
Romania,ROU,1992,29.7
Russian Federation,RUS,1992,-41.6
Rwanda,RWA,1992,3.1
Saudi Arabia,SAU,1992,-514.5
Senegal,SEN,1992,55.1
Serbia,SRB,1992,20.7
Singapore,SGP,1992,197.8
Slovak Republic,SVK,1992,74.7
Slovenia,SVN,1992,41.9
Small states,SST,1992,-123.4
South Africa,ZAF,1992,-27.3
South Asia,SAS,1992,14.0
South Asia (IDA & IBRD),TSA,1992,14.0
Spain,ESP,1992,70.9
Sri Lanka,LKA,1992,30.1
Sub-Saharan Africa,SSF,1992,-65.2
Sub-Saharan Africa (IDA & IBRD countries),TSS,1992,-65.2
Sub-Saharan Africa (excluding high income),SSA,1992,-71.0
Sweden,SWE,1992,38.0
Switzerland,CHE,1992,60.7
Syrian Arab Republic,SYR,1992,-138.8
Tajikistan,TJK,1992,58.8
Tanzania,TZA,1992,8.5
Thailand,THA,1992,42.8
Trinidad and Tobago,TTO,1992,-86.9
Tunisia,TUN,1992,-25.7
Turkiye,TUR,1992,50.8
Turkmenistan,TKM,1992,-367.3
Uganda,UGA,1992,3.4
Ukraine,UKR,1992,50.9
United Arab Emirates,ARE,1992,-443.6
United Kingdom,GBR,1992,4.0
United States,USA,1992,18.1
Upper middle income,UMC,1992,-16.2
Uruguay,URY,1992,62.6
Uzbekistan,UZB,1992,10.0
Viet Nam,VNM,1992,-17.3
World,WLD,1992,0.8
"Yemen, Rep.",YEM,1992,-153.0
Zambia,ZMB,1992,10.5
Zimbabwe,ZWE,1992,12.1
Africa Eastern and Southern,AFE,1993,-22.4
Africa Western and Central,AFW,1993,-211.3
Albania,ALB,1993,0.2
Algeria,DZA,1993,-331.9
Angola,AGO,1993,-378.0
Arab World,ARB,1993,-309.2
Argentina,ARG,1993,-10.8
Australia,AUS,1993,-92.4
Austria,AUT,1993,67.0
Azerbaijan,AZE,1993,-1.7
Bahrain,BHR,1993,-143.4
Bangladesh,BGD,1993,14.0
Belarus,BLR,1993,87.9
Belgium,BEL,1993,84.5
Benin,BEN,1993,-2.7
Bolivia,BOL,1993,-73.0
Bosnia and Herzegovina,BIH,1993,16.4
Brazil,BRA,1993,30.9
Brunei Darussalam,BRN,1993,-746.9
Bulgaria,BGR,1993,60.3
Cameroon,CMR,1993,-98.0
Canada,CAN,1993,-42.1
Caribbean small states,CSS,1993,-90.7
Central Europe and the Baltics,CEB,1993,26.4
Chile,CHL,1993,51.1
China,CHN,1993,-0.4
Colombia,COL,1993,-88.9
"Congo, Dem. Rep.",COD,1993,-1.7
"Congo, Rep.",COG,1993,-1153.4
Costa Rica,CRI,1993,63.9
Cote d'Ivoire,CIV,1993,25.6
Croatia,HRV,1993,34.0
Curacao,CUW,1993,247.7
Czechia,CZE,1993,15.9
Denmark,DNK,1993,30.1
Early-demographic dividend,EAR,1993,-66.4
East Asia & Pacific,EAS,1993,21.8
East Asia & Pacific (IDA & IBRD countries),TEA,1993,-5.7
East Asia & Pacific (excluding high income),EAP,1993,-5.3
Ecuador,ECU,1993,-199.7
"Egypt, Arab Rep.",EGY,1993,-65.8
El Salvador,SLV,1993,44.6
Eritrea,ERI,1993,40.0
Estonia,EST,1993,37.6
Ethiopia,ETH,1993,3.8
Euro area,EMU,1993,60.0
Europe & Central Asia,ECS,1993,14.9
Europe & Central Asia (IDA & IBRD countries),TEC,1993,-10.7
Europe & Central Asia (excluding high income),ECA,1993,24.3
European Union,EUU,1993,52.1
Finland,FIN,1993,57.2
Fragile and conflict affected situations,FCS,1993,-28.5
France,FRA,1993,48.7
Gabon,GAB,1993,-1088.7
Georgia,GEO,1993,79.4
Germany,DEU,1993,56.7
Ghana,GHA,1993,15.3
Greece,GRC,1993,78.1
Guatemala,GTM,1993,30.2
Heavily indebted poor countries (HIPC),HPC,1993,-9.2
High income,HIC,1993,9.6
Honduras,HND,1993,33.9
"Hong Kong SAR, China",HKG,1993,138.0
Hungary,HUN,1993,47.7
IBRD only,IBD,1993,-17.0
IDA & IBRD total,IBT,1993,-18.0
IDA blend,IDB,1993,-50.6
IDA only,IDX,1993,-6.1
IDA total,IDA,1993,-29.7
India,IND,1993,14.3
Indonesia,IDN,1993,-72.8
"Iran, Islamic Rep.",IRN,1993,-160.3
Iraq,IRQ,1993,-17.3
Ireland,IRL,1993,70.2
Israel,ISR,1993,101.5
Italy,ITA,1993,82.8
Jamaica,JAM,1993,95.8
Japan,JPN,1993,83.7
Jordan,JOR,1993,102.0
Kazakhstan,KAZ,1993,-19.8
Kenya,KEN,1993,21.3
"Korea, Dem. People's Rep.",PRK,1993,11.7
"Korea, Rep.",KOR,1993,87.9
Kuwait,KWT,1993,-767.3
Kyrgyz Republic,KGZ,1993,59.6
Late-demographic dividend,LTE,1993,-19.0
Latin America & Caribbean,LCN,1993,-12.4
Latin America & Caribbean (excluding high income),LAC,1993,-16.4
Latin America & the Caribbean (IDA & IBRD countries),TLA,1993,-13.2
Latvia,LVA,1993,74.3
Least developed countries: UN classification,LDC,1993,-22.1
Libya,LBY,1993,-530.3
Lithuania,LTU,1993,57.6
Low & middle income,LMY,1993,-15.1
Low income,LIC,1993,-26.2
Lower middle income,LMC,1993,-7.8
Luxembourg,LUX,1993,101.8
Madagascar,MDG,1993,12.7
Malaysia,MYS,1993,-73.1
Mexico,MEX,1993,-53.7
"Middle East, North Africa, Afghanistan & Pakistan",MEA,1993,-224.1
"Middle East, North Africa, Afghanistan & Pakistan (IDA & IBRD)",TMN,1993,-115.8
"Middle East, North Africa, Afghanistan & Pakistan (excluding high income)",MNA,1993,-115.8
Middle income,MIC,1993,-14.8
Moldova,MDA,1993,93.7
Morocco,MAR,1993,86.3
Mozambique,MOZ,1993,6.7
Myanmar,MMR,1993,2.6
Namibia,NAM,1993,68.7
Nepal,NPL,1993,7.2
Netherlands,NLD,1993,20.9
New Zealand,NZL,1993,14.2
Nicaragua,NIC,1993,34.0
Nigeria,NGA,1993,-274.5
North America,NAC,1993,14.6
North Macedonia,MKD,1993,47.0
Norway,NOR,1993,-552.3
OECD members,OED,1993,26.8
Oman,OMN,1993,-631.8
Pakistan,PAK,1993,22.4
Panama,PAN,1993,173.1
Paraguay,PRY,1993,-49.2
Peru,PER,1993,-0.4
Philippines,PHL,1993,45.7
Poland,POL,1993,2.6
Portugal,PRT,1993,87.3
Post-demographic dividend,PST,1993,31.6
Pre-demographic dividend,PRE,1993,-89.1
Romania,ROU,1993,27.2
Russian Federation,RUS,1993,-39.0
Rwanda,RWA,1993,3.3
Saudi Arabia,SAU,1993,-485.2
Senegal,SEN,1993,49.7
Serbia,SRB,1993,10.2
Singapore,SGP,1993,185.6
Slovak Republic,SVK,1993,68.8
Slovenia,SVN,1993,48.3
Small states,SST,1993,-137.1
South Africa,ZAF,1993,-27.8
South Asia,SAS,1993,14.5
South Asia (IDA & IBRD),TSA,1993,14.5
Spain,ESP,1993,69.8
Sri Lanka,LKA,1993,35.1
Sub-Saharan Africa,SSF,1993,-63.7
Sub-Saharan Africa (IDA & IBRD countries),TSS,1993,-63.7
Sub-Saharan Africa (excluding high income),SSA,1993,-69.6
Sweden,SWE,1993,39.6
Switzerland,CHE,1993,56.4
Syrian Arab Republic,SYR,1993,-145.6
Tajikistan,TJK,1993,48.1
Tanzania,TZA,1993,8.4
Thailand,THA,1993,47.9
Trinidad and Tobago,TTO,1993,-90.7
Tunisia,TUN,1993,-6.9
Turkiye,TUR,1993,55.7
Turkmenistan,TKM,1993,-445.0
Uganda,UGA,1993,3.4
Ukraine,UKR,1993,46.4
United Arab Emirates,ARE,1993,-404.3
United Kingdom,GBR,1993,-0.0
United States,USA,1993,20.9
Upper middle income,UMC,1993,-16.9
Uruguay,URY,1993,54.6
Uzbekistan,UZB,1993,8.8
Viet Nam,VNM,1993,-14.1
World,WLD,1993,1.2
"Yemen, Rep.",YEM,1993,-272.0
Zambia,ZMB,1993,7.3
Zimbabwe,ZWE,1993,12.8
Africa Eastern and Southern,AFE,1994,-22.7
Africa Western and Central,AFW,1994,-229.3
Albania,ALB,1994,3.5
Algeria,DZA,1994,-330.5
Angola,AGO,1994,-402.7
Arab World,ARB,1994,-295.8
Argentina,ARG,1994,-17.0
Australia,AUS,1994,-91.4
Austria,AUT,1994,66.4
Azerbaijan,AZE,1994,1.9
Bahrain,BHR,1994,-125.5
Bangladesh,BGD,1994,15.3
Belarus,BLR,1994,84.8
Belgium,BEL,1994,87.1
Benin,BEN,1994,-1.2
Bolivia,BOL,1994,-69.0
Bosnia and Herzegovina,BIH,1994,49.7
Brazil,BRA,1994,30.0
Brunei Darussalam,BRN,1994,-830.3
Bulgaria,BGR,1994,56.8
Cameroon,CMR,1994,-89.6
Canada,CAN,1994,-46.2
Caribbean small states,CSS,1994,-99.5
Central Europe and the Baltics,CEB,1994,25.9
Chile,CHL,1994,58.3
China,CHN,1994,-1.5
Colombia,COL,1994,-86.1
"Congo, Dem. Rep.",COD,1994,-5.1
"Congo, Rep.",COG,1994,-1251.6
Costa Rica,CRI,1994,66.9
Cote d'Ivoire,CIV,1994,25.4
Croatia,HRV,1994,37.6
Curacao,CUW,1994,241.4
Czechia,CZE,1994,18.8
Denmark,DNK,1994,30.2
Early-demographic dividend,EAR,1994,-62.0
East Asia & Pacific,EAS,1994,22.1
East Asia & Pacific (IDA & IBRD countries),TEA,1994,-7.1
East Asia & Pacific (excluding high income),EAP,1994,-6.8
Ecuador,ECU,1994,-200.2
"Egypt, Arab Rep.",EGY,1994,-67.7
El Salvador,SLV,1994,44.2
Equatorial Guinea,GNQ,1994,-37.6
Eritrea,ERI,1994,47.4
Estonia,EST,1994,35.4
Ethiopia,ETH,1994,4.2
Euro area,EMU,1994,61.4
Europe & Central Asia,ECS,1994,13.5
Europe & Central Asia (IDA & IBRD countries),TEC,1994,-14.7
Europe & Central Asia (excluding high income),ECA,1994,26.2
European Union,EUU,1994,53.2
Finland,FIN,1994,67.0
Fragile and conflict affected situations,FCS,1994,-38.5
France,FRA,1994,48.4
Gabon,GAB,1994,-1393.1
Georgia,GEO,1994,81.1
Germany,DEU,1994,58.1
Ghana,GHA,1994,18.5
Greece,GRC,1994,69.4
Guatemala,GTM,1994,33.7
Heavily indebted poor countries (HIPC),HPC,1994,-7.6
High income,HIC,1994,9.6
Honduras,HND,1994,39.3
"Hong Kong SAR, China",HKG,1994,137.0
Hungary,HUN,1994,47.1
IBRD only,IBD,1994,-18.4
IDA & IBRD total,IBT,1994,-19.6
IDA blend,IDB,1994,-53.5
IDA only,IDX,1994,-12.3
IDA total,IDA,1994,-33.9
India,IND,1994,14.0
Indonesia,IDN,1994,-85.7
"Iran, Islamic Rep.",IRN,1994,-138.0
Iraq,IRQ,1994,-17.7
Ireland,IRL,1994,67.4
Israel,ISR,1994,91.9
Italy,ITA,1994,83.1
Jamaica,JAM,1994,97.8
Japan,JPN,1994,84.8
Kazakhstan,KAZ,1994,-21.8
Kenya,KEN,1994,21.4
"Korea, Dem. People's Rep.",PRK,1994,8.7
"Korea, Rep.",KOR,1994,92.4
Kuwait,KWT,1994,-687.6
Kyrgyz Republic,KGZ,1994,48.0
Late-demographic dividend,LTE,1994,-22.4
Latin America & Caribbean,LCN,1994,-10.9
Latin America & Caribbean (excluding high income),LAC,1994,-15.0
Latin America & the Caribbean (IDA & IBRD countries),TLA,1994,-11.7
Latvia,LVA,1994,76.8
Least developed countries: UN classification,LDC,1994,-27.3
Libya,LBY,1994,-464.5
Lithuania,LTU,1994,66.0
Low & middle income,LMY,1994,-15.8
Low income,LIC,1994,-40.0
Lower middle income,LMC,1994,-8.4
Luxembourg,LUX,1994,103.4
Madagascar,MDG,1994,16.3
Malaysia,MYS,1994,-78.0
Mexico,MEX,1994,-48.4
"Middle East, North Africa, Afghanistan & Pakistan",MEA,1994,-211.1
"Middle East, North Africa, Afghanistan & Pakistan (IDA & IBRD)",TMN,1994,-110.4
"Middle East, North Africa, Afghanistan & Pakistan (excluding high income)",MNA,1994,-110.4
Middle income,MIC,1994,-15.2
Morocco,MAR,1994,87.5
Mozambique,MOZ,1994,6.4
Myanmar,MMR,1994,3.3
Namibia,NAM,1994,74.8
Nepal,NPL,1994,8.5
Netherlands,NLD,1994,26.4
New Zealand,NZL,1994,18.7
Nicaragua,NIC,1994,31.4
Nigeria,NGA,1994,-314.3
North America,NAC,1994,15.1
North Macedonia,MKD,1994,35.0
Norway,NOR,1994,-633.7
OECD members,OED,1994,27.0
Oman,OMN,1994,-663.4
Pakistan,PAK,1994,24.8
Panama,PAN,1994,178.0
Paraguay,PRY,1994,-48.7
Peru,PER,1994,4.3
Philippines,PHL,1994,49.7
Poland,POL,1994,0.1
Portugal,PRT,1994,85.7
Post-demographic dividend,PST,1994,31.5
Pre-demographic dividend,PRE,1994,-90.1
Qatar,QAT,1994,-261.5
Romania,ROU,1994,25.9
Russian Federation,RUS,1994,-47.8
Rwanda,RWA,1994,3.1
Saudi Arabia,SAU,1994,-444.9
Senegal,SEN,1994,59.7
Serbia,SRB,1994,9.6
Singapore,SGP,1994,161.6
Slovak Republic,SVK,1994,68.1
Slovenia,SVN,1994,49.2
Small states,SST,1994,-139.3
South Africa,ZAF,1994,-27.2
South Asia,SAS,1994,14.3
South Asia (IDA & IBRD),TSA,1994,14.3
Spain,ESP,1994,71.9
Sri Lanka,LKA,1994,36.3
Sub-Saharan Africa,SSF,1994,-64.8
Sub-Saharan Africa (IDA & IBRD countries),TSS,1994,-64.8
Sub-Saharan Africa (excluding high income),SSA,1994,-70.9
Sweden,SWE,1994,41.3
Switzerland,CHE,1994,56.7
Syrian Arab Republic,SYR,1994,-162.6
Tajikistan,TJK,1994,38.4
Tanzania,TZA,1994,7.1
Thailand,THA,1994,49.3
Trinidad and Tobago,TTO,1994,-99.5
Tunisia,TUN,1994,4.4
Turkiye,TUR,1994,56.2
Turkmenistan,TKM,1994,-145.2
Uganda,UGA,1994,3.0
Ukraine,UKR,1994,45.5
United Arab Emirates,ARE,1994,-360.3
United Kingdom,GBR,1994,-14.5
United States,USA,1994,22.0
Upper middle income,UMC,1994,-17.2
Uruguay,URY,1994,63.8
Uzbekistan,UZB,1994,0.2
Viet Nam,VNM,1994,-17.5
World,WLD,1994,0.8
"Yemen, Rep.",YEM,1994,-454.9
Zambia,ZMB,1994,7.6
Zimbabwe,ZWE,1994,14.1
Africa Eastern and Southern,AFE,1995,-23.4
Africa Western and Central,AFW,1995,-231.2
Albania,ALB,1995,6.6
Algeria,DZA,1995,-338.1
Angola,AGO,1995,-461.6
Arab World,ARB,1995,-294.5
Argentina,ARG,1995,-23.3
Australia,AUS,1995,-96.5
Austria,AUT,1995,67.7
Azerbaijan,AZE,1995,-15.2
Bahrain,BHR,1995,-129.2
Belarus,BLR,1995,87.1
Belgium,BEL,1995,88.1
Benin,BEN,1995,1.0
Bolivia,BOL,1995,-55.2
Bosnia and Herzegovina,BIH,1995,47.9
Brazil,BRA,1995,29.9
Brunei Darussalam,BRN,1995,-703.4
Bulgaria,BGR,1995,58.8
Cameroon,CMR,1995,-76.6
Canada,CAN,1995,-51.1
Caribbean small states,CSS,1995,-103.8
Central Europe and the Baltics,CEB,1995,27.1
Chile,CHL,1995,59.1
China,CHN,1995,-1.2
Colombia,COL,1995,-106.7
"Congo, Dem. Rep.",COD,1995,-5.4
"Congo, Rep.",COG,1995,-1148.3
Costa Rica,CRI,1995,70.0
Cote d'Ivoire,CIV,1995,20.9
Croatia,HRV,1995,36.0
Curacao,CUW,1995,240.6
Czechia,CZE,1995,20.6
Denmark,DNK,1995,37.5
Early-demographic dividend,EAR,1995,-60.3
East Asia & Pacific,EAS,1995,21.6
East Asia & Pacific (IDA & IBRD countries),TEA,1995,-5.9
East Asia & Pacific (excluding high income),EAP,1995,-5.7
Ecuador,ECU,1995,-177.3
"Egypt, Arab Rep.",EGY,1995,-60.1
El Salvador,SLV,1995,49.3
Equatorial Guinea,GNQ,1995,-72.0
Eritrea,ERI,1995,40.6
Estonia,EST,1995,33.6
Ethiopia,ETH,1995,4.6
Euro area,EMU,1995,62.0
Europe & Central Asia,ECS,1995,14.3
Europe & Central Asia (IDA & IBRD countries),TEC,1995,-13.8
Europe & Central Asia (excluding high income),ECA,1995,29.2
European Union,EUU,1995,54.0
Finland,FIN,1995,54.4
Fragile and conflict affected situations,FCS,1995,-37.4
France,FRA,1995,48.7
Gabon,GAB,1995,-1355.4
Georgia,GEO,1995,69.2
Germany,DEU,1995,58.1
Ghana,GHA,1995,17.8
Greece,GRC,1995,79.4
Guatemala,GTM,1995,32.7
Heavily indebted poor countries (HIPC),HPC,1995,-6.4
High income,HIC,1995,9.2
Honduras,HND,1995,43.0
"Hong Kong SAR, China",HKG,1995,144.1
Hungary,HUN,1995,48.1
IBRD only,IBD,1995,-17.4
IDA & IBRD total,IBT,1995,-18.9
IDA blend,IDB,1995,-58.0
IDA only,IDX,1995,-14.5
IDA total,IDA,1995,-37.7
India,IND,1995,15.4
Indonesia,IDN,1995,-72.8
"Iran, Islamic Rep.",IRN,1995,-133.6
Iraq,IRQ,1995,-19.8
Ireland,IRL,1995,72.6
Israel,ISR,1995,102.3
Italy,ITA,1995,84.3
Jamaica,JAM,1995,94.4
Japan,JPN,1995,82.9
Kazakhstan,KAZ,1995,-21.7
Kenya,KEN,1995,18.9
"Korea, Dem. People's Rep.",PRK,1995,8.9
"Korea, Rep.",KOR,1995,90.7
Kuwait,KWT,1995,-674.5
Kyrgyz Republic,KGZ,1995,52.7
Late-demographic dividend,LTE,1995,-21.7
Latin America & Caribbean,LCN,1995,-12.5
Latin America & Caribbean (excluding high income),LAC,1995,-17.1
Latin America & the Caribbean (IDA & IBRD countries),TLA,1995,-13.3
Latvia,LVA,1995,73.1
Least developed countries: UN classification,LDC,1995,-34.5
Libya,LBY,1995,-449.4
Lithuania,LTU,1995,63.9
Low & middle income,LMY,1995,-15.2
Low income,LIC,1995,-40.2
Lower middle income,LMC,1995,-8.2
Luxembourg,LUX,1995,103.6
Madagascar,MDG,1995,13.1
Malaysia,MYS,1995,-83.4
Mexico,MEX,1995,-52.2
"Middle East, North Africa, Afghanistan & Pakistan",MEA,1995,-207.8
"Middle East, North Africa, Afghanistan & Pakistan (IDA & IBRD)",TMN,1995,-109.3
"Middle East, North Africa, Afghanistan & Pakistan (excluding high income)",MNA,1995,-109.3
Middle income,MIC,1995,-14.5
Moldova,MDA,1995,99.5
Mongolia,MNG,1995,18.0
Morocco,MAR,1995,88.3
Mozambique,MOZ,1995,6.3
Myanmar,MMR,1995,5.6
Namibia,NAM,1995,71.0
Nepal,NPL,1995,9.1
Netherlands,NLD,1995,24.4
New Zealand,NZL,1995,20.3
Nicaragua,NIC,1995,38.6
Nigeria,NGA,1995,-318.8
North America,NAC,1995,13.6
North Macedonia,MKD,1995,41.8
Norway,NOR,1995,-680.5
OECD members,OED,1995,26.2
Oman,OMN,1995,-693.1
Pakistan,PAK,1995,24.4
Panama,PAN,1995,172.6
Paraguay,PRY,1995,-55.4
Peru,PER,1995,16.6
Philippines,PHL,1995,55.4
Poland,POL,1995,-0.2
Portugal,PRT,1995,90.0
Post-demographic dividend,PST,1995,30.7
Pre-demographic dividend,PRE,1995,-92.7
Qatar,QAT,1995,-251.8
Romania,ROU,1995,31.0
Russian Federation,RUS,1995,-49.5
Rwanda,RWA,1995,2.7
Saudi Arabia,SAU,1995,-448.5
Senegal,SEN,1995,49.7
Serbia,SRB,1995,10.5
Singapore,SGP,1995,171.9
Slovak Republic,SVK,1995,68.9
Slovenia,SVN,1995,50.9
Small states,SST,1995,-145.3
South Africa,ZAF,1995,-26.3
South Asia,SAS,1995,15.7
South Asia (IDA & IBRD),TSA,1995,15.7
Spain,ESP,1995,75.5
Sri Lanka,LKA,1995,40.2
Sub-Saharan Africa,SSF,1995,-64.6
Sub-Saharan Africa (IDA & IBRD countries),TSS,1995,-64.6
Sub-Saharan Africa (excluding high income),SSA,1995,-70.7
Sweden,SWE,1995,38.6
Switzerland,CHE,1995,57.4
Syrian Arab Republic,SYR,1995,-161.4
Tajikistan,TJK,1995,40.5
Tanzania,TZA,1995,9.5
Thailand,THA,1995,51.6
Trinidad and Tobago,TTO,1995,-103.8
Tunisia,TUN,1995,2.1
Turkiye,TUR,1995,59.7
Turkmenistan,TKM,1995,-138.3
Uganda,UGA,1995,3.8
Ukraine,UKR,1995,50.2
United Arab Emirates,ARE,1995,-345.7
United Kingdom,GBR,1995,-17.5
United States,USA,1995,21.0
Upper middle income,UMC,1995,-16.4
Uruguay,URY,1995,79.4
Uzbekistan,UZB,1995,-9.3
Viet Nam,VNM,1995,-21.5
World,WLD,1995,0.7
"Yemen, Rep.",YEM,1995,-400.2
Zambia,ZMB,1995,8.2
Zimbabwe,ZWE,1995,16.7
Africa Eastern and Southern,AFE,1996,-23.2
Africa Western and Central,AFW,1996,-237.1
Albania,ALB,1996,6.3
Algeria,DZA,1996,-377.4
Angola,AGO,1996,-493.9
Arab World,ARB,1996,-281.3
Argentina,ARG,1996,-28.3
Australia,AUS,1996,-91.1
Austria,AUT,1996,70.9
Azerbaijan,AZE,1996,-21.1
Bahrain,BHR,1996,-126.6
Belarus,BLR,1996,83.4
Belgium,BEL,1996,88.3
Benin,BEN,1996,11.5
Bolivia,BOL,1996,-42.7
Bosnia and Herzegovina,BIH,1996,38.7
Brazil,BRA,1996,32.0
Brunei Darussalam,BRN,1996,-679.1
Bulgaria,BGR,1996,57.4
Cameroon,CMR,1996,-77.3
Canada,CAN,1996,-50.4
Caribbean small states,CSS,1996,-69.8
Central Europe and the Baltics,CEB,1996,29.8
Chile,CHL,1996,64.2
China,CHN,1996,-1.1
Colombia,COL,1996,-125.5
"Congo, Dem. Rep.",COD,1996,-5.3
"Congo, Rep.",COG,1996,-1365.0
Costa Rica,CRI,1996,66.8
Cote d'Ivoire,CIV,1996,14.1
Croatia,HRV,1996,41.5
Curacao,CUW,1996,237.6
Cyprus,CYP,1996,116.4
Czechia,CZE,1996,24.2
Denmark,DNK,1996,24.3
Early-demographic dividend,EAR,1996,-67.3
East Asia & Pacific,EAS,1996,21.9
East Asia & Pacific (IDA & IBRD countries),TEA,1996,-5.8
East Asia & Pacific (excluding high income),EAP,1996,-5.6
Ecuador,ECU,1996,-160.4
"Egypt, Arab Rep.",EGY,1996,-46.3
El Salvador,SLV,1996,45.6
Equatorial Guinea,GNQ,1996,-405.5
Eritrea,ERI,1996,42.5
Estonia,EST,1996,30.9
Ethiopia,ETH,1996,4.8
Euro area,EMU,1996,62.3
Europe & Central Asia,ECS,1996,13.7
Europe & Central Asia (IDA & IBRD countries),TEC,1996,-15.8
Europe & Central Asia (excluding high income),ECA,1996,27.7
European Union,EUU,1996,54.6
Finland,FIN,1996,55.9
Fragile and conflict affected situations,FCS,1996,-82.3
France,FRA,1996,49.2
Gabon,GAB,1996,-1310.9
Georgia,GEO,1996,61.0
Germany,DEU,1996,60.0
Ghana,GHA,1996,20.0
Greece,GRC,1996,79.3
Guatemala,GTM,1996,26.8
Heavily indebted poor countries (HIPC),HPC,1996,-6.6
High income,HIC,1996,10.0
Honduras,HND,1996,42.3
"Hong Kong SAR, China",HKG,1996,148.2
Hungary,HUN,1996,51.6
IBRD only,IBD,1996,-21.8
IDA & IBRD total,IBT,1996,-23.1
IDA blend,IDB,1996,-61.9
IDA only,IDX,1996,-12.7
IDA total,IDA,1996,-39.1
India,IND,1996,17.0
Indonesia,IDN,1996,-73.7
"Iran, Islamic Rep.",IRN,1996,-139.6
Iraq,IRQ,1996,-24.9
Ireland,IRL,1996,74.1
Israel,ISR,1996,93.9
Italy,ITA,1996,84.1
Jamaica,JAM,1996,90.3
Japan,JPN,1996,82.6
Jordan,JOR,1996,102.3
Kazakhstan,KAZ,1996,-39.9
Kenya,KEN,1996,18.0
"Korea, Dem. People's Rep.",PRK,1996,7.7
"Korea, Rep.",KOR,1996,92.7
Kuwait,KWT,1996,-689.2
Kyrgyz Republic,KGZ,1996,57.0
Late-demographic dividend,LTE,1996,-21.9
Latin America & Caribbean,LCN,1996,-43.0
Latin America & Caribbean (excluding high income),LAC,1996,-18.7
Latin America & the Caribbean (IDA & IBRD countries),TLA,1996,-43.8
Latvia,LVA,1996,76.4
Least developed countries: UN classification,LDC,1996,-35.8
Libya,LBY,1996,-428.5
Lithuania,LTU,1996,53.0
Low & middle income,LMY,1996,-15.6
Low income,LIC,1996,-40.3
Lower middle income,LMC,1996,-7.2
Luxembourg,LUX,1996,105.8
Madagascar,MDG,1996,14.1
Malaysia,MYS,1996,-81.8
Mexico,MEX,1996,-55.9
"Middle East, North Africa, Afghanistan & Pakistan",MEA,1996,-202.5
"Middle East, North Africa, Afghanistan & Pakistan (IDA & IBRD)",TMN,1996,-106.7
"Middle East, North Africa, Afghanistan & Pakistan (excluding high income)",MNA,1996,-106.7
Middle income,MIC,1996,-15.0
Moldova,MDA,1996,94.6
Mongolia,MNG,1996,19.5
Morocco,MAR,1996,84.6
Mozambique,MOZ,1996,6.0
Myanmar,MMR,1996,5.7
Namibia,NAM,1996,75.8
Nepal,NPL,1996,9.3
Netherlands,NLD,1996,20.8
New Zealand,NZL,1996,18.0
Nicaragua,NIC,1996,40.8
Nigeria,NGA,1996,-328.6
North America,NAC,1996,14.7
North Macedonia,MKD,1996,44.0
Norway,NOR,1996,-799.9
OECD members,OED,1996,26.6
Oman,OMN,1996,-699.9
Other small states,OSS,1996,-113.0
Pakistan,PAK,1996,25.9
Panama,PAN,1996,172.3
Paraguay,PRY,1996,-61.0
Peru,PER,1996,15.6
Philippines,PHL,1996,55.9
Poland,POL,1996,5.4
Portugal,PRT,1996,84.8
Post-demographic dividend,PST,1996,31.2
Pre-demographic dividend,PRE,1996,-100.8
Qatar,QAT,1996,-261.2
Romania,ROU,1996,31.1
Russian Federation,RUS,1996,-53.0
Rwanda,RWA,1996,2.6
Saudi Arabia,SAU,1996,-418.3
Senegal,SEN,1996,53.7
Serbia,SRB,1996,25.0
Singapore,SGP,1996,182.1
Slovak Republic,SVK,1996,73.2
Slovenia,SVN,1996,55.4
Small states,SST,1996,-94.7
South Africa,ZAF,1996,-24.1
South Asia,SAS,1996,17.3
South Asia (IDA & IBRD),TSA,1996,17.3
Spain,ESP,1996,75.3
Sri Lanka,LKA,1996,41.5
Sub-Saharan Africa,SSF,1996,-66.9
Sub-Saharan Africa (IDA & IBRD countries),TSS,1996,-66.9
Sub-Saharan Africa (excluding high income),SSA,1996,-73.2
Sweden,SWE,1996,41.4
Switzerland,CHE,1996,61.4
Syrian Arab Republic,SYR,1996,-147.8
Tajikistan,TJK,1996,37.5
Tanzania,TZA,1996,8.8
Thailand,THA,1996,52.7
Trinidad and Tobago,TTO,1996,-69.8
Tunisia,TUN,1996,-0.5
Turkiye,TUR,1996,60.9
Turkmenistan,TKM,1996,-172.8
Uganda,UGA,1996,3.9
Ukraine,UKR,1996,51.1
United Arab Emirates,ARE,1996,-332.9
United Kingdom,GBR,1996,-15.4
United States,USA,1996,22.1
Upper middle income,UMC,1996,-17.3
Uruguay,URY,1996,74.0
Uzbekistan,UZB,1996,-11.1
"Venezuela, RB",VEN,1996,-322.4
Viet Nam,VNM,1996,-23.8
World,WLD,1996,-0.8
"Yemen, Rep.",YEM,1996,-395.2
Zambia,ZMB,1996,8.8
Zimbabwe,ZWE,1996,17.4
Africa Eastern and Southern,AFE,1997,-25.1
Africa Western and Central,AFW,1997,-246.2
Albania,ALB,1997,8.7
Algeria,DZA,1997,-403.7
Angola,AGO,1997,-515.6
Arab World,ARB,1997,-286.6
Argentina,ARG,1997,-31.3
Armenia,ARM,1997,71.5
Australia,AUS,1997,-100.7
Austria,AUT,1997,68.8
Azerbaijan,AZE,1997,-23.1
Bahrain,BHR,1997,-118.8
Belarus,BLR,1997,88.3
Belgium,BEL,1997,86.9
Benin,BEN,1997,16.3
Bolivia,BOL,1997,-27.7
Bosnia and Herzegovina,BIH,1997,21.8
Brazil,BRA,1997,31.1
Brunei Darussalam,BRN,1997,-635.3
Bulgaria,BGR,1997,51.7
Cameroon,CMR,1997,-82.9
Canada,CAN,1997,-50.5
Caribbean small states,CSS,1997,-65.8
Central Europe and the Baltics,CEB,1997,29.7
Chile,CHL,1997,64.6
China,CHN,1997,0.6
Colombia,COL,1997,-139.3
"Congo, Dem. Rep.",COD,1997,-5.1
"Congo, Rep.",COG,1997,-1633.9
Costa Rica,CRI,1997,65.0
Cote d'Ivoire,CIV,1997,11.1
Croatia,HRV,1997,43.9
Curacao,CUW,1997,176.3
Czechia,CZE,1997,24.1
Denmark,DNK,1997,17.4
Early-demographic dividend,EAR,1997,-54.6
East Asia & Pacific,EAS,1997,22.9
East Asia & Pacific (IDA & IBRD countries),TEA,1997,-4.2
East Asia & Pacific (excluding high income),EAP,1997,-4.0
Ecuador,ECU,1997,-144.8
"Egypt, Arab Rep.",EGY,1997,-38.2
El Salvador,SLV,1997,48.7
Equatorial Guinea,GNQ,1997,-1423.0
Eritrea,ERI,1997,33.0
Estonia,EST,1997,31.0
Eswatini,SWZ,1997,15.4
Ethiopia,ETH,1997,4.5
Euro area,EMU,1997,63.5
Europe & Central Asia,ECS,1997,13.8
Europe & Central Asia (IDA & IBRD countries),TEC,1997,-17.0
Europe & Central Asia (excluding high income),ECA,1997,28.2
European Union,EUU,1997,55.6
Finland,FIN,1997,57.2
Fragile and conflict affected situations,FCS,1997,-59.2
France,FRA,1997,49.9
Gabon,GAB,1997,-1309.5
Georgia,GEO,1997,61.0
Germany,DEU,1997,60.8
Ghana,GHA,1997,21.7
Greece,GRC,1997,78.0
Guatemala,GTM,1997,23.2
Heavily indebted poor countries (HIPC),HPC,1997,-7.6
High income,HIC,1997,10.6
Honduras,HND,1997,39.7
"Hong Kong SAR, China",HKG,1997,150.5
Hungary,HUN,1997,51.6
IBRD only,IBD,1997,-18.0
IDA & IBRD total,IBT,1997,-19.8
IDA blend,IDB,1997,-66.0
IDA only,IDX,1997,-12.3
IDA total,IDA,1997,-41.0
India,IND,1997,17.9
Indonesia,IDN,1997,-70.6
"Iran, Islamic Rep.",IRN,1997,-116.4
Iraq,IRQ,1997,-103.5
Ireland,IRL,1997,80.2
Israel,ISR,1997,100.1
Italy,ITA,1997,82.9
Jamaica,JAM,1997,95.7
Japan,JPN,1997,81.8
Jordan,JOR,1997,98.5
Kazakhstan,KAZ,1997,-65.4
Kenya,KEN,1997,21.2
"Korea, Dem. People's Rep.",PRK,1997,5.8
"Korea, Rep.",KOR,1997,93.4
Kuwait,KWT,1997,-679.8
Kyrgyz Republic,KGZ,1997,48.0
Late-demographic dividend,LTE,1997,-22.2
Latin America & Caribbean,LCN,1997,-13.4
Latin America & Caribbean (excluding high income),LAC,1997,-19.4
Latin America & the Caribbean (IDA & IBRD countries),TLA,1997,-14.3
Latvia,LVA,1997,61.6
Least developed countries: UN classification,LDC,1997,-36.5
Libya,LBY,1997,-427.4
Lithuania,LTU,1997,55.5
Low & middle income,LMY,1997,-16.0
Low income,LIC,1997,-40.6
Lower middle income,LMC,1997,-7.0
Luxembourg,LUX,1997,106.4
Madagascar,MDG,1997,15.0
Malaysia,MYS,1997,-64.2
Mexico,MEX,1997,-56.5
"Middle East, North Africa, Afghanistan & Pakistan",MEA,1997,-199.6
"Middle East, North Africa, Afghanistan & Pakistan (IDA & IBRD)",TMN,1997,-107.5
"Middle East, North Africa, Afghanistan & Pakistan (excluding high income)",MNA,1997,-107.5
Middle income,MIC,1997,-15.4
Moldova,MDA,1997,100.5
Mongolia,MNG,1997,20.5
Morocco,MAR,1997,89.3
Mozambique,MOZ,1997,6.3
Myanmar,MMR,1997,7.8
Namibia,NAM,1997,77.5
Nepal,NPL,1997,10.5
Netherlands,NLD,1997,31.2
New Zealand,NZL,1997,16.1
Nicaragua,NIC,1997,40.6
Nigeria,NGA,1997,-333.4
North America,NAC,1997,16.2
North Macedonia,MKD,1997,41.8
Norway,NOR,1997,-779.5
OECD members,OED,1997,27.2
Oman,OMN,1997,-664.8
Pakistan,PAK,1997,27.4
Panama,PAN,1997,184.8
Paraguay,PRY,1997,-61.2
Peru,PER,1997,21.7
Philippines,PHL,1997,58.0
Poland,POL,1997,6.6
Portugal,PRT,1997,88.2
Post-demographic dividend,PST,1997,31.8
Pre-demographic dividend,PRE,1997,-122.8
Qatar,QAT,1997,-286.2
Romania,ROU,1997,32.7
Russian Federation,RUS,1997,-56.4
Rwanda,RWA,1997,2.3
Saudi Arabia,SAU,1997,-433.4
Senegal,SEN,1997,54.0
Serbia,SRB,1997,27.1
Singapore,SGP,1997,191.3
Slovak Republic,SVK,1997,73.0
Slovenia,SVN,1997,55.4
Small states,SST,1997,-108.1
South Africa,ZAF,1997,-27.3
South Asia,SAS,1997,18.2
South Asia (IDA & IBRD),TSA,1997,18.2
Spain,ESP,1997,76.9
Sri Lanka,LKA,1997,42.0
Sub-Saharan Africa,SSF,1997,-71.1
Sub-Saharan Africa (IDA & IBRD countries),TSS,1997,-71.1
Sub-Saharan Africa (excluding high income),SSA,1997,-77.7
Sweden,SWE,1997,39.5
Switzerland,CHE,1997,59.7
Syrian Arab Republic,SYR,1997,-136.7
Tajikistan,TJK,1997,42.1
Tanzania,TZA,1997,8.4
Thailand,THA,1997,48.6
Trinidad and Tobago,TTO,1997,-65.8
Tunisia,TUN,1997,0.6
Turkiye,TUR,1997,60.7
Turkmenistan,TKM,1997,-63.1
Uganda,UGA,1997,3.8
Ukraine,UKR,1997,48.1
United Arab Emirates,ARE,1997,-333.1
United Kingdom,GBR,1997,-16.2
United States,USA,1997,23.7
Upper middle income,UMC,1997,-18.0
Uruguay,URY,1997,73.2
Uzbekistan,UZB,1997,-15.4
Viet Nam,VNM,1997,-24.6
World,WLD,1997,1.2
"Yemen, Rep.",YEM,1997,-388.0
Zambia,ZMB,1997,6.6
Zimbabwe,ZWE,1997,18.6
Africa Eastern and Southern,AFE,1998,-26.1
Africa Western and Central,AFW,1998,-226.8
Albania,ALB,1998,16.3
Algeria,DZA,1998,-407.9
Angola,AGO,1998,-547.8
Arab World,ARB,1998,-301.1
Argentina,ARG,1998,-30.2
Armenia,ARM,1998,71.6
Australia,AUS,1998,-107.4
Austria,AUT,1998,71.7
Azerbaijan,AZE,1998,-33.6
Bahrain,BHR,1998,-114.7
Belarus,BLR,1998,86.2
Belgium,BEL,1998,90.2
Benin,BEN,1998,17.0
Bolivia,BOL,1998,-26.2
Bosnia and Herzegovina,BIH,1998,24.3
Brazil,BRA,1998,28.4
Brunei Darussalam,BRN,1998,-628.2
Bulgaria,BGR,1998,50.5
Cameroon,CMR,1998,-86.7
Canada,CAN,1998,-52.1
Caribbean small states,CSS,1998,-69.1
Central Europe and the Baltics,CEB,1998,30.5
Chile,CHL,1998,69.5
China,CHN,1998,0.3
Colombia,COL,1998,-157.2
"Congo, Dem. Rep.",COD,1998,-4.6
"Congo, Rep.",COG,1998,-1777.7
Costa Rica,CRI,1998,72.5
Cote d'Ivoire,CIV,1998,11.3
Croatia,HRV,1998,46.6
Curacao,CUW,1998,169.2
Czechia,CZE,1998,25.1
Denmark,DNK,1998,6.2
Early-demographic dividend,EAR,1998,-63.1
East Asia & Pacific,EAS,1998,20.7
East Asia & Pacific (IDA & IBRD countries),TEA,1998,-5.4
East Asia & Pacific (excluding high income),EAP,1998,-5.3
Ecuador,ECU,1998,-137.9
"Egypt, Arab Rep.",EGY,1998,-30.3
El Salvador,SLV,1998,51.4
Equatorial Guinea,GNQ,1998,-1983.9
Estonia,EST,1998,38.4
Eswatini,SWZ,1998,16.8
Euro area,EMU,1998,65.6
Europe & Central Asia,ECS,1998,14.7
Europe & Central Asia (IDA & IBRD countries),TEC,1998,-18.9
Europe & Central Asia (excluding high income),ECA,1998,26.7
European Union,EUU,1998,57.6
Finland,FIN,1998,54.6
Fragile and conflict affected situations,FCS,1998,-122.1
France,FRA,1998,52.2
Gabon,GAB,1998,-1158.6
Georgia,GEO,1998,59.6
Germany,DEU,1998,62.5
Ghana,GHA,1998,28.0
Greece,GRC,1998,81.4
Guatemala,GTM,1998,27.3
High income,HIC,1998,10.7
Honduras,HND,1998,42.9
"Hong Kong SAR, China",HKG,1998,144.3
Hungary,HUN,1998,55.0
IBRD only,IBD,1998,-24.5
IDA & IBRD total,IBT,1998,-25.6
IDA blend,IDB,1998,-57.5
IDA total,IDA,1998,-39.3
India,IND,1998,19.3
Indonesia,IDN,1998,-76.5
"Iran, Islamic Rep.",IRN,1998,-115.4
Iraq,IRQ,1998,-283.9
Ireland,IRL,1998,84.4
Israel,ISR,1998,105.6
Italy,ITA,1998,84.2
Jamaica,JAM,1998,94.5
Japan,JPN,1998,80.3
Jordan,JOR,1998,102.4
Kazakhstan,KAZ,1998,-64.1
Kenya,KEN,1998,24.2
"Korea, Dem. People's Rep.",PRK,1998,8.0
"Korea, Rep.",KOR,1998,89.4
Kuwait,KWT,1998,-597.3
Kyrgyz Republic,KGZ,1998,61.6
Late-demographic dividend,LTE,1998,-24.2
Latin America & Caribbean,LCN,1998,-43.2
Latin America & Caribbean (excluding high income),LAC,1998,-19.8
Latin America & the Caribbean (IDA & IBRD countries),TLA,1998,-44.2
Latvia,LVA,1998,61.3
Libya,LBY,1998,-429.5
Lithuania,LTU,1998,49.9
Low & middle income,LMY,1998,-17.6
Low income,LIC,1998,-41.6
Lower middle income,LMC,1998,-4.2
Luxembourg,LUX,1998,108.8
Madagascar,MDG,1998,16.4
Malaysia,MYS,1998,-73.6
Mexico,MEX,1998,-52.5
"Middle East, North Africa, Afghanistan & Pakistan",MEA,1998,-208.5
"Middle East, North Africa, Afghanistan & Pakistan (IDA & IBRD)",TMN,1998,-122.0
"Middle East, North Africa, Afghanistan & Pakistan (excluding high income)",MNA,1998,-122.0
Middle income,MIC,1998,-17.1
Mongolia,MNG,1998,20.6
Morocco,MAR,1998,89.3
Mozambique,MOZ,1998,1.3
Myanmar,MMR,1998,2.3
Namibia,NAM,1998,74.9
Nepal,NPL,1998,10.8
Netherlands,NLD,1998,34.7
New Zealand,NZL,1998,21.5
Nicaragua,NIC,1998,46.7
Nigeria,NGA,1998,-302.1
North America,NAC,1998,17.4
North Macedonia,MKD,1998,42.9
Norway,NOR,1998,-716.3
OECD members,OED,1998,27.8
Oman,OMN,1998,-662.6
Pakistan,PAK,1998,27.0
Panama,PAN,1998,176.7
Paraguay,PRY,1998,-58.3
Peru,PER,1998,20.6
Philippines,PHL,1998,55.5
Poland,POL,1998,8.5
Portugal,PRT,1998,87.8
Post-demographic dividend,PST,1998,32.2
Pre-demographic dividend,PRE,1998,-153.8
Qatar,QAT,1998,-342.0
Romania,ROU,1998,29.0
Russian Federation,RUS,1998,-58.9
Rwanda,RWA,1998,4.2
Saudi Arabia,SAU,1998,-416.6
Senegal,SEN,1998,59.7
Serbia,SRB,1998,24.7
Singapore,SGP,1998,196.6
Slovak Republic,SVK,1998,70.7
Slovenia,SVN,1998,52.4
Small states,SST,1998,-108.1
South Africa,ZAF,1998,-21.3
South Asia,SAS,1998,19.6
South Asia (IDA & IBRD),TSA,1998,19.6
Spain,ESP,1998,80.0
Sri Lanka,LKA,1998,42.6
Sub-Saharan Africa,SSF,1998,-71.8
Sub-Saharan Africa (IDA & IBRD countries),TSS,1998,-71.8
Sub-Saharan Africa (excluding high income),SSA,1998,-71.8
Sweden,SWE,1998,39.0
Switzerland,CHE,1998,61.2
Syrian Arab Republic,SYR,1998,-118.4
Tajikistan,TJK,1998,43.9
Tanzania,TZA,1998,7.1
Thailand,THA,1998,44.9
Trinidad and Tobago,TTO,1998,-69.1
Tunisia,TUN,1998,-0.9
Turkiye,TUR,1998,60.6
Turkmenistan,TKM,1998,-42.2
Uganda,UGA,1998,4.4
Ukraine,UKR,1998,45.2
United Arab Emirates,ARE,1998,-333.8
United Kingdom,GBR,1998,-17.3
United States,USA,1998,25.2
Upper middle income,UMC,1998,-21.2
Uruguay,URY,1998,66.3
Uzbekistan,UZB,1998,-9.9
"Venezuela, RB",VEN,1998,-331.6
Viet Nam,VNM,1998,-29.3
World,WLD,1998,-1.2
"Yemen, Rep.",YEM,1998,-365.4
Zambia,ZMB,1998,8.7
Zimbabwe,ZWE,1998,18.5
Africa Eastern and Southern,AFE,1999,-27.8
Africa Western and Central,AFW,1999,-217.2
Albania,ALB,1999,42.0
Algeria,DZA,1999,-411.9
Angola,AGO,1999,-522.0
Arab World,ARB,1999,-281.0
Argentina,ARG,1999,-30.4
Armenia,ARM,1999,65.3
Australia,AUS,1999,-103.5
Austria,AUT,1999,66.6
Azerbaijan,AZE,1999,-72.3
Bahrain,BHR,1999,-106.2
Belarus,BLR,1999,84.3
Belgium,BEL,1999,85.1
Benin,BEN,1999,23.3
Bolivia,BOL,1999,-18.3
Bosnia and Herzegovina,BIH,1999,22.4
Brazil,BRA,1999,25.5
Brunei Darussalam,BRN,1999,-674.5
Bulgaria,BGR,1999,48.7
Cameroon,CMR,1999,-80.5
Canada,CAN,1999,-49.9
Caribbean small states,CSS,1999,-68.9
Central Europe and the Baltics,CEB,1999,29.6
Chile,CHL,1999,71.3
China,CHN,1999,1.3
Colombia,COL,1999,-195.4
"Congo, Dem. Rep.",COD,1999,-5.9
"Congo, Rep.",COG,1999,-1939.3
Costa Rica,CRI,1999,71.2
Cote d'Ivoire,CIV,1999,17.1
Croatia,HRV,1999,49.5
Curacao,CUW,1999,196.1
Czechia,CZE,1999,25.1
Denmark,DNK,1999,-18.8
Early-demographic dividend,EAR,1999,-56.3
East Asia & Pacific,EAS,1999,21.8
East Asia & Pacific (IDA & IBRD countries),TEA,1999,-4.7
East Asia & Pacific (excluding high income),EAP,1999,-4.6
Ecuador,ECU,1999,-157.4
"Egypt, Arab Rep.",EGY,1999,-31.3
El Salvador,SLV,1999,48.5
Equatorial Guinea,GNQ,1999,-2205.8
Estonia,EST,1999,36.2
Eswatini,SWZ,1999,12.8
Euro area,EMU,1999,65.5
Europe & Central Asia,ECS,1999,12.7
Europe & Central Asia (IDA & IBRD countries),TEC,1999,-21.6
Europe & Central Asia (excluding high income),ECA,1999,21.4
European Union,EUU,1999,57.3
Finland,FIN,1999,52.0
Fragile and conflict affected situations,FCS,1999,-117.7
France,FRA,1999,52.7
Gabon,GAB,1999,-1059.8
Georgia,GEO,1999,57.2
Germany,DEU,1999,60.8
Ghana,GHA,1999,28.6
Greece,GRC,1999,75.9
Guatemala,GTM,1999,24.5
Heavily indebted poor countries (HIPC),HPC,1999,-10.0
High income,HIC,1999,11.8
Honduras,HND,1999,49.7
"Hong Kong SAR, China",HKG,1999,141.5
Hungary,HUN,1999,53.8
IBRD only,IBD,1999,-24.3
IDA & IBRD total,IBT,1999,-25.3
IDA blend,IDB,1999,-55.2
IDA only,IDX,1999,-15.2
IDA total,IDA,1999,-37.6
India,IND,1999,21.3
Indonesia,IDN,1999,-74.5
"Iran, Islamic Rep.",IRN,1999,-97.0
Iraq,IRQ,1999,-476.9
Ireland,IRL,1999,88.8
Israel,ISR,1999,99.7
Italy,ITA,1999,85.0
Jamaica,JAM,1999,94.4
Japan,JPN,1999,81.1
Jordan,JOR,1999,100.4
Kazakhstan,KAZ,1999,-86.4
Kenya,KEN,1999,24.7
"Korea, Dem. People's Rep.",PRK,1999,4.2
"Korea, Rep.",KOR,1999,88.4
Kuwait,KWT,1999,-497.2
Kyrgyz Republic,KGZ,1999,46.0
Late-demographic dividend,LTE,1999,-24.2
Latin America & Caribbean,LCN,1999,-38.8
Latin America & Caribbean (excluding high income),LAC,1999,-20.4
Latin America & the Caribbean (IDA & IBRD countries),TLA,1999,-39.7
Latvia,LVA,1999,56.4
Libya,LBY,1999,-382.3
Lithuania,LTU,1999,53.5
Low & middle income,LMY,1999,-18.1
Low income,LIC,1999,-37.2
Lower middle income,LMC,1999,-3.0
Luxembourg,LUX,1999,107.4
Madagascar,MDG,1999,15.4
Malaysia,MYS,1999,-68.0
Mexico,MEX,1999,-46.8
"Middle East, North Africa, Afghanistan & Pakistan",MEA,1999,-195.8
"Middle East, North Africa, Afghanistan & Pakistan (IDA & IBRD)",TMN,1999,-122.0
"Middle East, North Africa, Afghanistan & Pakistan (excluding high income)",MNA,1999,-122.0
Middle income,MIC,1999,-17.6
Mongolia,MNG,1999,19.4
Morocco,MAR,1999,88.0
Mozambique,MOZ,1999,-2.1
Myanmar,MMR,1999,-9.3
Namibia,NAM,1999,73.3
Nepal,NPL,1999,13.3
Netherlands,NLD,1999,37.6
New Zealand,NZL,1999,19.8
Nicaragua,NIC,1999,45.4
Nigeria,NGA,1999,-297.5
North America,NAC,1999,18.3
North Macedonia,MKD,1999,36.8
Norway,NOR,1999,-691.6
OECD members,OED,1999,28.0
Oman,OMN,1999,-662.0
Pakistan,PAK,1999,27.2
Panama,PAN,1999,174.0
Paraguay,PRY,1999,-64.5
Peru,PER,1999,17.1
Philippines,PHL,1999,51.9
Poland,POL,1999,10.0
Portugal,PRT,1999,92.2
Post-demographic dividend,PST,1999,32.3
Pre-demographic dividend,PRE,1999,-160.1
Qatar,QAT,1999,-388.7
Romania,ROU,1999,21.2
Russian Federation,RUS,1999,-57.8
Rwanda,RWA,1999,4.2
Saudi Arabia,SAU,1999,-368.9
Senegal,SEN,1999,61.3
Serbia,SRB,1999,14.2
Singapore,SGP,1999,217.7
Slovak Republic,SVK,1999,66.1
Slovenia,SVN,1999,55.9
Small states,SST,1999,-116.5
South Africa,ZAF,1999,-27.8
South Asia,SAS,1999,21.6
South Asia (IDA & IBRD),TSA,1999,21.6
Spain,ESP,1999,82.1
Sri Lanka,LKA,1999,42.7
Sub-Saharan Africa,SSF,1999,-70.1
Sub-Saharan Africa (IDA & IBRD countries),TSS,1999,-70.1
Sub-Saharan Africa (excluding high income),SSA,1999,-70.1
Sudan,SDN,1999,-2.8
Sweden,SWE,1999,36.3
Switzerland,CHE,1999,55.9
Syrian Arab Republic,SYR,1999,-124.4
Tajikistan,TJK,1999,38.5
Tanzania,TZA,1999,5.9
Thailand,THA,1999,45.0
Trinidad and Tobago,TTO,1999,-68.9
Tunisia,TUN,1999,8.5
Turkiye,TUR,1999,61.4
Turkmenistan,TKM,1999,-75.3
Uganda,UGA,1999,4.5
Ukraine,UKR,1999,44.3
United Arab Emirates,ARE,1999,-307.2
United Kingdom,GBR,1999,-21.7
United States,USA,1999,25.9
Upper middle income,UMC,1999,-22.4
Uruguay,URY,1999,81.7
Uzbekistan,UZB,1999,-8.5
"Venezuela, RB",VEN,1999,-262.3
Viet Nam,VNM,1999,-36.8
World,WLD,1999,-0.5
"Yemen, Rep.",YEM,1999,-337.8
Zambia,ZMB,1999,6.4
Zimbabwe,ZWE,1999,16.9
Africa Eastern and Southern,AFE,2000,-36.0
Africa Western and Central,AFW,2000,-226.6
Albania,ALB,2000,46.5
Algeria,DZA,2000,-425.8
Angola,AGO,2000,-546.6
Arab World,ARB,2000,-287.1
Argentina,ARG,2000,-33.8
Armenia,ARM,2000,71.2
Australia,AUS,2000,-117.6
Austria,AUT,2000,66.9
Azerbaijan,AZE,2000,-65.9
Bahrain,BHR,2000,-97.8
Bangladesh,BGD,2000,17.7
Belarus,BLR,2000,85.5
Belgium,BEL,2000,87.2
Benin,BEN,2000,28.1
Bolivia,BOL,2000,-49.7
Bosnia and Herzegovina,BIH,2000,29.0
Brazil,BRA,2000,23.6
Brunei Darussalam,BRN,2000,-725.7
Bulgaria,BGR,2000,46.9
Cameroon,CMR,2000,-75.2
Canada,CAN,2000,-50.6
Caribbean small states,CSS,2000,-81.5
Central Europe and the Baltics,CEB,2000,29.7
Chad,TCD,2000,3.2
Chile,CHL,2000,70.5
China,CHN,2000,2.5
Colombia,COL,2000,-183.1
"Congo, Dem. Rep.",COD,2000,-6.8
"Congo, Rep.",COG,2000,-1931.3
Costa Rica,CRI,2000,61.4
Cote d'Ivoire,CIV,2000,14.6
Croatia,HRV,2000,48.9
Curacao,CUW,2000,197.3
Czechia,CZE,2000,22.8
Denmark,DNK,2000,-40.1
Early-demographic dividend,EAR,2000,-57.0
East Asia & Pacific,EAS,2000,23.0
East Asia & Pacific (IDA & IBRD countries),TEA,2000,-2.5
East Asia & Pacific (excluding high income),EAP,2000,-2.4
Ecuador,ECU,2000,-169.1
"Egypt, Arab Rep.",EGY,2000,-23.2
El Salvador,SLV,2000,59.9
Equatorial Guinea,GNQ,2000,-2382.9
Estonia,EST,2000,34.7
Eswatini,SWZ,2000,14.6
Euro area,EMU,2000,67.1
Europe & Central Asia,ECS,2000,12.4
Europe & Central Asia (IDA & IBRD countries),TEC,2000,-23.1
Europe & Central Asia (excluding high income),ECA,2000,14.4
European Union,EUU,2000,58.7
Finland,FIN,2000,57.1
Fragile and conflict affected situations,FCS,2000,-124.8
France,FRA,2000,52.7
Gabon,GAB,2000,-917.5
Georgia,GEO,2000,54.3
Germany,DEU,2000,61.1
Ghana,GHA,2000,32.0
Greece,GRC,2000,80.2
Guatemala,GTM,2000,26.9
High income,HIC,2000,11.7
Honduras,HND,2000,50.3
"Hong Kong SAR, China",HKG,2000,140.8
Hungary,HUN,2000,55.5
IBRD only,IBD,2000,-24.2
IDA & IBRD total,IBT,2000,-25.5
IDA blend,IDB,2000,-60.6
IDA only,IDX,2000,-17.8
IDA total,IDA,2000,-41.2
India,IND,2000,21.9
Indonesia,IDN,2000,-64.2
"Iran, Islamic Rep.",IRN,2000,-105.9
Iraq,IRQ,2000,-403.3
Ireland,IRL,2000,89.3
Israel,ISR,2000,99.6
Italy,ITA,2000,88.9
Jamaica,JAM,2000,103.3
Japan,JPN,2000,82.8
Jordan,JOR,2000,98.0
Kazakhstan,KAZ,2000,-120.1
Kenya,KEN,2000,25.7
"Korea, Dem. People's Rep.",PRK,2000,4.9
"Korea, Rep.",KOR,2000,88.9
Kuwait,KWT,2000,-513.2
Kyrgyz Republic,KGZ,2000,40.6
Lao PDR,LAO,2000,2.4
Late-demographic dividend,LTE,2000,-24.6
Latin America & Caribbean,LCN,2000,-41.0
Latin America & Caribbean (excluding high income),LAC,2000,-21.3
Latin America & the Caribbean (IDA & IBRD countries),TLA,2000,-41.9
Latvia,LVA,2000,61.5
Least developed countries: UN classification,LDC,2000,-49.0
Libya,LBY,2000,-378.5
Lithuania,LTU,2000,59.1
Low & middle income,LMY,2000,-18.3
Low income,LIC,2000,-42.9
Lower middle income,LMC,2000,-3.2
Luxembourg,LUX,2000,109.1
Madagascar,MDG,2000,15.9
Malaysia,MYS,2000,-56.7
Mexico,MEX,2000,-47.6
"Middle East, North Africa, Afghanistan & Pakistan",MEA,2000,-201.8
"Middle East, North Africa, Afghanistan & Pakistan (IDA & IBRD)",TMN,2000,-124.3
"Middle East, North Africa, Afghanistan & Pakistan (excluding high income)",MNA,2000,-124.3
Middle income,MIC,2000,-17.6
Mongolia,MNG,2000,20.2
Morocco,MAR,2000,90.1
Mozambique,MOZ,2000,-0.3
Myanmar,MMR,2000,-20.5
Namibia,NAM,2000,68.7
Nepal,NPL,2000,12.7
Netherlands,NLD,2000,46.5
New Zealand,NZL,2000,19.5
Nicaragua,NIC,2000,46.1
Nigeria,NGA,2000,-317.9
North America,NAC,2000,19.0
North Macedonia,MKD,2000,41.2
Norway,NOR,2000,-765.5
OECD members,OED,2000,28.7
Oman,OMN,2000,-700.2
Pakistan,PAK,2000,27.1
Panama,PAN,2000,188.8
Paraguay,PRY,2000,-75.7
Peru,PER,2000,25.0
Philippines,PHL,2000,51.7
Poland,POL,2000,10.8
Portugal,PRT,2000,89.7
Post-demographic dividend,PST,2000,32.7
Pre-demographic dividend,PRE,2000,-177.8
Qatar,QAT,2000,-461.0
Romania,ROU,2000,21.7
Russian Federation,RUS,2000,-56.4
Rwanda,RWA,2000,6.9
Saudi Arabia,SAU,2000,-348.2
Senegal,SEN,2000,63.8
Serbia,SRB,2000,13.9
Singapore,SGP,2000,218.7
Slovak Republic,SVK,2000,65.0
Slovenia,SVN,2000,51.8
Small states,SST,2000,-129.5
South Africa,ZAF,2000,-29.5
South Asia,SAS,2000,22.0
South Asia (IDA & IBRD),TSA,2000,22.0
Spain,ESP,2000,82.1
Sri Lanka,LKA,2000,45.9
Sub-Saharan Africa,SSF,2000,-82.9
Sub-Saharan Africa (IDA & IBRD countries),TSS,2000,-82.9
Sub-Saharan Africa (excluding high income),SSA,2000,-82.9
Sudan,SDN,2000,-49.2
Suriname,SUR,2000,-17.5
Sweden,SWE,2000,40.5
Switzerland,CHE,2000,56.7
Syrian Arab Republic,SYR,2000,-115.3
Tajikistan,TJK,2000,41.3
Thailand,THA,2000,44.1
Trinidad and Tobago,TTO,2000,-85.4
Tunisia,TUN,2000,11.1
Turkiye,TUR,2000,66.4
Turkmenistan,TKM,2000,-206.7
Uganda,UGA,2000,4.9
Ukraine,UKR,2000,43.1
United Arab Emirates,ARE,2000,-362.5
United Kingdom,GBR,2000,-18.1
United States,USA,2000,26.7
Upper middle income,UMC,2000,-22.4
Uruguay,URY,2000,74.3
Uzbekistan,UZB,2000,-9.1
"Venezuela, RB",VEN,2000,-270.2
Viet Nam,VNM,2000,-34.0
World,WLD,2000,-0.7
"Yemen, Rep.",YEM,2000,-359.6
Zambia,ZMB,2000,6.8
Zimbabwe,ZWE,2000,21.0
Africa Eastern and Southern,AFE,2001,-36.6
Africa Western and Central,AFW,2001,-226.3
Albania,ALB,2001,53.2
Algeria,DZA,2001,-406.4
Angola,AGO,2001,-487.0
Arab World,ARB,2001,-255.8
Argentina,ARG,2001,-44.5
Armenia,ARM,2001,72.6
Australia,AUS,2001,-126.5
Austria,AUT,2001,66.3
Azerbaijan,AZE,2001,-68.9
Bahrain,BHR,2001,-97.4
Bangladesh,BGD,2001,21.1
Belarus,BLR,2001,84.9
Belgium,BEL,2001,89.8
Benin,BEN,2001,29.9
Bolivia,BOL,2001,-82.4
Bosnia and Herzegovina,BIH,2001,27.6
Brazil,BRA,2001,21.1
Brunei Darussalam,BRN,2001,-790.4
Bulgaria,BGR,2001,46.7
Cameroon,CMR,2001,-66.0
Canada,CAN,2001,-51.8
Caribbean small states,CSS,2001,-70.7
Central Europe and the Baltics,CEB,2001,30.1
Chad,TCD,2001,3.7
Chile,CHL,2001,67.8
China,CHN,2001,0.1
Colombia,COL,2001,-176.9
"Congo, Dem. Rep.",COD,2001,-7.0
"Congo, Rep.",COG,2001,-1590.6
Costa Rica,CRI,2001,65.3
Cote d'Ivoire,CIV,2001,11.6
Croatia,HRV,2001,47.1
Curacao,CUW,2001,193.5
Czechia,CZE,2001,25.1
Denmark,DNK,2001,-31.5
Early-demographic dividend,EAR,2001,-55.8
East Asia & Pacific,EAS,2001,20.9
East Asia & Pacific (IDA & IBRD countries),TEA,2001,-4.2
East Asia & Pacific (excluding high income),EAP,2001,-4.0
Ecuador,ECU,2001,-155.4
"Egypt, Arab Rep.",EGY,2001,-17.8
El Salvador,SLV,2001,56.7
Equatorial Guinea,GNQ,2001,-3300.1
Estonia,EST,2001,34.4
Eswatini,SWZ,2001,18.6
Euro area,EMU,2001,66.2
Europe & Central Asia,ECS,2001,12.3
Europe & Central Asia (IDA & IBRD countries),TEC,2001,-25.7
Europe & Central Asia (excluding high income),ECA,2001,11.7
European Union,EUU,2001,58.1
Finland,FIN,2001,56.8
Fragile and conflict affected situations,FCS,2001,-126.1
France,FRA,2001,51.6
Gabon,GAB,2001,-794.0
Georgia,GEO,2001,50.4
Germany,DEU,2001,62.5
Ghana,GHA,2001,34.2
Greece,GRC,2001,78.8
Guatemala,GTM,2001,29.0
High income,HIC,2001,12.6
Honduras,HND,2001,53.8
"Hong Kong SAR, China",HKG,2001,149.6
Hungary,HUN,2001,53.8
IBRD only,IBD,2001,-24.9
IDA & IBRD total,IBT,2001,-26.3
IDA blend,IDB,2001,-62.3
IDA only,IDX,2001,-19.2
IDA total,IDA,2001,-42.7
India,IND,2001,21.6
Indonesia,IDN,2001,-63.4
"Iran, Islamic Rep.",IRN,2001,-87.1
Iraq,IRQ,2001,-344.9
Ireland,IRL,2001,94.8
Israel,ISR,2001,100.8
Italy,ITA,2001,85.4
Jamaica,JAM,2001,99.4
Japan,JPN,2001,81.2
Jordan,JOR,2001,101.0
Kazakhstan,KAZ,2001,-134.3
Kenya,KEN,2001,22.6
"Korea, Dem. People's Rep.",PRK,2001,5.9
"Korea, Rep.",KOR,2001,87.9
Kuwait,KWT,2001,-462.6
Kyrgyz Republic,KGZ,2001,38.2
Lao PDR,LAO,2001,3.4
Late-demographic dividend,LTE,2001,-25.4
Latin America & Caribbean,LCN,2001,-44.1
Latin America & Caribbean (excluding high income),LAC,2001,-23.2
Latin America & the Caribbean (IDA & IBRD countries),TLA,2001,-45.0
Latvia,LVA,2001,62.5
Least developed countries: UN classification,LDC,2001,-44.4
Libya,LBY,2001,-351.6
Lithuania,LTU,2001,46.8
Low & middle income,LMY,2001,-18.7
Low income,LIC,2001,-45.3
Lower middle income,LMC,2001,-3.2
Luxembourg,LUX,2001,106.9
Madagascar,MDG,2001,15.3
Malaysia,MYS,2001,-52.0
Mexico,MEX,2001,-47.6
"Middle East, North Africa, Afghanistan & Pakistan",MEA,2001,-179.1
"Middle East, North Africa, Afghanistan & Pakistan (IDA & IBRD)",TMN,2001,-109.6
"Middle East, North Africa, Afghanistan & Pakistan (excluding high income)",MNA,2001,-109.6
Middle income,MIC,2001,-18.0
Mongolia,MNG,2001,20.0
Morocco,MAR,2001,94.8
Mozambique,MOZ,2001,0.9
Myanmar,MMR,2001,-26.1
Namibia,NAM,2001,72.8
Nepal,NPL,2001,12.9
Netherlands,NLD,2001,42.0
New Zealand,NZL,2001,19.1
Nicaragua,NIC,2001,50.3
Nigeria,NGA,2001,-314.4
North America,NAC,2001,20.8
North Macedonia,MKD,2001,39.1
Norway,NOR,2001,-747.4
OECD members,OED,2001,29.5
Oman,OMN,2001,-744.5
Pakistan,PAK,2001,25.2
Panama,PAN,2001,185.5
Paraguay,PRY,2001,-56.2
Peru,PER,2001,20.6
Philippines,PHL,2001,55.6
Poland,POL,2001,10.5
Portugal,PRT,2001,88.8
Post-demographic dividend,PST,2001,33.8
Pre-demographic dividend,PRE,2001,-169.6
Qatar,QAT,2001,-429.0
Romania,ROU,2001,26.3
Russian Federation,RUS,2001,-59.1
Rwanda,RWA,2001,6.9
Saudi Arabia,SAU,2001,-325.8
Senegal,SEN,2001,65.8
Serbia,SRB,2001,23.5
Singapore,SGP,2001,208.7
Slovak Republic,SVK,2001,62.3
Slovenia,SVN,2001,48.8
Small states,SST,2001,-120.2
South Africa,ZAF,2001,-32.8
South Asia,SAS,2001,21.8
South Asia (IDA & IBRD),TSA,2001,21.8
Spain,ESP,2001,80.3
Sri Lanka,LKA,2001,44.5
Sub-Saharan Africa,SSF,2001,-84.8
Sub-Saharan Africa (IDA & IBRD countries),TSS,2001,-84.8
Sub-Saharan Africa (excluding high income),SSA,2001,-84.8
Sudan,SDN,2001,-56.0
Suriname,SUR,2001,-16.3
Sweden,SWE,2001,38.0
Switzerland,CHE,2001,57.9
Syrian Arab Republic,SYR,2001,-133.4
Tajikistan,TJK,2001,39.5
Thailand,THA,2001,46.6
Trinidad and Tobago,TTO,2001,-74.0
Tunisia,TUN,2001,21.4
Turkiye,TUR,2001,65.4
Turkmenistan,TKM,2001,-273.2
Uganda,UGA,2001,5.0
Ukraine,UKR,2001,43.3
United Arab Emirates,ARE,2001,-237.2
United Kingdom,GBR,2001,-10.1
United States,USA,2001,28.9
Upper middle income,UMC,2001,-22.9
Uruguay,URY,2001,68.0
Uzbekistan,UZB,2001,-9.0
"Venezuela, RB",VEN,2001,-304.8
Viet Nam,VNM,2001,-35.9
World,WLD,2001,-0.5
"Yemen, Rep.",YEM,2001,-314.8
Zambia,ZMB,2001,6.9
Zimbabwe,ZWE,2001,19.6
Africa Eastern and Southern,AFE,2002,-43.4
Africa Western and Central,AFW,2002,-194.6
Albania,ALB,2002,54.0
Algeria,DZA,2002,-391.6
Angola,AGO,2002,-575.5
Arab World,ARB,2002,-228.6
Argentina,ARG,2002,-44.6
Armenia,ARM,2002,63.0
Australia,AUS,2002,-130.6
Austria,AUT,2002,69.2
Azerbaijan,AZE,2002,-71.9
Bahrain,BHR,2002,-94.2
Bangladesh,BGD,2002,19.7
Belarus,BLR,2002,84.3
Belgium,BEL,2002,88.6
Benin,BEN,2002,32.0
Bolivia,BOL,2002,-73.5
Bosnia and Herzegovina,BIH,2002,24.7
Brazil,BRA,2002,15.7
Brunei Darussalam,BRN,2002,-833.8
Bulgaria,BGR,2002,47.4
Cameroon,CMR,2002,-65.5
Canada,CAN,2002,-54.8
Caribbean small states,CSS,2002,-84.7
Central Europe and the Baltics,CEB,2002,31.0
Chad,TCD,2002,4.5
Chile,CHL,2002,69.1
China,CHN,2002,1.6
Colombia,COL,2002,-171.4
"Congo, Dem. Rep.",COD,2002,-6.3
"Congo, Rep.",COG,2002,-1524.7
Costa Rica,CRI,2002,64.2
Cote d'Ivoire,CIV,2002,9.2
Croatia,HRV,2002,55.0
Curacao,CUW,2002,195.5
Czechia,CZE,2002,26.3
Denmark,DNK,2002,-46.0
Early-demographic dividend,EAR,2002,-50.7
East Asia & Pacific,EAS,2002,21.1
East Asia & Pacific (IDA & IBRD countries),TEA,2002,-3.0
East Asia & Pacific (excluding high income),EAP,2002,-2.9
Ecuador,ECU,2002,-131.0
"Egypt, Arab Rep.",EGY,2002,-19.3
El Salvador,SLV,2002,56.0
Equatorial Guinea,GNQ,2002,-2747.5
Estonia,EST,2002,32.9
Eswatini,SWZ,2002,12.1
Euro area,EMU,2002,66.9
Europe & Central Asia,ECS,2002,10.6
Europe & Central Asia (IDA & IBRD countries),TEC,2002,-28.9
Europe & Central Asia (excluding high income),ECA,2002,11.6
European Union,EUU,2002,58.6
Finland,FIN,2002,53.7
Fragile and conflict affected situations,FCS,2002,-105.5
France,FRA,2002,52.0
Gabon,GAB,2002,-645.0
Georgia,GEO,2002,47.2
Germany,DEU,2002,61.8
Ghana,GHA,2002,38.9
Greece,GRC,2002,81.1
Guatemala,GTM,2002,24.5
High income,HIC,2002,12.6
Honduras,HND,2002,56.3
"Hong Kong SAR, China",HKG,2002,166.6
Hungary,HUN,2002,57.3
IBRD only,IBD,2002,-24.3
IDA & IBRD total,IBT,2002,-25.4
IDA blend,IDB,2002,-51.9
IDA only,IDX,2002,-22.1
IDA total,IDA,2002,-38.3
India,IND,2002,22.2
Indonesia,IDN,2002,-61.3
"Iran, Islamic Rep.",IRN,2002,-84.7
Iraq,IRQ,2002,-302.2
Ireland,IRL,2002,94.4
Israel,ISR,2002,104.5
Italy,ITA,2002,87.9
Jamaica,JAM,2002,97.5
Japan,JPN,2002,83.0
Kazakhstan,KAZ,2002,-129.2
Kenya,KEN,2002,19.1
"Korea, Dem. People's Rep.",PRK,2002,5.2
"Korea, Rep.",KOR,2002,86.5
Kuwait,KWT,2002,-401.3
Kyrgyz Republic,KGZ,2002,53.9
Lao PDR,LAO,2002,4.0
Late-demographic dividend,LTE,2002,-25.0
Latin America & Caribbean,LCN,2002,-40.1
Latin America & Caribbean (excluding high income),LAC,2002,-24.7
Latin America & the Caribbean (IDA & IBRD countries),TLA,2002,-40.9
Latvia,LVA,2002,62.2
Least developed countries: UN classification,LDC,2002,-51.4
Libya,LBY,2002,-337.4
Lithuania,LTU,2002,41.7
Low & middle income,LMY,2002,-17.5
Low income,LIC,2002,-50.5
Lower middle income,LMC,2002,-2.4
Luxembourg,LUX,2002,108.7
Madagascar,MDG,2002,11.4
Malaysia,MYS,2002,-52.5
Mexico,MEX,2002,-49.2
"Middle East, North Africa, Afghanistan & Pakistan",MEA,2002,-161.8
"Middle East, North Africa, Afghanistan & Pakistan (IDA & IBRD)",TMN,2002,-107.7
"Middle East, North Africa, Afghanistan & Pakistan (excluding high income)",MNA,2002,-107.7
Middle income,MIC,2002,-16.6
Moldova,MDA,2002,96.9
Mongolia,MNG,2002,19.5
Morocco,MAR,2002,88.2
Mozambique,MOZ,2002,-1.0
Myanmar,MMR,2002,-28.8
Namibia,NAM,2002,68.9
Nepal,NPL,2002,10.6
Netherlands,NLD,2002,42.7
New Zealand,NZL,2002,21.6
Nicaragua,NIC,2002,48.4
Nigeria,NGA,2002,-261.5
North America,NAC,2002,19.7
North Macedonia,MKD,2002,46.7
Norway,NOR,2002,-837.9
OECD members,OED,2002,29.1
Oman,OMN,2002,-665.3
Pakistan,PAK,2002,24.4
Panama,PAN,2002,181.9
Paraguay,PRY,2002,-60.8
Peru,PER,2002,22.7
Philippines,PHL,2002,48.2
Poland,POL,2002,11.5
Portugal,PRT,2002,87.6
Post-demographic dividend,PST,2002,33.2
Pre-demographic dividend,PRE,2002,-152.8
Qatar,QAT,2002,-370.5
Romania,ROU,2002,24.4
Russian Federation,RUS,2002,-66.2
Rwanda,RWA,2002,8.1
Saudi Arabia,SAU,2002,-251.4
Senegal,SEN,2002,57.6
Serbia,SRB,2002,26.5
Singapore,SGP,2002,207.6
Slovak Republic,SVK,2002,64.2
Slovenia,SVN,2002,49.7
Small states,SST,2002,-133.0
South Africa,ZAF,2002,-36.2
South Asia,SAS,2002,22.3
South Asia (IDA & IBRD),TSA,2002,22.3
Spain,ESP,2002,84.3
Sri Lanka,LKA,2002,48.2
Sub-Saharan Africa,SSF,2002,-83.2
Sub-Saharan Africa (IDA & IBRD countries),TSS,2002,-83.2
Sub-Saharan Africa (excluding high income),SSA,2002,-83.2
Sudan,SDN,2002,-61.4
Suriname,SUR,2002,-48.5
Sweden,SWE,2002,38.4
Switzerland,CHE,2002,58.5
Syrian Arab Republic,SYR,2002,-153.8
Tajikistan,TJK,2002,36.3
Thailand,THA,2002,47.0
Trinidad and Tobago,TTO,2002,-86.1
Tunisia,TUN,2002,20.2
Turkiye,TUR,2002,68.8
Turkmenistan,TKM,2002,-374.7
Uganda,UGA,2002,4.8
Ukraine,UKR,2002,43.6
United Arab Emirates,ARE,2002,-227.2
United Kingdom,GBR,2002,-12.6
United States,USA,2002,27.9
Upper middle income,UMC,2002,-21.2
Uruguay,URY,2002,54.8
Uzbekistan,UZB,2002,-6.2
"Venezuela, RB",VEN,2002,-208.9
Viet Nam,VNM,2002,-32.3
World,WLD,2002,0.1
"Yemen, Rep.",YEM,2002,-323.3
Zambia,ZMB,2002,7.8
Zimbabwe,ZWE,2002,18.5
Africa Eastern and Southern,AFE,2003,-38.5
Africa Western and Central,AFW,2003,-213.3
Albania,ALB,2003,51.6
Algeria,DZA,2003,-401.9
Angola,AGO,2003,-520.2
Arab World,ARB,2003,-236.3
Argentina,ARG,2003,-40.2
Armenia,ARM,2003,65.9
Australia,AUS,2003,-125.3
Austria,AUT,2003,72.1
Azerbaijan,AZE,2003,-61.7
Bahrain,BHR,2003,-88.2
Bangladesh,BGD,2003,19.9
Belarus,BLR,2003,85.2
Belgium,BEL,2003,91.4
Benin,BEN,2003,34.5
Bolivia,BOL,2003,-94.2
Bosnia and Herzegovina,BIH,2003,21.1
Brazil,BRA,2003,12.7
Brunei Darussalam,BRN,2003,-739.1
Bulgaria,BGR,2003,47.4
Cameroon,CMR,2003,-57.3
Canada,CAN,2003,-49.3
Caribbean small states,CSS,2003,-114.0
Central Europe and the Baltics,CEB,2003,32.1
Chad,TCD,2003,-72.1
Chile,CHL,2003,71.3
China,CHN,2003,2.8
Colombia,COL,2003,-181.3
"Congo, Dem. Rep.",COD,2003,-6.3
"Congo, Rep.",COG,2003,-1166.2
Costa Rica,CRI,2003,62.7
Cote d'Ivoire,CIV,2003,-0.0
Croatia,HRV,2003,51.2
Curacao,CUW,2003,200.5
Czechia,CZE,2003,25.1
Denmark,DNK,2003,-34.2
Early-demographic dividend,EAR,2003,-54.3
East Asia & Pacific,EAS,2003,21.1
East Asia & Pacific (IDA & IBRD countries),TEA,2003,-1.7
East Asia & Pacific (excluding high income),EAP,2003,-1.6
Ecuador,ECU,2003,-123.5
"Egypt, Arab Rep.",EGY,2003,-19.3
El Salvador,SLV,2003,57.5
Equatorial Guinea,GNQ,2003,-2902.2
Estonia,EST,2003,30.1
Eswatini,SWZ,2003,9.3
Euro area,EMU,2003,67.1
Europe & Central Asia,ECS,2003,10.5
Europe & Central Asia (IDA & IBRD countries),TEC,2003,-31.0
Europe & Central Asia (excluding high income),ECA,2003,12.1
European Union,EUU,2003,59.3
Finland,FIN,2003,60.6
Fragile and conflict affected situations,FCS,2003,-97.0
France,FRA,2003,51.9
Gabon,GAB,2003,-575.9
Georgia,GEO,2003,49.3
Germany,DEU,2003,62.3
Ghana,GHA,2003,39.7
Greece,GRC,2003,76.4
Guatemala,GTM,2003,24.0
High income,HIC,2003,12.6
Honduras,HND,2003,55.4
"Hong Kong SAR, China",HKG,2003,162.6
Hungary,HUN,2003,62.5
IBRD only,IBD,2003,-23.4
IDA & IBRD total,IBT,2003,-24.7
IDA blend,IDB,2003,-61.1
IDA only,IDX,2003,-17.9
IDA total,IDA,2003,-41.3
India,IND,2003,22.4
Indonesia,IDN,2003,-66.0
"Iran, Islamic Rep.",IRN,2003,-95.8
Iraq,IRQ,2003,-215.4
Ireland,IRL,2003,95.1
Israel,ISR,2003,101.1
Italy,ITA,2003,85.4
Jamaica,JAM,2003,101.8
Japan,JPN,2003,85.5
Jordan,JOR,2003,100.4
Kazakhstan,KAZ,2003,-135.2
Kenya,KEN,2003,16.7
"Korea, Dem. People's Rep.",PRK,2003,3.8
"Korea, Rep.",KOR,2003,87.3
Kuwait,KWT,2003,-460.7
Kyrgyz Republic,KGZ,2003,49.6
Lao PDR,LAO,2003,6.8
Late-demographic dividend,LTE,2003,-23.6
Latin America & Caribbean,LCN,2003,-41.5
Latin America & Caribbean (excluding high income),LAC,2003,-27.4
Latin America & the Caribbean (IDA & IBRD countries),TLA,2003,-42.3
Latvia,LVA,2003,66.6
Least developed countries: UN classification,LDC,2003,-49.5
Libya,LBY,2003,-368.6
Lithuania,LTU,2003,43.7
Low & middle income,LMY,2003,-16.3
Low income,LIC,2003,-43.9
Lower middle income,LMC,2003,-3.6
Luxembourg,LUX,2003,108.3
Madagascar,MDG,2003,11.9
Malaysia,MYS,2003,-50.4
Mexico,MEX,2003,-51.6
"Middle East, North Africa, Afghanistan & Pakistan",MEA,2003,-167.2
"Middle East, North Africa, Afghanistan & Pakistan (IDA & IBRD)",TMN,2003,-101.6
"Middle East, North Africa, Afghanistan & Pakistan (excluding high income)",MNA,2003,-101.6
Middle income,MIC,2003,-15.6
Moldova,MDA,2003,98.2
Mongolia,MNG,2003,21.6
Morocco,MAR,2003,91.4
Mozambique,MOZ,2003,5.3
Myanmar,MMR,2003,-30.9
Namibia,NAM,2003,70.7
Nepal,NPL,2003,11.0
Netherlands,NLD,2003,46.5
New Zealand,NZL,2003,26.1
Nicaragua,NIC,2003,51.5
Nigeria,NGA,2003,-284.3
North America,NAC,2003,21.1
North Macedonia,MKD,2003,39.1
Norway,NOR,2003,-761.2
OECD members,OED,2003,30.4
Oman,OMN,2003,-604.9
Pakistan,PAK,2003,20.8
Panama,PAN,2003,189.6
Paraguay,PRY,2003,-67.5
Peru,PER,2003,25.7
Philippines,PHL,2003,47.5
Poland,POL,2003,13.4
Portugal,PRT,2003,89.6
Post-demographic dividend,PST,2003,34.9
Pre-demographic dividend,PRE,2003,-143.3
Romania,ROU,2003,25.6
Russian Federation,RUS,2003,-71.0
Rwanda,RWA,2003,7.0
Saudi Arabia,SAU,2003,-304.1
Senegal,SEN,2003,66.5
Serbia,SRB,2003,28.7
Singapore,SGP,2003,189.5
Slovak Republic,SVK,2003,64.6
Slovenia,SVN,2003,52.4
Small states,SST,2003,-146.2
South Africa,ZAF,2003,-28.7
South Asia,SAS,2003,22.4
South Asia (IDA & IBRD),TSA,2003,22.4
Spain,ESP,2003,82.2
Sri Lanka,LKA,2003,42.6
Sub-Saharan Africa,SSF,2003,-83.6
Sub-Saharan Africa (IDA & IBRD countries),TSS,2003,-83.6
Sub-Saharan Africa (excluding high income),SSA,2003,-83.6
Sudan,SDN,2003,-71.9
Suriname,SUR,2003,-32.2
Sweden,SWE,2003,44.9
Switzerland,CHE,2003,57.1
Syrian Arab Republic,SYR,2003,-109.6
Tajikistan,TJK,2003,32.6
Thailand,THA,2003,48.0
Trinidad and Tobago,TTO,2003,-117.1
Tunisia,TUN,2003,24.9
Turkiye,TUR,2003,71.8
Turkmenistan,TKM,2003,-279.5
Uganda,UGA,2003,4.8
Ukraine,UKR,2003,46.6
United Arab Emirates,ARE,2003,-262.6
United Kingdom,GBR,2003,-6.3
United States,USA,2003,29.3
Upper middle income,UMC,2003,-19.3
Uruguay,URY,2003,72.0
Uzbekistan,UZB,2003,-10.3
"Venezuela, RB",VEN,2003,-212.9
Viet Nam,VNM,2003,-29.2
World,WLD,2003,0.2
"Yemen, Rep.",YEM,2003,-272.3
Zambia,ZMB,2003,8.6
Zimbabwe,ZWE,2003,15.7
Africa Eastern and Southern,AFE,2004,-37.9
Africa Western and Central,AFW,2004,-232.2
Albania,ALB,2004,48.4
Algeria,DZA,2004,-405.3
Angola,AGO,2004,-590.4
Arab World,ARB,2004,-255.7
Argentina,ARG,2004,-28.0
Armenia,ARM,2004,65.7
Australia,AUS,2004,-125.9
Austria,AUT,2004,72.7
Azerbaijan,AZE,2004,-55.2
Bahrain,BHR,2004,-80.5
Bangladesh,BGD,2004,17.8
Belarus,BLR,2004,86.6
Belgium,BEL,2004,91.8
Benin,BEN,2004,35.1
Bolivia,BOL,2004,-145.6
Bosnia and Herzegovina,BIH,2004,25.5
Brazil,BRA,2004,15.0
Brunei Darussalam,BRN,2004,-793.9
Bulgaria,BGR,2004,49.1
Cameroon,CMR,2004,-51.7
Canada,CAN,2004,-50.4
Caribbean small states,CSS,2004,-121.7
Central Europe and the Baltics,CEB,2004,33.6
Chad,TCD,2004,-378.6
Chile,CHL,2004,75.3
China,CHN,2004,5.8
Colombia,COL,2004,-192.7
"Congo, Dem. Rep.",COD,2004,-6.5
"Congo, Rep.",COG,2004,-1135.6
Costa Rica,CRI,2004,52.0
Cote d'Ivoire,CIV,2004,-1.7
Croatia,HRV,2004,52.4
Curacao,CUW,2004,195.8
Czechia,CZE,2004,25.6
Denmark,DNK,2004,-51.1
Early-demographic dividend,EAR,2004,-54.6
East Asia & Pacific,EAS,2004,22.1
East Asia & Pacific (IDA & IBRD countries),TEA,2004,1.3
East Asia & Pacific (excluding high income),EAP,2004,1.3
Ecuador,ECU,2004,-168.2
"Egypt, Arab Rep.",EGY,2004,-11.5
El Salvador,SLV,2004,57.3
Equatorial Guinea,GNQ,2004,-1183.0
Eritrea,ERI,2004,34.8
Estonia,EST,2004,31.1
Eswatini,SWZ,2004,5.7
Euro area,EMU,2004,67.3
Europe & Central Asia,ECS,2004,9.6
Europe & Central Asia (IDA & IBRD countries),TEC,2004,-35.0
Europe & Central Asia (excluding high income),ECA,2004,11.0
European Union,EUU,2004,59.4
Finland,FIN,2004,56.1
Fragile and conflict affected situations,FCS,2004,-114.5
France,FRA,2004,52.2
Gabon,GAB,2004,-507.7
Georgia,GEO,2004,55.1
Germany,DEU,2004,62.9
Ghana,GHA,2004,38.7
Greece,GRC,2004,82.0
Guatemala,GTM,2004,20.0
Heavily indebted poor countries (HIPC),HPC,2004,-30.7
High income,HIC,2004,11.5
Honduras,HND,2004,56.4
"Hong Kong SAR, China",HKG,2004,203.4
Hungary,HUN,2004,61.6
IBRD only,IBD,2004,-22.9
IDA & IBRD total,IBT,2004,-24.4
IDA blend,IDB,2004,-66.3
IDA only,IDX,2004,-17.8
IDA total,IDA,2004,-43.9
India,IND,2004,23.1
Indonesia,IDN,2004,-60.8
"Iran, Islamic Rep.",IRN,2004,-87.4
Iraq,IRQ,2004,-282.7
Ireland,IRL,2004,95.7
Israel,ISR,2004,98.4
Italy,ITA,2004,86.8
Jamaica,JAM,2004,99.2
Japan,JPN,2004,83.8
Kazakhstan,KAZ,2004,-126.1
Kenya,KEN,2004,20.4
"Korea, Dem. People's Rep.",PRK,2004,1.2
"Korea, Rep.",KOR,2004,87.7
Kuwait,KWT,2004,-452.2
Kyrgyz Republic,KGZ,2004,49.7
Lao PDR,LAO,2004,6.2
Late-demographic dividend,LTE,2004,-24.1
Latin America & Caribbean,LCN,2004,-43.2
Latin America & Caribbean (excluding high income),LAC,2004,-26.1
Latin America & the Caribbean (IDA & IBRD countries),TLA,2004,-44.0
Latvia,LVA,2004,73.4
Least developed countries: UN classification,LDC,2004,-57.5
Libya,LBY,2004,-419.1
Lithuania,LTU,2004,46.6
Low & middle income,LMY,2004,-14.9
Low income,LIC,2004,-42.5
Lower middle income,LMC,2004,-5.8
Luxembourg,LUX,2004,107.6
Madagascar,MDG,2004,11.6
Malaysia,MYS,2004,-48.1
Mexico,MEX,2004,-51.3
"Middle East, North Africa, Afghanistan & Pakistan",MEA,2004,-177.5
"Middle East, North Africa, Afghanistan & Pakistan (IDA & IBRD)",TMN,2004,-102.0
"Middle East, North Africa, Afghanistan & Pakistan (excluding high income)",MNA,2004,-102.0
Middle income,MIC,2004,-14.2
Moldova,MDA,2004,96.7
Mongolia,MNG,2004,22.8
Morocco,MAR,2004,83.3
Mozambique,MOZ,2004,-7.4
Myanmar,MMR,2004,-36.3
Namibia,NAM,2004,69.0
Nepal,NPL,2004,10.4
Netherlands,NLD,2004,39.1
New Zealand,NZL,2004,30.6
Nicaragua,NIC,2004,47.8
Niger,NER,2004,14.1
Nigeria,NGA,2004,-323.2
North America,NAC,2004,22.5
North Macedonia,MKD,2004,42.1
Norway,NOR,2004,-726.2
OECD members,OED,2004,31.5
Oman,OMN,2004,-557.4
Pakistan,PAK,2004,21.1
Panama,PAN,2004,179.2
Paraguay,PRY,2004,-64.9
Peru,PER,2004,27.5
Philippines,PHL,2004,49.7
Poland,POL,2004,14.8
Portugal,PRT,2004,88.2
Post-demographic dividend,PST,2004,36.2
Pre-demographic dividend,PRE,2004,-165.8
Qatar,QAT,2004,-403.5
Romania,ROU,2004,29.8
Russian Federation,RUS,2004,-79.4
Rwanda,RWA,2004,6.8
Saudi Arabia,SAU,2004,-327.8
Senegal,SEN,2004,64.3
Serbia,SRB,2004,33.6
Singapore,SGP,2004,190.1
Slovak Republic,SVK,2004,67.9
Slovenia,SVN,2004,51.3
Small states,SST,2004,-148.0
South Africa,ZAF,2004,-23.0
South Asia,SAS,2004,23.0
South Asia (IDA & IBRD),TSA,2004,23.0
Spain,ESP,2004,83.3
Sri Lanka,LKA,2004,46.1
Sub-Saharan Africa,SSF,2004,-88.7
Sub-Saharan Africa (IDA & IBRD countries),TSS,2004,-88.7
Sub-Saharan Africa (excluding high income),SSA,2004,-88.7
Sudan,SDN,2004,-82.1
Suriname,SUR,2004,-14.9
Sweden,SWE,2004,38.6
Switzerland,CHE,2004,58.5
Syrian Arab Republic,SYR,2004,-68.5
Tajikistan,TJK,2004,36.6
Thailand,THA,2004,50.6
Trinidad and Tobago,TTO,2004,-126.1
Tunisia,TUN,2004,23.6
Turkiye,TUR,2004,72.0
Turkmenistan,TKM,2004,-215.2
Uganda,UGA,2004,4.8
Ukraine,UKR,2004,45.3
United Arab Emirates,ARE,2004,-282.9
United Kingdom,GBR,2004,4.8
United States,USA,2004,30.9
Upper middle income,UMC,2004,-16.6
Uruguay,URY,2004,85.5
Uzbekistan,UZB,2004,-14.3
"Venezuela, RB",VEN,2004,-257.8
Viet Nam,VNM,2004,-41.1
World,WLD,2004,-0.4
"Yemen, Rep.",YEM,2004,-214.7
Zambia,ZMB,2004,9.3
Zimbabwe,ZWE,2004,12.5
Africa Eastern and Southern,AFE,2005,-46.1
Africa Western and Central,AFW,2005,-214.8
Albania,ALB,2005,50.6
Algeria,DZA,2005,-412.4
Angola,AGO,2005,-812.9
Arab World,ARB,2005,-231.9
Argentina,ARG,2005,-24.0
Armenia,ARM,2005,67.2
Australia,AUS,2005,-131.1
Austria,AUT,2005,73.4
Azerbaijan,AZE,2005,-94.0
Bahrain,BHR,2005,-60.6
Bangladesh,BGD,2005,17.9
Belarus,BLR,2005,85.4
Belgium,BEL,2005,91.9
Benin,BEN,2005,35.8
Bolivia,BOL,2005,-163.6
Bosnia and Herzegovina,BIH,2005,27.5
Brazil,BRA,2005,11.7
Brunei Darussalam,BRN,2005,-839.5
Bulgaria,BGR,2005,48.1
Cameroon,CMR,2005,-48.5
Canada,CAN,2005,-48.0
Caribbean small states,CSS,2005,-105.9
Central Europe and the Baltics,CEB,2005,35.1
Chad,TCD,2005,-370.8
Chile,CHL,2005,72.2
China,CHN,2005,5.6
Colombia,COL,2005,-189.7
"Congo, Dem. Rep.",COD,2005,-5.0
"Congo, Rep.",COG,2005,-1152.2
Costa Rica,CRI,2005,55.0
Cote d'Ivoire,CIV,2005,-7.3
Croatia,HRV,2005,53.3
Curacao,CUW,2005,201.0
Czechia,CZE,2005,28.1
Denmark,DNK,2005,-55.2
Early-demographic dividend,EAR,2005,-54.3
East Asia & Pacific,EAS,2005,19.6
East Asia & Pacific (IDA & IBRD countries),TEA,2005,0.5
East Asia & Pacific (excluding high income),EAP,2005,0.5
Ecuador,ECU,2005,-149.1
"Egypt, Arab Rep.",EGY,2005,-22.5
El Salvador,SLV,2005,54.2
Equatorial Guinea,GNQ,2005,-1124.5
Estonia,EST,2005,27.8
Eswatini,SWZ,2005,8.8
Euro area,EMU,2005,68.3
Europe & Central Asia,ECS,2005,9.8
Europe & Central Asia (IDA & IBRD countries),TEC,2005,-37.9
Europe & Central Asia (excluding high income),ECA,2005,7.4
European Union,EUU,2005,60.4
Finland,FIN,2005,55.9
Fragile and conflict affected situations,FCS,2005,-113.4
France,FRA,2005,53.1
Gabon,GAB,2005,-423.2
Georgia,GEO,2005,66.8
Germany,DEU,2005,62.5
Ghana,GHA,2005,40.3
Greece,GRC,2005,76.3
Guatemala,GTM,2005,31.7
Heavily indebted poor countries (HIPC),HPC,2005,-33.3
High income,HIC,2005,13.1
Honduras,HND,2005,53.2
"Hong Kong SAR, China",HKG,2005,182.2
Hungary,HUN,2005,62.9
IBRD only,IBD,2005,-23.1
IDA & IBRD total,IBT,2005,-24.4
IDA blend,IDB,2005,-64.5
IDA only,IDX,2005,-15.1
IDA total,IDA,2005,-41.6
India,IND,2005,24.7
Indonesia,IDN,2005,-67.9
"Iran, Islamic Rep.",IRN,2005,-80.2
Iraq,IRQ,2005,-258.8
Ireland,IRL,2005,95.0
Israel,ISR,2005,96.6
Italy,ITA,2005,85.7
Japan,JPN,2005,83.5
Jordan,JOR,2005,104.7
Kazakhstan,KAZ,2005,-134.0
Kenya,KEN,2005,20.1
"Korea, Dem. People's Rep.",PRK,2005,-3.3
"Korea, Rep.",KOR,2005,83.4
Kyrgyz Republic,KGZ,2005,53.9
Lao PDR,LAO,2005,6.4
Late-demographic dividend,LTE,2005,-21.2
Latin America & Caribbean,LCN,2005,-43.4
Latin America & Caribbean (excluding high income),LAC,2005,-25.5
Latin America & the Caribbean (IDA & IBRD countries),TLA,2005,-44.2
Latvia,LVA,2005,68.4
Least developed countries: UN classification,LDC,2005,-67.4
Libya,LBY,2005,-436.8
Lithuania,LTU,2005,57.1
Low & middle income,LMY,2005,-14.8
Low income,LIC,2005,-37.0
Lower middle income,LMC,2005,-6.2
Luxembourg,LUX,2005,107.0
Madagascar,MDG,2005,12.6
Malaysia,MYS,2005,-43.8
Mexico,MEX,2005,-43.8
"Middle East, North Africa, Afghanistan & Pakistan",MEA,2005,-159.5
"Middle East, North Africa, Afghanistan & Pakistan (IDA & IBRD)",TMN,2005,-93.6
"Middle East, North Africa, Afghanistan & Pakistan (excluding high income)",MNA,2005,-93.6
Middle income,MIC,2005,-14.2
Moldova,MDA,2005,97.1
Mongolia,MNG,2005,-29.7
Montenegro,MNE,2005,42.7
Morocco,MAR,2005,86.8
Mozambique,MOZ,2005,-18.0
Myanmar,MMR,2005,-49.5
Namibia,NAM,2005,69.1
Nepal,NPL,2005,11.4
Netherlands,NLD,2005,46.5
New Zealand,NZL,2005,29.2
Nicaragua,NIC,2005,47.8
Niger,NER,2005,13.3
Nigeria,NGA,2005,-288.3
North America,NAC,2005,23.4
North Macedonia,MKD,2005,42.9
Norway,NOR,2005,-689.3
OECD members,OED,2005,32.5
Oman,OMN,2005,-498.4
Pakistan,PAK,2005,20.5
Panama,PAN,2005,165.9
Paraguay,PRY,2005,-66.3
Peru,PER,2005,20.8
Philippines,PHL,2005,44.8
Poland,POL,2005,17.8
Portugal,PRT,2005,92.7
Post-demographic dividend,PST,2005,36.9
Pre-demographic dividend,PRE,2005,-163.4
Qatar,QAT,2005,-433.2
Romania,ROU,2005,27.5
Russian Federation,RUS,2005,-82.8
Rwanda,RWA,2005,7.8
Saudi Arabia,SAU,2005,-327.8
Senegal,SEN,2005,71.0
Serbia,SRB,2005,36.7
Singapore,SGP,2005,236.3
Slovak Republic,SVK,2005,65.6
Slovenia,SVN,2005,50.9
Small states,SST,2005,-130.3
South Africa,ZAF,2005,-26.2
South Asia,SAS,2005,24.6
South Asia (IDA & IBRD),TSA,2005,24.6
Spain,ESP,2005,87.7
Sri Lanka,LKA,2005,47.3
Sub-Saharan Africa,SSF,2005,-92.6
Sub-Saharan Africa (IDA & IBRD countries),TSS,2005,-92.6
Sub-Saharan Africa (excluding high income),SSA,2005,-92.6
Sudan,SDN,2005,-77.1
Suriname,SUR,2005,-4.0
Sweden,SWE,2005,39.5
Switzerland,CHE,2005,63.1
Syrian Arab Republic,SYR,2005,-33.8
Tajikistan,TJK,2005,34.4
Thailand,THA,2005,48.1
Trinidad and Tobago,TTO,2005,-110.0
Tunisia,TUN,2005,21.2
Turkiye,TUR,2005,73.6
Turkmenistan,TKM,2005,-240.6
Uganda,UGA,2005,5.8
Ukraine,UKR,2005,42.4
United Arab Emirates,ARE,2005,-271.9
United Kingdom,GBR,2005,14.2
United States,USA,2005,31.8
Upper middle income,UMC,2005,-16.6
Uruguay,URY,2005,73.4
Uzbekistan,UZB,2005,-19.5
"Venezuela, RB",VEN,2005,-261.5
Viet Nam,VNM,2005,-41.6
World,WLD,2005,0.1
"Yemen, Rep.",YEM,2005,-191.6
Zambia,ZMB,2005,9.4
Zimbabwe,ZWE,2005,14.3
Africa Eastern and Southern,AFE,2006,-48.6
Africa Western and Central,AFW,2006,-216.8
Albania,ALB,2006,41.2
Algeria,DZA,2006,-373.3
Angola,AGO,2006,-818.6
Arab World,ARB,2006,-216.7
Argentina,ARG,2006,-18.7
Armenia,ARM,2006,68.0
Australia,AUS,2006,-123.8
Austria,AUT,2006,73.8
Azerbaijan,AZE,2006,-182.9
Bahrain,BHR,2006,-60.1
Bangladesh,BGD,2006,16.1
Belarus,BLR,2006,86.2
Belgium,BEL,2006,92.5
Benin,BEN,2006,39.1
Bolivia,BOL,2006,-171.3
Bosnia and Herzegovina,BIH,2006,26.4
Brazil,BRA,2006,9.4
Brunei Darussalam,BRN,2006,-604.9
Bulgaria,BGR,2006,46.9
Cameroon,CMR,2006,-51.0
Canada,CAN,2006,-50.4
Caribbean small states,CSS,2006,-117.0
Central Europe and the Baltics,CEB,2006,35.7
Chad,TCD,2006,-325.1
Chile,CHL,2006,72.9
China,CHN,2006,7.0
Colombia,COL,2006,-198.8
"Congo, Dem. Rep.",COD,2006,-4.1
"Congo, Rep.",COG,2006,-998.4
Costa Rica,CRI,2006,54.5
Cote d'Ivoire,CIV,2006,-24.1
Croatia,HRV,2006,49.8
Cuba,CUB,2006,49.8
Curacao,CUW,2006,204.8
Czechia,CZE,2006,27.7
Denmark,DNK,2006,-39.0
Early-demographic dividend,EAR,2006,-50.2
East Asia & Pacific,EAS,2006,19.1
East Asia & Pacific (IDA & IBRD countries),TEA,2006,0.7
East Asia & Pacific (excluding high income),EAP,2006,0.6
Ecuador,ECU,2006,-153.1
"Egypt, Arab Rep.",EGY,2006,-20.9
El Salvador,SLV,2006,53.5
Equatorial Guinea,GNQ,2006,-1313.1
Estonia,EST,2006,31.6
Eswatini,SWZ,2006,10.9
Euro area,EMU,2006,68.9
Europe & Central Asia,ECS,2006,11.1
Europe & Central Asia (IDA & IBRD countries),TEC,2006,-36.4
Europe & Central Asia (excluding high income),ECA,2006,6.5
European Union,EUU,2006,61.0
Finland,FIN,2006,55.5
Fragile and conflict affected situations,FCS,2006,-115.3
France,FRA,2006,53.0
Gabon,GAB,2006,-335.2
Georgia,GEO,2006,70.8
Germany,DEU,2006,62.8
Ghana,GHA,2006,45.6
Greece,GRC,2006,80.8
Guatemala,GTM,2006,29.0
High income,HIC,2006,13.8
Honduras,HND,2006,53.3
"Hong Kong SAR, China",HKG,2006,193.8
Hungary,HUN,2006,62.4
IBRD only,IBD,2006,-21.7
IDA & IBRD total,IBT,2006,-22.9
IDA blend,IDB,2006,-63.1
IDA only,IDX,2006,-10.4
IDA total,IDA,2006,-38.7
India,IND,2006,26.0
Indonesia,IDN,2006,-86.1
"Iran, Islamic Rep.",IRN,2006,-76.9
Iraq,IRQ,2006,-286.2
Ireland,IRL,2006,96.4
Israel,ISR,2006,92.5
Italy,ITA,2006,88.5
Japan,JPN,2006,82.4
Jordan,JOR,2006,100.8
Kazakhstan,KAZ,2006,-110.0
Kenya,KEN,2006,20.7
"Korea, Dem. People's Rep.",PRK,2006,-3.3
"Korea, Rep.",KOR,2006,86.8
Kyrgyz Republic,KGZ,2006,60.9
Lao PDR,LAO,2006,11.8
Late-demographic dividend,LTE,2006,-19.5
Latin America & Caribbean,LCN,2006,-40.3
Latin America & Caribbean (excluding high income),LAC,2006,-23.8
Latin America & the Caribbean (IDA & IBRD countries),TLA,2006,-42.4
Latvia,LVA,2006,70.5
Least developed countries: UN classification,LDC,2006,-70.8
Libya,LBY,2006,-534.2
Lithuania,LTU,2006,62.4
Low & middle income,LMY,2006,-13.7
Low income,LIC,2006,-30.8
Lower middle income,LMC,2006,-5.6
Luxembourg,LUX,2006,107.4
Malaysia,MYS,2006,-38.7
Mexico,MEX,2006,-40.4
"Middle East, North Africa, Afghanistan & Pakistan",MEA,2006,-149.3
"Middle East, North Africa, Afghanistan & Pakistan (IDA & IBRD)",TMN,2006,-89.7
"Middle East, North Africa, Afghanistan & Pakistan (excluding high income)",MNA,2006,-89.7
Middle income,MIC,2006,-13.3
Moldova,MDA,2006,96.5
Mongolia,MNG,2006,-30.7
Montenegro,MNE,2006,45.4
Morocco,MAR,2006,87.5
Mozambique,MOZ,2006,-21.0
Myanmar,MMR,2006,-49.5
Namibia,NAM,2006,70.0
Nepal,NPL,2006,9.5
Netherlands,NLD,2006,48.1
New Zealand,NZL,2006,28.4
Nicaragua,NIC,2006,49.5
Niger,NER,2006,13.1
Nigeria,NGA,2006,-294.2
North America,NAC,2006,23.0
North Macedonia,MKD,2006,44.7
Norway,NOR,2006,-652.1
OECD members,OED,2006,33.2
Oman,OMN,2006,-290.3
Pakistan,PAK,2006,23.1
Panama,PAN,2006,173.2
Paraguay,PRY,2006,-70.3
Peru,PER,2006,24.1
Philippines,PHL,2006,45.3
Poland,POL,2006,20.3
Portugal,PRT,2006,88.7
Post-demographic dividend,PST,2006,37.6
Pre-demographic dividend,PRE,2006,-175.0
Qatar,QAT,2006,-404.6
Romania,ROU,2006,29.3
Russian Federation,RUS,2006,-80.3
Rwanda,RWA,2006,7.6
Saudi Arabia,SAU,2006,-294.2
Senegal,SEN,2006,72.0
Serbia,SRB,2006,38.4
Singapore,SGP,2006,239.5
Slovak Republic,SVK,2006,64.0
Slovenia,SVN,2006,51.1
Small states,SST,2006,-131.6
South Africa,ZAF,2006,-23.4
South Asia,SAS,2006,25.7
South Asia (IDA & IBRD),TSA,2006,25.7
Spain,ESP,2006,87.6
Sri Lanka,LKA,2006,46.5
Sub-Saharan Africa,SSF,2006,-94.5
Sub-Saharan Africa (IDA & IBRD countries),TSS,2006,-94.5
Sub-Saharan Africa (excluding high income),SSA,2006,-94.5
Sudan,SDN,2006,-78.9
Suriname,SUR,2006,-20.4
Sweden,SWE,2006,39.8
Switzerland,CHE,2006,59.9
Syrian Arab Republic,SYR,2006,-8.2
Tajikistan,TJK,2006,37.9
Thailand,THA,2006,47.2
Trinidad and Tobago,TTO,2006,-120.3
Tunisia,TUN,2006,27.3
Turkiye,TUR,2006,74.2
Turkmenistan,TKM,2006,-224.5
Uganda,UGA,2006,6.8
Ukraine,UKR,2006,41.5
United Arab Emirates,ARE,2006,-275.3
United Kingdom,GBR,2006,22.5
United States,USA,2006,31.8
Upper middle income,UMC,2006,-15.4
Uruguay,URY,2006,84.2
Uzbekistan,UZB,2006,-20.7
"Venezuela, RB",VEN,2006,-245.8
Viet Nam,VNM,2006,-51.5
World,WLD,2006,0.7
"Yemen, Rep.",YEM,2006,-140.0
Zambia,ZMB,2006,8.9
Zimbabwe,ZWE,2006,14.6
Africa Eastern and Southern,AFE,2007,-51.5
Africa Western and Central,AFW,2007,-210.3
Albania,ALB,2007,49.3
Algeria,DZA,2007,-346.1
Angola,AGO,2007,-905.1
Arab World,ARB,2007,-202.6
Argentina,ARG,2007,-8.8
Armenia,ARM,2007,72.8
Australia,AUS,2007,-127.8
Austria,AUT,2007,70.2
Azerbaijan,AZE,2007,-323.1
Bahrain,BHR,2007,-53.5
Bangladesh,BGD,2007,15.8
Belarus,BLR,2007,84.7
Belgium,BEL,2007,91.1
Benin,BEN,2007,41.8
Bolivia,BOL,2007,-180.9
Bosnia and Herzegovina,BIH,2007,30.6
Brazil,BRA,2007,10.8
Brunei Darussalam,BRN,2007,-539.1
Bulgaria,BGR,2007,52.0
Cameroon,CMR,2007,-48.8
Canada,CAN,2007,-54.6
Caribbean small states,CSS,2007,-108.3
Central Europe and the Baltics,CEB,2007,37.9
Chad,TCD,2007,-290.7
Chile,CHL,2007,77.9
China,CHN,2007,7.9
Colombia,COL,2007,-202.7
"Congo, Dem. Rep.",COD,2007,-3.7
"Congo, Rep.",COG,2007,-892.3
Costa Rica,CRI,2007,56.3
Cote d'Ivoire,CIV,2007,-12.8
Croatia,HRV,2007,52.5
Cuba,CUB,2007,47.9
Curacao,CUW,2007,194.8
Czechia,CZE,2007,25.1
Denmark,DNK,2007,-26.8
Early-demographic dividend,EAR,2007,-44.9
East Asia & Pacific,EAS,2007,19.4
East Asia & Pacific (IDA & IBRD countries),TEA,2007,1.9
East Asia & Pacific (excluding high income),EAP,2007,1.8
Ecuador,ECU,2007,-129.5
"Egypt, Arab Rep.",EGY,2007,-19.3
El Salvador,SLV,2007,56.3
Equatorial Guinea,GNQ,2007,-1282.7
Estonia,EST,2007,25.7
Eswatini,SWZ,2007,10.8
Euro area,EMU,2007,67.3
Europe & Central Asia,ECS,2007,9.2
Europe & Central Asia (IDA & IBRD countries),TEC,2007,-37.5
Europe & Central Asia (excluding high income),ECA,2007,3.2
European Union,EUU,2007,60.2
Finland,FIN,2007,54.7
Fragile and conflict affected situations,FCS,2007,-115.9
France,FRA,2007,52.0
Gabon,GAB,2007,-307.1
Georgia,GEO,2007,69.5
Germany,DEU,2007,60.6
Ghana,GHA,2007,48.1
Greece,GRC,2007,80.6
Guatemala,GTM,2007,33.2
High income,HIC,2007,13.2
Honduras,HND,2007,53.3
"Hong Kong SAR, China",HKG,2007,193.8
Hungary,HUN,2007,60.8
IBRD only,IBD,2007,-20.0
IDA & IBRD total,IBT,2007,-21.2
IDA blend,IDB,2007,-60.0
IDA only,IDX,2007,-11.8
IDA total,IDA,2007,-37.7
India,IND,2007,27.1
Indonesia,IDN,2007,-90.8
"Iran, Islamic Rep.",IRN,2007,-74.3
Iraq,IRQ,2007,-307.5
Ireland,IRL,2007,94.2
Israel,ISR,2007,94.1
Italy,ITA,2007,85.7
Japan,JPN,2007,84.3
Jordan,JOR,2007,101.7
Kazakhstan,KAZ,2007,-99.6
Kenya,KEN,2007,20.3
"Korea, Dem. People's Rep.",PRK,2007,-7.6
"Korea, Rep.",KOR,2007,85.4
Kyrgyz Republic,KGZ,2007,62.9
Lao PDR,LAO,2007,14.4
Late-demographic dividend,LTE,2007,-17.9
Latin America & Caribbean,LCN,2007,-34.6
Latin America & Caribbean (excluding high income),LAC,2007,-19.2
Latin America & the Caribbean (IDA & IBRD countries),TLA,2007,-36.6
Latvia,LVA,2007,65.9
Least developed countries: UN classification,LDC,2007,-83.3
Libya,LBY,2007,-645.5
Lithuania,LTU,2007,61.1
Low & middle income,LMY,2007,-12.2
Low income,LIC,2007,-36.1
Lower middle income,LMC,2007,-4.8
Luxembourg,LUX,2007,106.6
Malaysia,MYS,2007,-29.8
Mexico,MEX,2007,-34.3
"Middle East, North Africa, Afghanistan & Pakistan",MEA,2007,-138.5
"Middle East, North Africa, Afghanistan & Pakistan (IDA & IBRD)",TMN,2007,-87.2
"Middle East, North Africa, Afghanistan & Pakistan (excluding high income)",MNA,2007,-87.2
Middle income,MIC,2007,-11.7
Moldova,MDA,2007,98.1
Mongolia,MNG,2007,-42.2
Montenegro,MNE,2007,54.6
Morocco,MAR,2007,91.9
Mozambique,MOZ,2007,-25.0
Myanmar,MMR,2007,-50.2
Namibia,NAM,2007,69.3
Nepal,NPL,2007,9.5
Netherlands,NLD,2007,47.0
New Zealand,NZL,2007,25.3
Nicaragua,NIC,2007,50.4
Niger,NER,2007,15.8
Nigeria,NGA,2007,-295.6
North America,NAC,2007,21.6
North Macedonia,MKD,2007,47.6
Norway,NOR,2007,-679.3
OECD members,OED,2007,32.4
Oman,OMN,2007,-233.7
Pakistan,PAK,2007,24.3
Panama,PAN,2007,151.3
Paraguay,PRY,2007,-71.0
Peru,PER,2007,24.4
Philippines,PHL,2007,43.3
Poland,POL,2007,26.0
Portugal,PRT,2007,85.8
Post-demographic dividend,PST,2007,36.4
Pre-demographic dividend,PRE,2007,-186.6
Qatar,QAT,2007,-398.6
Romania,ROU,2007,31.6
Russian Federation,RUS,2007,-82.1
Rwanda,RWA,2007,7.0
Saudi Arabia,SAU,2007,-260.3
Senegal,SEN,2007,67.8
Serbia,SRB,2007,36.5
Singapore,SGP,2007,271.3
Slovak Republic,SVK,2007,69.2
Slovenia,SVN,2007,51.2
Small states,SST,2007,-116.2
South Africa,ZAF,2007,-14.3
South Asia,SAS,2007,26.6
South Asia (IDA & IBRD),TSA,2007,26.6
Spain,ESP,2007,86.0
Sri Lanka,LKA,2007,47.1
Sub-Saharan Africa,SSF,2007,-93.9
Sub-Saharan Africa (IDA & IBRD countries),TSS,2007,-93.9
Sub-Saharan Africa (excluding high income),SSA,2007,-93.9
Sudan,SDN,2007,-122.9
Suriname,SUR,2007,-41.6
Sweden,SWE,2007,38.3
Switzerland,CHE,2007,55.2
Syrian Arab Republic,SYR,2007,-4.2
Tajikistan,TJK,2007,39.4
Thailand,THA,2007,46.4
Trinidad and Tobago,TTO,2007,-110.4
Tunisia,TUN,2007,15.4
Turkiye,TUR,2007,75.6
Turkmenistan,TKM,2007,-256.6
Uganda,UGA,2007,8.1
Ukraine,UKR,2007,41.0
United Arab Emirates,ARE,2007,-239.1
United Kingdom,GBR,2007,21.8
United States,USA,2007,30.6
Upper middle income,UMC,2007,-13.6
Uruguay,URY,2007,67.4
Uzbekistan,UZB,2007,-23.1
"Venezuela, RB",VEN,2007,-230.4
Viet Nam,VNM,2007,-42.3
World,WLD,2007,0.8
"Yemen, Rep.",YEM,2007,-135.3
Zambia,ZMB,2007,8.6
Zimbabwe,ZWE,2007,13.5
Africa Eastern and Southern,AFE,2008,-48.6
Africa Western and Central,AFW,2008,-190.5
Albania,ALB,2008,50.1
Algeria,DZA,2008,-331.7
Angola,AGO,2008,-910.8
Arab World,ARB,2008,-196.3
Argentina,ARG,2008,-6.3
Armenia,ARM,2008,75.1
Australia,AUS,2008,-123.5
Austria,AUT,2008,70.5
Azerbaijan,AZE,2008,-326.7
Bahrain,BHR,2008,-45.9
Bangladesh,BGD,2008,15.5
Belarus,BLR,2008,87.8
Belgium,BEL,2008,96.0
Benin,BEN,2008,42.3
Bolivia,BOL,2008,-183.6
Bosnia and Herzegovina,BIH,2008,29.0
Brazil,BRA,2008,11.0
Brunei Darussalam,BRN,2008,-488.9
Bulgaria,BGR,2008,53.0
Cameroon,CMR,2008,-48.3
Canada,CAN,2008,-52.8
Caribbean small states,CSS,2008,-113.7
Central Europe and the Baltics,CEB,2008,39.7
Chad,TCD,2008,-248.3
Chile,CHL,2008,72.8
China,CHN,2008,8.6
Colombia,COL,2008,-206.9
"Congo, Dem. Rep.",COD,2008,-3.4
"Congo, Rep.",COG,2008,-875.8
Costa Rica,CRI,2008,57.3
Cote d'Ivoire,CIV,2008,-13.5
Croatia,HRV,2008,55.5
Cuba,CUB,2008,51.2
Curacao,CUW,2008,201.4
Czechia,CZE,2008,27.9
Denmark,DNK,2008,-23.3
Early-demographic dividend,EAR,2008,-41.3
East Asia & Pacific,EAS,2008,19.4
East Asia & Pacific (IDA & IBRD countries),TEA,2008,2.9
East Asia & Pacific (excluding high income),EAP,2008,2.9
Ecuador,ECU,2008,-150.6
"Egypt, Arab Rep.",EGY,2008,-21.1
El Salvador,SLV,2008,50.6
Equatorial Guinea,GNQ,2008,-1423.7
Estonia,EST,2008,28.8
Eswatini,SWZ,2008,10.3
Euro area,EMU,2008,68.2
Europe & Central Asia,ECS,2008,10.2
Europe & Central Asia (IDA & IBRD countries),TEC,2008,-36.5
Europe & Central Asia (excluding high income),ECA,2008,0.1
European Union,EUU,2008,61.4
Finland,FIN,2008,55.9
Fragile and conflict affected situations,FCS,2008,-114.7
France,FRA,2008,52.3
Gabon,GAB,2008,-264.3
Georgia,GEO,2008,65.4
Germany,DEU,2008,62.8
Ghana,GHA,2008,47.5
Greece,GRC,2008,82.6
Guatemala,GTM,2008,28.6
High income,HIC,2008,12.3
Honduras,HND,2008,51.7
"Hong Kong SAR, China",HKG,2008,185.9
Hungary,HUN,2008,63.2
IBRD only,IBD,2008,-18.2
IDA & IBRD total,IBT,2008,-19.2
IDA blend,IDB,2008,-55.0
IDA only,IDX,2008,-8.9
IDA total,IDA,2008,-33.5
India,IND,2008,28.5
Indonesia,IDN,2008,-90.4
"Iran, Islamic Rep.",IRN,2008,-64.1
Iraq,IRQ,2008,-319.5
Ireland,IRL,2008,96.5
Israel,ISR,2008,85.3
Italy,ITA,2008,85.5
Jamaica,JAM,2008,105.1
Japan,JPN,2008,84.2
Jordan,JOR,2008,101.5
Kazakhstan,KAZ,2008,-107.1
Kenya,KEN,2008,21.5
"Korea, Dem. People's Rep.",PRK,2008,-3.3
"Korea, Rep.",KOR,2008,85.6
Kyrgyz Republic,KGZ,2008,74.6
Lao PDR,LAO,2008,14.3
Late-demographic dividend,LTE,2008,-16.8
Latin America & Caribbean,LCN,2008,-32.0
Latin America & Caribbean (excluding high income),LAC,2008,-15.8
Latin America & the Caribbean (IDA & IBRD countries),TLA,2008,-33.9
Latvia,LVA,2008,62.7
Least developed countries: UN classification,LDC,2008,-83.1
Libya,LBY,2008,-563.0
Lithuania,LTU,2008,57.9
Low & middle income,LMY,2008,-10.5
Low income,LIC,2008,-30.8
Lower middle income,LMC,2008,-2.1
Luxembourg,LUX,2008,107.6
Malaysia,MYS,2008,-25.5
Mexico,MEX,2008,-25.8
"Middle East, North Africa, Afghanistan & Pakistan",MEA,2008,-133.3
"Middle East, North Africa, Afghanistan & Pakistan (IDA & IBRD)",TMN,2008,-82.0
"Middle East, North Africa, Afghanistan & Pakistan (excluding high income)",MNA,2008,-82.0
Middle income,MIC,2008,-10.1
Moldova,MDA,2008,97.1
Mongolia,MNG,2008,-58.5
Montenegro,MNE,2008,46.5
Morocco,MAR,2008,89.6
Mozambique,MOZ,2008,-27.7
Myanmar,MMR,2008,-49.9
Namibia,NAM,2008,70.1
Nepal,NPL,2008,10.7
Netherlands,NLD,2008,42.0
New Zealand,NZL,2008,16.9
Nicaragua,NIC,2008,45.0
Niger,NER,2008,15.2
Nigeria,NGA,2008,-257.7
North America,NAC,2008,19.4
North Macedonia,MKD,2008,46.3
Norway,NOR,2008,-615.7
OECD members,OED,2008,32.0
Oman,OMN,2008,-270.0
Pakistan,PAK,2008,24.5
Panama,PAN,2008,192.9
Paraguay,PRY,2008,-64.9
Peru,PER,2008,20.9
Philippines,PHL,2008,42.8
Poland,POL,2008,31.0
Portugal,PRT,2008,88.4
Post-demographic dividend,PST,2008,36.0
Pre-demographic dividend,PRE,2008,-182.7
Qatar,QAT,2008,-486.0
Romania,ROU,2008,27.7
Russian Federation,RUS,2008,-78.0
Rwanda,RWA,2008,6.9
Saudi Arabia,SAU,2008,-247.6
Senegal,SEN,2008,69.7
Serbia,SRB,2008,37.8
Singapore,SGP,2008,262.2
Slovak Republic,SVK,2008,65.4
Slovenia,SVN,2008,54.2
Small states,SST,2008,-121.1
South Africa,ZAF,2008,-7.8
South Asia,SAS,2008,27.9
South Asia (IDA & IBRD),TSA,2008,27.9
Spain,ESP,2008,88.4
Sri Lanka,LKA,2008,47.0
Sub-Saharan Africa,SSF,2008,-86.1
Sub-Saharan Africa (IDA & IBRD countries),TSS,2008,-86.1
Sub-Saharan Africa (excluding high income),SSA,2008,-86.1
Sudan,SDN,2008,-113.9
Suriname,SUR,2008,-45.6
Sweden,SWE,2008,40.1
Switzerland,CHE,2008,58.0
Syrian Arab Republic,SYR,2008,-5.5
Tajikistan,TJK,2008,40.6
Thailand,THA,2008,44.1
Trinidad and Tobago,TTO,2008,-116.0
Tunisia,TUN,2008,23.5
Turkiye,TUR,2008,73.7
Turkmenistan,TKM,2008,-198.6
Uganda,UGA,2008,7.9
Ukraine,UKR,2008,42.5
United Arab Emirates,ARE,2008,-189.0
United Kingdom,GBR,2008,28.2
United States,USA,2008,27.9
Upper middle income,UMC,2008,-12.3
Uruguay,URY,2008,72.4
Uzbekistan,UZB,2008,-23.5
"Venezuela, RB",VEN,2008,-237.6
Viet Nam,VNM,2008,-21.8
World,WLD,2008,0.8
"Yemen, Rep.",YEM,2008,-100.1
Zambia,ZMB,2008,10.4
Zimbabwe,ZWE,2008,11.0
Africa Eastern and Southern,AFE,2009,-41.9
Africa Western and Central,AFW,2009,-190.5
Albania,ALB,2009,46.4
Algeria,DZA,2009,-274.1
Angola,AGO,2009,-775.8
Arab World,ARB,2009,-180.2
Argentina,ARG,2009,-7.7
Armenia,ARM,2009,69.3
Australia,AUS,2009,-128.5
Austria,AUT,2009,66.7
Azerbaijan,AZE,2009,-425.3
Bahrain,BHR,2009,-54.7
Bangladesh,BGD,2009,14.7
Belarus,BLR,2009,83.5
Belgium,BEL,2009,86.6
Benin,BEN,2009,44.7
Bolivia,BOL,2009,-136.6
Bosnia and Herzegovina,BIH,2009,30.6
Brazil,BRA,2009,6.6
Brunei Darussalam,BRN,2009,-511.9
Bulgaria,BGR,2009,46.4
Cameroon,CMR,2009,-31.6
Canada,CAN,2009,-52.9
Caribbean small states,CSS,2009,-116.6
Central Europe and the Baltics,CEB,2009,37.4
Chad,TCD,2009,-217.5
Chile,CHL,2009,70.2
China,CHN,2009,12.1
Colombia,COL,2009,-216.4
"Congo, Dem. Rep.",COD,2009,-3.5
"Congo, Rep.",COG,2009,-922.4
Costa Rica,CRI,2009,51.9
Cote d'Ivoire,CIV,2009,-15.9
Croatia,HRV,2009,46.6
Cuba,CUB,2009,55.5
Curacao,CUW,2009,197.0
Czechia,CZE,2009,27.0
Denmark,DNK,2009,-20.2
Early-demographic dividend,EAR,2009,-33.8
East Asia & Pacific,EAS,2009,19.7
East Asia & Pacific (IDA & IBRD countries),TEA,2009,5.3
East Asia & Pacific (excluding high income),EAP,2009,5.2
Ecuador,ECU,2009,-118.8
"Egypt, Arab Rep.",EGY,2009,-17.0
El Salvador,SLV,2009,51.0
Equatorial Guinea,GNQ,2009,-1274.8
Estonia,EST,2009,28.3
Eswatini,SWZ,2009,13.0
Euro area,EMU,2009,66.9
Europe & Central Asia,ECS,2009,7.5
Europe & Central Asia (IDA & IBRD countries),TEC,2009,-41.5
Europe & Central Asia (excluding high income),ECA,2009,-4.3
European Union,EUU,2009,60.0
Finland,FIN,2009,55.4
Fragile and conflict affected situations,FCS,2009,-119.8
France,FRA,2009,52.4
Gabon,GAB,2009,-240.0
Georgia,GEO,2009,63.1
Germany,DEU,2009,63.3
Ghana,GHA,2009,47.9
Greece,GRC,2009,75.2
Guatemala,GTM,2009,32.3
High income,HIC,2009,9.3
Honduras,HND,2009,49.1
"Hong Kong SAR, China",HKG,2009,209.0
Hungary,HUN,2009,58.2
IBRD only,IBD,2009,-16.0
IDA & IBRD total,IBT,2009,-17.2
IDA blend,IDB,2009,-56.5
IDA only,IDX,2009,-12.2
IDA total,IDA,2009,-35.9
Iceland,ISL,2009,20.5
India,IND,2009,29.3
Indonesia,IDN,2009,-92.4
"Iran, Islamic Rep.",IRN,2009,-60.4
Iraq,IRQ,2009,-309.5
Ireland,IRL,2009,92.7
Israel,ISR,2009,90.2
Italy,ITA,2009,83.3
Jamaica,JAM,2009,103.8
Japan,JPN,2009,80.6
Jordan,JOR,2009,100.6
Kazakhstan,KAZ,2009,-133.3
Kenya,KEN,2009,22.6
"Korea, Dem. People's Rep.",PRK,2009,-4.8
"Korea, Rep.",KOR,2009,86.3
Kuwait,KWT,2009,-341.3
Kyrgyz Republic,KGZ,2009,70.3
Lao PDR,LAO,2009,19.0
Late-demographic dividend,LTE,2009,-17.8
Latin America & Caribbean,LCN,2009,-31.9
Latin America & Caribbean (excluding high income),LAC,2009,-17.5
Latin America & the Caribbean (IDA & IBRD countries),TLA,2009,-33.9
Latvia,LVA,2009,65.5
Least developed countries: UN classification,LDC,2009,-75.7
Libya,LBY,2009,-466.7
Lithuania,LTU,2009,50.0
Low & middle income,LMY,2009,-8.4
Low income,LIC,2009,-31.1
Lower middle income,LMC,2009,-0.6
Luxembourg,LUX,2009,107.8
Malaysia,MYS,2009,-26.5
Malta,MLT,2009,251.6
Mexico,MEX,2009,-23.1
"Middle East, North Africa, Afghanistan & Pakistan",MEA,2009,-125.6
"Middle East, North Africa, Afghanistan & Pakistan (IDA & IBRD)",TMN,2009,-75.4
"Middle East, North Africa, Afghanistan & Pakistan (excluding high income)",MNA,2009,-75.4
Middle income,MIC,2009,-7.9
Moldova,MDA,2009,97.0
Mongolia,MNG,2009,-117.3
Montenegro,MNE,2009,43.1
Morocco,MAR,2009,93.6
Mozambique,MOZ,2009,-25.2
Myanmar,MMR,2009,-54.2
Namibia,NAM,2009,71.0
Nepal,NPL,2009,12.1
Netherlands,NLD,2009,41.8
New Zealand,NZL,2009,19.5
Nicaragua,NIC,2009,47.6
Niger,NER,2009,17.7
Nigeria,NGA,2009,-270.9
North America,NAC,2009,17.5
North Macedonia,MKD,2009,45.2
Norway,NOR,2009,-626.4
OECD members,OED,2009,30.0
Oman,OMN,2009,-287.0
Other small states,OSS,2009,-65.5
Pakistan,PAK,2009,23.9
Panama,PAN,2009,169.5
Paraguay,PRY,2009,-56.1
Peru,PER,2009,15.3
Philippines,PHL,2009,37.4
Poland,POL,2009,32.2
Portugal,PRT,2009,85.7
Post-demographic dividend,PST,2009,34.1
Pre-demographic dividend,PRE,2009,-175.6
Qatar,QAT,2009,-484.9
Romania,ROU,2009,19.9
Russian Federation,RUS,2009,-83.1
Rwanda,RWA,2009,6.8
Saudi Arabia,SAU,2009,-197.3
Senegal,SEN,2009,49.7
Serbia,SRB,2009,32.4
Singapore,SGP,2009,256.9
Slovak Republic,SVK,2009,67.2
Slovenia,SVN,2009,48.3
Small states,SST,2009,-93.3
South Africa,ZAF,2009,-2.2
South Asia,SAS,2009,28.5
South Asia (IDA & IBRD),TSA,2009,28.5
Spain,ESP,2009,86.5
Sub-Saharan Africa,SSF,2009,-79.8
Sub-Saharan Africa (IDA & IBRD countries),TSS,2009,-79.8
Sub-Saharan Africa (excluding high income),SSA,2009,-79.8
Sudan,SDN,2009,-110.7
Suriname,SUR,2009,-44.2
Sweden,SWE,2009,39.5
Switzerland,CHE,2009,58.4
Syrian Arab Republic,SYR,2009,-11.9
Tajikistan,TJK,2009,31.1
Thailand,THA,2009,44.7
Trinidad and Tobago,TTO,2009,-119.0
Tunisia,TUN,2009,19.1
Turkiye,TUR,2009,71.6
Turkmenistan,TKM,2009,-104.3
Uganda,UGA,2009,8.4
Ukraine,UKR,2009,36.2
United Arab Emirates,ARE,2009,-151.9
United Kingdom,GBR,2009,28.9
United States,USA,2009,25.9
Upper middle income,UMC,2009,-9.9
Uruguay,URY,2009,75.1
Uzbekistan,UZB,2009,-30.1
"Venezuela, RB",VEN,2009,-220.7
Viet Nam,VNM,2009,-26.0
World,WLD,2009,-0.1
"Yemen, Rep.",YEM,2009,-84.1
Zambia,ZMB,2009,9.8
Zimbabwe,ZWE,2009,10.4
Africa Eastern and Southern,AFE,2010,-47.6
Africa Western and Central,AFW,2010,-174.2
Albania,ALB,2010,29.0
Algeria,DZA,2010,-268.1
Angola,AGO,2010,-745.5
Arab World,ARB,2010,-177.3
Argentina,ARG,2010,-2.4
Armenia,ARM,2010,69.6
Australia,AUS,2010,-146.7
Austria,AUT,2010,64.3
Azerbaijan,AZE,2010,-457.1
Bahrain,BHR,2010,-53.4
Bangladesh,BGD,2010,14.5
Belarus,BLR,2010,85.0
Belgium,BEL,2010,89.3
Benin,BEN,2010,49.3
Bolivia,BOL,2010,-148.4
Bosnia and Herzegovina,BIH,2010,31.2
Botswana,BWA,2010,47.9
Brazil,BRA,2010,9.5
Brunei Darussalam,BRN,2010,-472.2
Bulgaria,BGR,2010,40.9
Cameroon,CMR,2010,-23.2
Canada,CAN,2010,-55.1
Caribbean small states,CSS,2010,-108.6
Central Europe and the Baltics,CEB,2010,36.7
Chad,TCD,2010,-225.6
Chile,CHL,2010,72.3
China,CHN,2010,13.6
Colombia,COL,2010,-245.9
"Congo, Dem. Rep.",COD,2010,-2.2
"Congo, Rep.",COG,2010,-934.3
Costa Rica,CRI,2010,53.2
Cote d'Ivoire,CIV,2010,-10.3
Croatia,HRV,2010,47.3
Cuba,CUB,2010,61.5
Curacao,CUW,2010,210.1
Czechia,CZE,2010,25.6
Denmark,DNK,2010,-17.6
Early-demographic dividend,EAR,2010,-32.2
East Asia & Pacific,EAS,2010,20.4
East Asia & Pacific (IDA & IBRD countries),TEA,2010,6.7
East Asia & Pacific (excluding high income),EAP,2010,6.6
Ecuador,ECU,2010,-106.2
"Egypt, Arab Rep.",EGY,2010,-15.3
El Salvador,SLV,2010,49.4
Equatorial Guinea,GNQ,2010,-1169.2
Estonia,EST,2010,15.4
Eswatini,SWZ,2010,12.9
Euro area,EMU,2010,65.2
Europe & Central Asia,ECS,2010,6.9
Europe & Central Asia (IDA & IBRD countries),TEC,2010,-40.9
Europe & Central Asia (excluding high income),ECA,2010,-2.8
European Union,EUU,2010,58.5
Finland,FIN,2010,49.3
Fragile and conflict affected situations,FCS,2010,-106.8
France,FRA,2010,50.4
Gabon,GAB,2010,-243.3
Georgia,GEO,2010,59.2
Germany,DEU,2010,62.1
Ghana,GHA,2010,49.3
Greece,GRC,2010,77.0
Guatemala,GTM,2010,29.1
High income,HIC,2010,8.2
Honduras,HND,2010,48.8
"Hong Kong SAR, China",HKG,2010,234.0
Hungary,HUN,2010,57.0
IBRD only,IBD,2010,-14.1
IDA & IBRD total,IBT,2010,-15.5
IDA blend,IDB,2010,-55.4
IDA only,IDX,2010,-13.0
IDA total,IDA,2010,-35.8
India,IND,2010,30.2
Indonesia,IDN,2010,-103.5
"Iran, Islamic Rep.",IRN,2010,-64.1
Iraq,IRQ,2010,-274.6
Ireland,IRL,2010,92.1
Israel,ISR,2010,88.3
Italy,ITA,2010,85.5
Jamaica,JAM,2010,101.4
Japan,JPN,2010,81.7
Jordan,JOR,2010,103.2
Kazakhstan,KAZ,2010,-123.6
Kenya,KEN,2010,22.5
"Korea, Dem. People's Rep.",PRK,2010,-10.3
"Korea, Rep.",KOR,2010,88.1
Kuwait,KWT,2010,-308.0
Kyrgyz Republic,KGZ,2010,64.8
Lao PDR,LAO,2010,3.4
Late-demographic dividend,LTE,2010,-16.4
Latin America & Caribbean,LCN,2010,-27.5
Latin America & Caribbean (excluding high income),LAC,2010,-16.0
Latin America & the Caribbean (IDA & IBRD countries),TLA,2010,-29.5
Latvia,LVA,2010,49.2
Least developed countries: UN classification,LDC,2010,-76.3
Libya,LBY,2010,-404.5
Lithuania,LTU,2010,81.9
Low & middle income,LMY,2010,-6.8
Low income,LIC,2010,-38.2
Lower middle income,LMC,2010,1.6
Luxembourg,LUX,2010,107.0
Malaysia,MYS,2010,-19.5
Malta,MLT,2010,282.2
Mexico,MEX,2010,-22.5
"Middle East, North Africa, Afghanistan & Pakistan",MEA,2010,-125.7
"Middle East, North Africa, Afghanistan & Pakistan (IDA & IBRD)",TMN,2010,-75.7
"Middle East, North Africa, Afghanistan & Pakistan (excluding high income)",MNA,2010,-75.7
Middle income,MIC,2010,-6.2
Moldova,MDA,2010,84.4
Mongolia,MNG,2010,-277.9
Montenegro,MNE,2010,26.5
Morocco,MAR,2010,95.9
Mozambique,MOZ,2010,-28.8
Myanmar,MMR,2010,-63.3
Namibia,NAM,2010,75.5
Nepal,NPL,2010,13.9
Netherlands,NLD,2010,34.0
New Zealand,NZL,2010,16.1
Nicaragua,NIC,2010,43.6
Niger,NER,2010,20.0
Nigeria,NGA,2010,-225.7
North America,NAC,2010,15.8
North Macedonia,MKD,2010,44.2
Norway,NOR,2010,-557.9
OECD members,OED,2010,29.4
Oman,OMN,2010,-253.0
Pakistan,PAK,2010,24.2
Panama,PAN,2010,167.3
Paraguay,PRY,2010,-48.3
Peru,PER,2010,1.6
Philippines,PHL,2010,42.6
Poland,POL,2010,32.0
Portugal,PRT,2010,79.5
Post-demographic dividend,PST,2010,33.3
Pre-demographic dividend,PRE,2010,-164.4
Qatar,QAT,2010,-553.0
Romania,ROU,2010,21.4
Russian Federation,RUS,2010,-82.9
Rwanda,RWA,2010,6.7
Saudi Arabia,SAU,2010,-174.6
Senegal,SEN,2010,53.0
Serbia,SRB,2010,33.5
Singapore,SGP,2010,278.4
Slovak Republic,SVK,2010,61.3
Slovenia,SVN,2010,48.7
Small states,SST,2010,-104.2
South Africa,ZAF,2010,-13.6
South Asia,SAS,2010,29.5
South Asia (IDA & IBRD),TSA,2010,29.5
Spain,ESP,2010,83.5
Sri Lanka,LKA,2010,41.9
Sub-Saharan Africa,SSF,2010,-84.6
Sub-Saharan Africa (IDA & IBRD countries),TSS,2010,-84.6
Sub-Saharan Africa (excluding high income),SSA,2010,-84.6
Sudan,SDN,2010,-121.7
Suriname,SUR,2010,-19.4
Sweden,SWE,2010,39.1
Switzerland,CHE,2010,57.5
Syrian Arab Republic,SYR,2010,-20.2
Tajikistan,TJK,2010,30.5
Thailand,THA,2010,43.7
Trinidad and Tobago,TTO,2010,-112.0
Tunisia,TUN,2010,20.1
Turkiye,TUR,2010,71.8
Turkmenistan,TKM,2010,-105.9
Uganda,UGA,2010,8.9
Ukraine,UKR,2010,31.7
United Arab Emirates,ARE,2010,-174.9
United Kingdom,GBR,2010,30.8
United States,USA,2010,24.1
Upper middle income,UMC,2010,-8.3
Uruguay,URY,2010,62.7
Uzbekistan,UZB,2010,-20.1
"Venezuela, RB",VEN,2010,-166.8
Viet Nam,VNM,2010,-12.6
World,WLD,2010,0.1
"Yemen, Rep.",YEM,2010,-141.9
Zambia,ZMB,2010,9.9
Zimbabwe,ZWE,2010,10.6
Africa Eastern and Southern,AFE,2011,-34.5
Africa Western and Central,AFW,2011,-160.4
Albania,ALB,2011,35.9
Algeria,DZA,2011,-243.5
Angola,AGO,2011,-646.0
Arab World,ARB,2011,-181.5
Argentina,ARG,2011,7.2
Armenia,ARM,2011,69.0
Australia,AUS,2011,-141.9
Austria,AUT,2011,71.9
Azerbaijan,AZE,2011,-378.0
Bahrain,BHR,2011,-58.3
Bangladesh,BGD,2011,17.5
Belarus,BLR,2011,84.1
Belgium,BEL,2011,86.8
Bolivia,BOL,2011,-148.4
Bosnia and Herzegovina,BIH,2011,34.0
Botswana,BWA,2011,50.5
Brazil,BRA,2011,10.7
Brunei Darussalam,BRN,2011,-376.3
Bulgaria,BGR,2011,37.2
Cameroon,CMR,2011,-13.3
Canada,CAN,2011,-56.3
Caribbean small states,CSS,2011,-97.4
Central Europe and the Baltics,CEB,2011,37.5
Chad,TCD,2011,-184.0
Chile,CHL,2011,73.8
China,CHN,2011,14.7
Colombia,COL,2011,-284.2
"Congo, Dem. Rep.",COD,2011,-1.5
"Congo, Rep.",COG,2011,-632.2
Costa Rica,CRI,2011,54.3
Cote d'Ivoire,CIV,2011,-6.4
Croatia,HRV,2011,50.5
Cuba,CUB,2011,57.4
Curacao,CUW,2011,201.9
Czechia,CZE,2011,28.9
Denmark,DNK,2011,-6.9
Early-demographic dividend,EAR,2011,-31.6
East Asia & Pacific,EAS,2011,20.5
East Asia & Pacific (IDA & IBRD countries),TEA,2011,6.9
East Asia & Pacific (excluding high income),EAP,2011,6.6
Ecuador,ECU,2011,-104.7
"Egypt, Arab Rep.",EGY,2011,-9.1
El Salvador,SLV,2011,49.7
Equatorial Guinea,GNQ,2011,-1056.1
Estonia,EST,2011,14.3
Eswatini,SWZ,2011,23.4
Ethiopia,ETH,2011,7.1
Euro area,EMU,2011,66.1
Europe & Central Asia,ECS,2011,7.3
Europe & Central Asia (IDA & IBRD countries),TEC,2011,-39.0
Europe & Central Asia (excluding high income),ECA,2011,-1.2
European Union,EUU,2011,59.3
Finland,FIN,2011,54.5
Fragile and conflict affected situations,FCS,2011,-85.3
France,FRA,2011,50.8
Gabon,GAB,2011,-274.3
Georgia,GEO,2011,69.5
Germany,DEU,2011,64.0
Ghana,GHA,2011,7.6
Greece,GRC,2011,73.1
Guatemala,GTM,2011,29.9
Heavily indebted poor countries (HIPC),HPC,2011,-24.4
High income,HIC,2011,5.5
Honduras,HND,2011,51.8
"Hong Kong SAR, China",HKG,2011,207.1
Hungary,HUN,2011,50.4
IBRD only,IBD,2011,-11.8
IDA & IBRD total,IBT,2011,-12.9
IDA blend,IDB,2011,-47.0
IDA only,IDX,2011,-9.1
IDA total,IDA,2011,-28.5
India,IND,2011,31.2
Indonesia,IDN,2011,-131.6
"Iran, Islamic Rep.",IRN,2011,-64.6
Iraq,IRQ,2011,-287.9
Ireland,IRL,2011,95.5
Israel,ISR,2011,81.0
Italy,ITA,2011,84.1
Jamaica,JAM,2011,102.7
Japan,JPN,2011,90.8
Jordan,JOR,2011,97.1
Kazakhstan,KAZ,2011,-109.3
Kenya,KEN,2011,22.9
"Korea, Dem. People's Rep.",PRK,2011,-43.4
"Korea, Rep.",KOR,2011,87.2
Kuwait,KWT,2011,-370.7
Kyrgyz Republic,KGZ,2011,50.7
Lao PDR,LAO,2011,-9.6
Late-demographic dividend,LTE,2011,-15.5
Latin America & Caribbean,LCN,2011,-27.3
Latin America & Caribbean (excluding high income),LAC,2011,-15.4
Latin America & the Caribbean (IDA & IBRD countries),TLA,2011,-29.2
Latvia,LVA,2011,64.5
Least developed countries: UN classification,LDC,2011,-55.7
Libya,LBY,2011,-95.2
Lithuania,LTU,2011,81.5
Low & middle income,LMY,2011,-4.5
Low income,LIC,2011,-40.2
Lower middle income,LMC,2011,4.8
Luxembourg,LUX,2011,106.7
Malaysia,MYS,2011,-9.9
Malta,MLT,2011,276.2
Mexico,MEX,2011,-17.6
"Middle East, North Africa, Afghanistan & Pakistan",MEA,2011,-129.8
"Middle East, North Africa, Afghanistan & Pakistan (IDA & IBRD)",TMN,2011,-63.0
"Middle East, North Africa, Afghanistan & Pakistan (excluding high income)",MNA,2011,-63.0
Middle income,MIC,2011,-3.8
Moldova,MDA,2011,85.6
Mongolia,MNG,2011,-247.9
Montenegro,MNE,2011,36.6
Morocco,MAR,2011,95.4
Mozambique,MOZ,2011,-21.5
Myanmar,MMR,2011,-60.7
Namibia,NAM,2011,75.6
Nepal,NPL,2011,14.4
Netherlands,NLD,2011,36.3
New Zealand,NZL,2011,19.1
Nicaragua,NIC,2011,51.2
Nigeria,NGA,2011,-184.4
North America,NAC,2011,12.4
North Macedonia,MKD,2011,45.4
Norway,NOR,2011,-620.3
OECD members,OED,2011,28.8
Oman,OMN,2011,-211.2
Pakistan,PAK,2011,23.0
Panama,PAN,2011,164.0
Paraguay,PRY,2011,-51.2
Peru,PER,2011,-10.6
Philippines,PHL,2011,41.6
Poland,POL,2011,34.2
Portugal,PRT,2011,82.8
Post-demographic dividend,PST,2011,33.0
Pre-demographic dividend,PRE,2011,-151.5
Qatar,QAT,2011,-669.0
Romania,ROU,2011,21.1
Russian Federation,RUS,2011,-80.5
Rwanda,RWA,2011,7.2
Saudi Arabia,SAU,2011,-194.5
Senegal,SEN,2011,52.9
Serbia,SRB,2011,30.7
Singapore,SGP,2011,318.4
Slovak Republic,SVK,2011,62.6
Slovenia,SVN,2011,47.8
Small states,SST,2011,-92.7
South Africa,ZAF,2011,-11.6
South Asia,SAS,2011,30.6
South Asia (IDA & IBRD),TSA,2011,30.6
Spain,ESP,2011,83.5
Sri Lanka,LKA,2011,54.5
Sub-Saharan Africa,SSF,2011,-68.2
Sub-Saharan Africa (IDA & IBRD countries),TSS,2011,-68.2
Sub-Saharan Africa (excluding high income),SSA,2011,-75.5
Sudan,SDN,2011,-104.2
Suriname,SUR,2011,3.4
Sweden,SWE,2011,38.5
Switzerland,CHE,2011,57.1
Syrian Arab Republic,SYR,2011,-14.0
Tajikistan,TJK,2011,31.0
Thailand,THA,2011,44.5
Trinidad and Tobago,TTO,2011,-102.2
Tunisia,TUN,2011,25.6
Turkiye,TUR,2011,72.3
Turkmenistan,TKM,2011,-163.9
Uganda,UGA,2011,9.3
Ukraine,UKR,2011,37.7
United Arab Emirates,ARE,2011,-203.9
United Kingdom,GBR,2011,39.5
United States,USA,2011,20.7
Upper middle income,UMC,2011,-6.2
Uruguay,URY,2011,64.4
Uzbekistan,UZB,2011,-13.1
"Venezuela, RB",VEN,2011,-200.4
Viet Nam,VNM,2011,-9.7
World,WLD,2011,-0.4
"Yemen, Rep.",YEM,2011,-174.9
Zambia,ZMB,2011,10.9
Zimbabwe,ZWE,2011,18.3
Africa Eastern and Southern,AFE,2012,-30.7
Africa Western and Central,AFW,2012,-161.1
Albania,ALB,2012,15.7
Algeria,DZA,2012,-209.6
Angola,AGO,2012,-604.2
Arab World,ARB,2012,-185.0
Argentina,ARG,2012,8.1
Armenia,ARM,2012,74.3
Australia,AUS,2012,-149.2
Austria,AUT,2012,65.5
Azerbaijan,AZE,2012,-327.0
Bahrain,BHR,2012,-56.8
Bangladesh,BGD,2012,18.4
Belarus,BLR,2012,87.2
Belgium,BEL,2012,86.3
Bolivia,BOL,2012,-160.6
Bosnia and Herzegovina,BIH,2012,33.3
Botswana,BWA,2012,46.9
Brazil,BRA,2012,12.1
Brunei Darussalam,BRN,2012,-378.8
Bulgaria,BGR,2012,37.4
Cameroon,CMR,2012,-15.1
Canada,CAN,2012,-59.8
Caribbean small states,CSS,2012,-99.7
Central Europe and the Baltics,CEB,2012,36.1
Chad,TCD,2012,-117.3
Chile,CHL,2012,67.1
China,CHN,2012,16.6
Colombia,COL,2012,-308.8
"Congo, Dem. Rep.",COD,2012,-1.0
"Congo, Rep.",COG,2012,-537.7
Costa Rica,CRI,2012,50.3
Cote d'Ivoire,CIV,2012,1.6
Croatia,HRV,2012,50.6
Cuba,CUB,2012,58.2
Curacao,CUW,2012,199.0
Czechia,CZE,2012,25.4
Denmark,DNK,2012,-3.5
Dominican Republic,DOM,2012,93.2
Early-demographic dividend,EAR,2012,-28.8
East Asia & Pacific,EAS,2012,21.6
East Asia & Pacific (IDA & IBRD countries),TEA,2012,8.5
East Asia & Pacific (excluding high income),EAP,2012,8.2
Ecuador,ECU,2012,-108.9
"Egypt, Arab Rep.",EGY,2012,-3.8
El Salvador,SLV,2012,49.6
Equatorial Guinea,GNQ,2012,-1080.4
Estonia,EST,2012,22.5
Eswatini,SWZ,2012,26.5
Ethiopia,ETH,2012,7.4
Euro area,EMU,2012,64.5
Europe & Central Asia,ECS,2012,6.0
Europe & Central Asia (IDA & IBRD countries),TEC,2012,-40.2
Europe & Central Asia (excluding high income),ECA,2012,-2.6
European Union,EUU,2012,57.7
Finland,FIN,2012,47.5
Fragile and conflict affected situations,FCS,2012,-95.7
France,FRA,2012,49.9
Gabon,GAB,2012,-296.9
Georgia,GEO,2012,71.4
Germany,DEU,2012,63.4
Ghana,GHA,2012,7.8
Greece,GRC,2012,73.1
Guatemala,GTM,2012,30.4
Heavily indebted poor countries (HIPC),HPC,2012,-10.8
High income,HIC,2012,3.2
Honduras,HND,2012,51.7
"Hong Kong SAR, China",HKG,2012,203.0
Hungary,HUN,2012,50.2
IBRD only,IBD,2012,-10.2
IDA & IBRD total,IBT,2012,-11.2
IDA blend,IDB,2012,-52.4
IDA only,IDX,2012,1.0
IDA total,IDA,2012,-25.1
India,IND,2012,32.8
Indonesia,IDN,2012,-130.3
"Iran, Islamic Rep.",IRN,2012,-37.0
Iraq,IRQ,2012,-290.0
Ireland,IRL,2012,89.7
Israel,ISR,2012,95.6
Italy,ITA,2012,81.8
Jamaica,JAM,2012,100.2
Japan,JPN,2012,96.1
Jordan,JOR,2012,103.4
Kazakhstan,KAZ,2012,-119.1
Kenya,KEN,2012,20.9
"Korea, Dem. People's Rep.",PRK,2012,-43.4
"Korea, Rep.",KOR,2012,86.5
Kuwait,KWT,2012,-397.6
Kyrgyz Republic,KGZ,2012,60.6
Lao PDR,LAO,2012,-5.8
Late-demographic dividend,LTE,2012,-14.6
Latin America & Caribbean,LCN,2012,-23.4
Latin America & Caribbean (excluding high income),LAC,2012,-12.3
Latin America & the Caribbean (IDA & IBRD countries),TLA,2012,-25.1
Latvia,LVA,2012,60.9
Least developed countries: UN classification,LDC,2012,-39.8
Libya,LBY,2012,-366.9
Lithuania,LTU,2012,80.1
Low & middle income,LMY,2012,-2.7
Low income,LIC,2012,-18.5
Lower middle income,LMC,2012,5.8
Luxembourg,LUX,2012,106.4
Malaysia,MYS,2012,-10.7
Malta,MLT,2012,247.8
Mexico,MEX,2012,-11.7
"Middle East, North Africa, Afghanistan & Pakistan",MEA,2012,-127.4
"Middle East, North Africa, Afghanistan & Pakistan (IDA & IBRD)",TMN,2012,-59.0
"Middle East, North Africa, Afghanistan & Pakistan (excluding high income)",MNA,2012,-59.0
Middle income,MIC,2012,-2.4
Moldova,MDA,2012,84.0
Mongolia,MNG,2012,-301.0
Montenegro,MNE,2012,34.7
Morocco,MAR,2012,103.8
Mozambique,MOZ,2012,-32.0
Myanmar,MMR,2012,-48.0
Namibia,NAM,2012,73.6
Nepal,NPL,2012,17.2
Netherlands,NLD,2012,37.3
New Zealand,NZL,2012,19.9
Nicaragua,NIC,2012,43.8
Niger,NER,2012,-0.1
Nigeria,NGA,2012,-200.7
North America,NAC,2012,9.0
North Macedonia,MKD,2012,48.4
Norway,NOR,2012,-598.4
OECD members,OED,2012,27.5
Oman,OMN,2012,-199.4
Pakistan,PAK,2012,23.1
Panama,PAN,2012,168.6
Paraguay,PRY,2012,-50.6
Peru,PER,2012,-11.3
Philippines,PHL,2012,42.9
Poland,POL,2012,31.7
Portugal,PRT,2012,85.1
Post-demographic dividend,PST,2012,31.4
Pre-demographic dividend,PRE,2012,-135.3
Qatar,QAT,2012,-491.8
Romania,ROU,2012,22.5
Russian Federation,RUS,2012,-80.2
Rwanda,RWA,2012,7.8
Saudi Arabia,SAU,2012,-198.4
Senegal,SEN,2012,51.2
Serbia,SRB,2012,28.0
Singapore,SGP,2012,288.1
Slovak Republic,SVK,2012,58.1
Slovenia,SVN,2012,51.5
Small states,SST,2012,-94.6
South Africa,ZAF,2012,-18.1
South Asia,SAS,2012,32.1
South Asia (IDA & IBRD),TSA,2012,32.1
South Sudan,SSD,2012,-171.5
Spain,ESP,2012,79.9
Sub-Saharan Africa,SSF,2012,-64.4
Sub-Saharan Africa (IDA & IBRD countries),TSS,2012,-64.4
Sub-Saharan Africa (excluding high income),SSA,2012,-71.1
Sudan,SDN,2012,-14.3
Suriname,SUR,2012,-10.5
Sweden,SWE,2012,31.5
Switzerland,CHE,2012,57.4
Syrian Arab Republic,SYR,2012,15.5
Tajikistan,TJK,2012,30.0
Tanzania,TZA,2012,13.1
Thailand,THA,2012,43.7
Trinidad and Tobago,TTO,2012,-103.3
Tunisia,TUN,2012,29.4
Turkiye,TUR,2012,76.5
Turkmenistan,TKM,2012,-174.9
Uganda,UGA,2012,9.1
Ukraine,UKR,2012,31.4
United Arab Emirates,ARE,2012,-204.4
United Kingdom,GBR,2012,46.0
United States,USA,2012,17.5
Upper middle income,UMC,2012,-4.7
Uruguay,URY,2012,72.1
Uzbekistan,UZB,2012,-25.6
"Venezuela, RB",VEN,2012,-189.7
Viet Nam,VNM,2012,-11.5
World,WLD,2012,-0.7
"Yemen, Rep.",YEM,2012,-144.9
Zambia,ZMB,2012,11.0
Zimbabwe,ZWE,2012,19.2
Africa Eastern and Southern,AFE,2013,-30.9
Africa Western and Central,AFW,2013,-136.9
Albania,ALB,2013,25.2
Algeria,DZA,2013,-186.3
Angola,AGO,2013,-608.4
Arab World,ARB,2013,-174.1
Argentina,ARG,2013,14.0
Armenia,ARM,2013,73.7
Australia,AUS,2013,-164.7
Austria,AUT,2013,62.9
Azerbaijan,AZE,2013,-326.5
Bahrain,BHR,2013,-54.4
Bangladesh,BGD,2013,18.0
Belarus,BLR,2013,86.7
Belgium,BEL,2013,87.3
Bolivia,BOL,2013,-192.0
Bosnia and Herzegovina,BIH,2013,29.7
Botswana,BWA,2013,45.5
Brazil,BRA,2013,15.8
Brunei Darussalam,BRN,2013,-453.1
Bulgaria,BGR,2013,39.1
Cameroon,CMR,2013,-18.3
Canada,CAN,2013,-65.7
Caribbean small states,CSS,2013,-97.7
Central Europe and the Baltics,CEB,2013,33.7
Chad,TCD,2013,-132.3
Chile,CHL,2013,65.9
China,CHN,2013,17.3
Colombia,COL,2013,-223.8
"Congo, Dem. Rep.",COD,2013,-0.4
"Congo, Rep.",COG,2013,-453.8
Costa Rica,CRI,2013,51.0
Cote d'Ivoire,CIV,2013,6.1
Croatia,HRV,2013,48.3
Cuba,CUB,2013,57.0
Curacao,CUW,2013,203.9
Czechia,CZE,2013,27.7
Denmark,DNK,2013,13.3
Dominican Republic,DOM,2013,93.0
Early-demographic dividend,EAR,2013,-26.8
East Asia & Pacific,EAS,2013,21.6
East Asia & Pacific (IDA & IBRD countries),TEA,2013,9.3
East Asia & Pacific (excluding high income),EAP,2013,9.0
Ecuador,ECU,2013,-105.6
"Egypt, Arab Rep.",EGY,2013,0.8
El Salvador,SLV,2013,52.7
Equatorial Guinea,GNQ,2013,-823.9
Estonia,EST,2013,15.8
Eswatini,SWZ,2013,19.1
Ethiopia,ETH,2013,8.2
Euro area,EMU,2013,63.2
Europe & Central Asia,ECS,2013,4.2
Europe & Central Asia (IDA & IBRD countries),TEC,2013,-45.4
Europe & Central Asia (excluding high income),ECA,2013,-6.7
European Union,EUU,2013,56.6
Finland,FIN,2013,50.1
Fragile and conflict affected situations,FCS,2013,-81.7
France,FRA,2013,49.7
Gabon,GAB,2013,-189.8
Georgia,GEO,2013,67.8
Germany,DEU,2013,64.6
Ghana,GHA,2013,-6.9
Greece,GRC,2013,69.1
Guatemala,GTM,2013,31.6
Heavily indebted poor countries (HIPC),HPC,2013,-10.6
High income,HIC,2013,1.1
Honduras,HND,2013,53.8
"Hong Kong SAR, China",HKG,2013,209.1
Hungary,HUN,2013,50.1
IBRD only,IBD,2013,-8.9
IDA & IBRD total,IBT,2013,-9.6
IDA blend,IDB,2013,-41.8
IDA only,IDX,2013,2.6
IDA total,IDA,2013,-18.6
India,IND,2013,34.0
Indonesia,IDN,2013,-134.0
"Iran, Islamic Rep.",IRN,2013,-33.6
Iraq,IRQ,2013,-275.5
Ireland,IRL,2013,94.6
Israel,ISR,2013,84.5
Italy,ITA,2013,79.3
Jamaica,JAM,2013,107.7
Japan,JPN,2013,95.7
Jordan,JOR,2013,98.2
Kazakhstan,KAZ,2013,-104.7
Kenya,KEN,2013,20.3
"Korea, Dem. People's Rep.",PRK,2013,-86.1
"Korea, Rep.",KOR,2013,88.1
Kuwait,KWT,2013,-399.3
Kyrgyz Republic,KGZ,2013,57.6
Lao PDR,LAO,2013,-8.7
Late-demographic dividend,LTE,2013,-13.4
Latin America & Caribbean,LCN,2013,-19.0
Latin America & Caribbean (excluding high income),LAC,2013,-8.7
Latin America & the Caribbean (IDA & IBRD countries),TLA,2013,-20.5
Latvia,LVA,2013,60.5
Least developed countries: UN classification,LDC,2013,-38.9
Lebanon,LBN,2013,100.2
Libya,LBY,2013,-282.8
Lithuania,LTU,2013,78.0
Low & middle income,LMY,2013,-0.6
Low income,LIC,2013,-23.1
Lower middle income,LMC,2013,9.4
Luxembourg,LUX,2013,106.2
Malaysia,MYS,2013,-1.0
Malta,MLT,2013,276.6
Mexico,MEX,2013,-10.4
"Middle East, North Africa, Afghanistan & Pakistan",MEA,2013,-120.9
"Middle East, North Africa, Afghanistan & Pakistan (IDA & IBRD)",TMN,2013,-49.0
"Middle East, North Africa, Afghanistan & Pakistan (excluding high income)",MNA,2013,-49.0
Middle income,MIC,2013,-0.3
Moldova,MDA,2013,82.4
Mongolia,MNG,2013,-232.0
Montenegro,MNE,2013,23.7
Morocco,MAR,2013,99.7
Mozambique,MOZ,2013,-38.9
Myanmar,MMR,2013,-41.6
Namibia,NAM,2013,76.7
Nepal,NPL,2013,16.9
Netherlands,NLD,2013,28.8
New Zealand,NZL,2013,24.4
Nicaragua,NIC,2013,42.7
Niger,NER,2013,-4.1
Nigeria,NGA,2013,-169.5
North America,NAC,2013,5.6
North Macedonia,MKD,2013,46.9
Norway,NOR,2013,-535.3
OECD members,OED,2013,25.4
Oman,OMN,2013,-205.4
Pakistan,PAK,2013,23.7
Panama,PAN,2013,168.4
Paraguay,PRY,2013,-50.8
Peru,PER,2013,-11.9
Philippines,PHL,2013,44.0
Poland,POL,2013,26.5
Portugal,PRT,2013,78.8
Post-demographic dividend,PST,2013,29.2
Pre-demographic dividend,PRE,2013,-121.8
Qatar,QAT,2013,-467.4
Romania,ROU,2013,18.3
Russian Federation,RUS,2013,-86.7
Saudi Arabia,SAU,2013,-196.9
Senegal,SEN,2013,58.5
Serbia,SRB,2013,24.2
Singapore,SGP,2013,267.3
Slovak Republic,SVK,2013,57.6
Slovenia,SVN,2013,47.3
Small states,SST,2013,-93.8
South Africa,ZAF,2013,-18.7
South Asia,SAS,2013,33.4
South Asia (IDA & IBRD),TSA,2013,33.4
South Sudan,SSD,2013,-667.8
Spain,ESP,2013,76.7
Sri Lanka,LKA,2013,54.5
Sub-Saharan Africa,SSF,2013,-58.7
Sub-Saharan Africa (IDA & IBRD countries),TSS,2013,-58.7
Sub-Saharan Africa (excluding high income),SSA,2013,-65.1
Sudan,SDN,2013,1.1
Suriname,SUR,2013,9.6
Sweden,SWE,2013,34.0
Switzerland,CHE,2013,57.4
Syrian Arab Republic,SYR,2013,43.1
Tajikistan,TJK,2013,28.0
Tanzania,TZA,2013,14.0
Thailand,THA,2013,43.0
Trinidad and Tobago,TTO,2013,-103.1
Tunisia,TUN,2013,33.2
Turkiye,TUR,2013,76.7
Turkmenistan,TKM,2013,-224.0
Uganda,UGA,2013,8.6
Ukraine,UKR,2013,27.0
United Arab Emirates,ARE,2013,-197.7
United Kingdom,GBR,2013,50.6
United States,USA,2013,14.4
Upper middle income,UMC,2013,-3.0
Uruguay,URY,2013,55.4
Uzbekistan,UZB,2013,-20.7
"Venezuela, RB",VEN,2013,-160.5
Viet Nam,VNM,2013,-8.0
World,WLD,2013,-0.7
"Yemen, Rep.",YEM,2013,-117.5
Zambia,ZMB,2013,10.7
Zimbabwe,ZWE,2013,20.6
Africa Eastern and Southern,AFE,2014,-26.8
Africa Western and Central,AFW,2014,-135.5
Albania,ALB,2014,28.9
Algeria,DZA,2014,-171.5
Angola,AGO,2014,-637.7
Arab World,ARB,2014,-157.5
Argentina,ARG,2014,14.1
Armenia,ARM,2014,71.7
Australia,AUS,2014,-185.6
Austria,AUT,2014,67.5
Azerbaijan,AZE,2014,-312.7
Bahrain,BHR,2014,-65.7
Bangladesh,BGD,2014,19.6
Belarus,BLR,2014,87.8
Belgium,BEL,2014,89.7
Bolivia,BOL,2014,-179.2
Bosnia and Herzegovina,BIH,2014,28.2
Botswana,BWA,2014,37.3
Brazil,BRA,2014,14.2
Brunei Darussalam,BRN,2014,-351.4
Bulgaria,BGR,2014,35.7
Cameroon,CMR,2014,-19.7
Canada,CAN,2014,-66.7
Caribbean small states,CSS,2014,-93.9
Central Europe and the Baltics,CEB,2014,35.3
Chile,CHL,2014,67.3
China,CHN,2014,17.5
Colombia,COL,2014,-237.4
"Congo, Dem. Rep.",COD,2014,0.4
"Congo, Rep.",COG,2014,-460.0
Costa Rica,CRI,2014,52.3
Cote d'Ivoire,CIV,2014,7.7
Croatia,HRV,2014,45.0
Cuba,CUB,2014,54.2
Curacao,CUW,2014,192.1
Czechia,CZE,2014,30.3
Denmark,DNK,2014,13.5
Dominican Republic,DOM,2014,93.6
Early-demographic dividend,EAR,2014,-20.6
East Asia & Pacific,EAS,2014,21.3
East Asia & Pacific (IDA & IBRD countries),TEA,2014,10.2
East Asia & Pacific (excluding high income),EAP,2014,9.9
Ecuador,ECU,2014,-98.8
"Egypt, Arab Rep.",EGY,2014,8.1
El Salvador,SLV,2014,56.1
Equatorial Guinea,GNQ,2014,-907.0
Estonia,EST,2014,12.5
Eswatini,SWZ,2014,22.7
Ethiopia,ETH,2014,9.2
Euro area,EMU,2014,63.7
Europe & Central Asia,ECS,2014,3.6
Europe & Central Asia (IDA & IBRD countries),TEC,2014,-45.2
Europe & Central Asia (excluding high income),ECA,2014,-8.7
European Union,EUU,2014,57.3
Finland,FIN,2014,50.3
Fragile and conflict affected situations,FCS,2014,-82.7
France,FRA,2014,47.9
Gabon,GAB,2014,-195.3
Georgia,GEO,2014,71.0
Germany,DEU,2014,64.0
Ghana,GHA,2014,-7.7
Greece,GRC,2014,73.0
Guatemala,GTM,2014,33.4
Heavily indebted poor countries (HIPC),HPC,2014,-8.2
High income,HIC,2014,-0.3
Honduras,HND,2014,51.9
"Hong Kong SAR, China",HKG,2014,200.9
Hungary,HUN,2014,59.7
IBRD only,IBD,2014,-6.9
IDA & IBRD total,IBT,2014,-7.6
IDA blend,IDB,2014,-39.4
IDA only,IDX,2014,4.7
IDA total,IDA,2014,-16.1
India,IND,2014,36.5
Indonesia,IDN,2014,-122.7
"Iran, Islamic Rep.",IRN,2014,-27.8
Iraq,IRQ,2014,-307.7
Ireland,IRL,2014,91.3
Israel,ISR,2014,76.6
Italy,ITA,2014,78.4
Jamaica,JAM,2014,105.3
Japan,JPN,2014,95.6
Jordan,JOR,2014,102.4
Kazakhstan,KAZ,2014,-145.0
Kenya,KEN,2014,21.2
"Korea, Dem. People's Rep.",PRK,2014,-74.2
"Korea, Rep.",KOR,2014,86.9
Kuwait,KWT,2014,-427.5
Kyrgyz Republic,KGZ,2014,54.1
Lao PDR,LAO,2014,-5.3
Late-demographic dividend,LTE,2014,-12.4
Latin America & Caribbean,LCN,2014,-20.1
Latin America & Caribbean (excluding high income),LAC,2014,-9.2
Latin America & the Caribbean (IDA & IBRD countries),TLA,2014,-21.7
Latvia,LVA,2014,43.7
Least developed countries: UN classification,LDC,2014,-34.6
Libya,LBY,2014,-74.0
Lithuania,LTU,2014,76.5
Low & middle income,LMY,2014,1.2
Low income,LIC,2014,-17.1
Lower middle income,LMC,2014,12.7
Luxembourg,LUX,2014,106.9
Malaysia,MYS,2014,-1.3
Malta,MLT,2014,264.2
Mexico,MEX,2014,-7.9
"Middle East, North Africa, Afghanistan & Pakistan",MEA,2014,-108.4
"Middle East, North Africa, Afghanistan & Pakistan (IDA & IBRD)",TMN,2014,-40.0
"Middle East, North Africa, Afghanistan & Pakistan (excluding high income)",MNA,2014,-40.0
Middle income,MIC,2014,1.5
Moldova,MDA,2014,81.8
Mongolia,MNG,2014,-248.7
Montenegro,MNE,2014,30.4
Morocco,MAR,2014,102.8
Mozambique,MOZ,2014,-44.3
Myanmar,MMR,2014,-43.5
Namibia,NAM,2014,74.7
Nepal,NPL,2014,18.5
Netherlands,NLD,2014,38.1
New Zealand,NZL,2014,22.4
Nicaragua,NIC,2014,39.8
Niger,NER,2014,-3.8
Nigeria,NGA,2014,-168.0
North America,NAC,2014,3.0
North Macedonia,MKD,2014,51.8
Norway,NOR,2014,-597.0
OECD members,OED,2014,23.1
Oman,OMN,2014,-199.8
Pakistan,PAK,2014,26.3
Panama,PAN,2014,163.6
Paraguay,PRY,2014,-34.5
Peru,PER,2014,-7.9
Philippines,PHL,2014,43.8
Poland,POL,2014,29.7
Portugal,PRT,2014,77.4
Post-demographic dividend,PST,2014,26.6
Pre-demographic dividend,PRE,2014,-122.7
Qatar,QAT,2014,-480.7
Romania,ROU,2014,16.7
Russian Federation,RUS,2014,-83.5
Rwanda,RWA,2014,8.5
Saudi Arabia,SAU,2014,-172.6
Senegal,SEN,2014,60.0
Serbia,SRB,2014,28.2
Singapore,SGP,2014,275.2
Slovak Republic,SVK,2014,59.8
Slovenia,SVN,2014,44.8
Small states,SST,2014,-87.6
South Africa,ZAF,2014,-12.8
South Asia,SAS,2014,35.9
South Asia (IDA & IBRD),TSA,2014,35.9
South Sudan,SSD,2014,-1055.2
Spain,ESP,2014,80.1
Sri Lanka,LKA,2014,58.8
Sub-Saharan Africa,SSF,2014,-54.0
Sub-Saharan Africa (IDA & IBRD countries),TSS,2014,-54.0
Sub-Saharan Africa (excluding high income),SSA,2014,-60.0
Sudan,SDN,2014,2.0
Suriname,SUR,2014,14.6
Sweden,SWE,2014,34.1
Switzerland,CHE,2014,53.9
Syrian Arab Republic,SYR,2014,57.9
Tajikistan,TJK,2014,32.1
Tanzania,TZA,2014,13.0
Thailand,THA,2014,44.0
Trinidad and Tobago,TTO,2014,-99.6
Tunisia,TUN,2014,39.2
Turkiye,TUR,2014,78.7
Turkmenistan,TKM,2014,-239.5
Uganda,UGA,2014,8.9
Ukraine,UKR,2014,26.0
United Arab Emirates,ARE,2014,-153.3
United Kingdom,GBR,2014,49.7
United States,USA,2014,11.7
Upper middle income,UMC,2014,-1.7
Uruguay,URY,2014,49.8
Uzbekistan,UZB,2014,-18.5
"Venezuela, RB",VEN,2014,-190.9
Viet Nam,VNM,2014,-0.4
World,WLD,2014,-0.5
"Yemen, Rep.",YEM,2014,-104.5
Zambia,ZMB,2014,10.1
Zimbabwe,ZWE,2014,18.2
Africa Eastern and Southern,AFE,2015,-29.1
Africa Western and Central,AFW,2015,-144.4
Albania,ALB,2015,12.7
Algeria,DZA,2015,-158.9
Angola,AGO,2015,-568.9
Arab World,ARB,2015,-158.7
Argentina,ARG,2015,13.5
Armenia,ARM,2015,67.6
Australia,AUS,2015,-197.4
Austria,AUT,2015,62.1
Azerbaijan,AZE,2015,-311.4
Bahrain,BHR,2015,-57.4
Bangladesh,BGD,2015,20.4
Belarus,BLR,2015,85.0
Belgium,BEL,2015,95.3
Bolivia,BOL,2015,-174.6
Bosnia and Herzegovina,BIH,2015,33.7
Botswana,BWA,2015,34.9
Brazil,BRA,2015,8.6
Brunei Darussalam,BRN,2015,-486.2
Bulgaria,BGR,2015,37.1
Cameroon,CMR,2015,-28.0
Canada,CAN,2015,-68.4
Caribbean small states,CSS,2015,-86.6
Central Europe and the Baltics,CEB,2015,35.9
Chile,CHL,2015,68.2
China,CHN,2015,16.7
Colombia,COL,2015,-212.8
"Congo, Dem. Rep.",COD,2015,-0.0
"Congo, Rep.",COG,2015,-420.2
Costa Rica,CRI,2015,50.9
Cote d'Ivoire,CIV,2015,3.2
Croatia,HRV,2015,49.6
Cuba,CUB,2015,54.8
Curacao,CUW,2015,190.4
Cyprus,CYP,2015,120.8
Czechia,CZE,2015,32.1
Denmark,DNK,2015,14.4
Dominican Republic,DOM,2015,95.4
Early-demographic dividend,EAR,2015,-18.2
East Asia & Pacific,EAS,2015,21.2
East Asia & Pacific (IDA & IBRD countries),TEA,2015,10.4
East Asia & Pacific (excluding high income),EAP,2015,10.1
Ecuador,ECU,2015,-101.7
"Egypt, Arab Rep.",EGY,2015,12.9
El Salvador,SLV,2015,58.4
Equatorial Guinea,GNQ,2015,-988.3
Estonia,EST,2015,12.0
Eswatini,SWZ,2015,23.3
Ethiopia,ETH,2015,9.4
Euro area,EMU,2015,65.7
Europe & Central Asia,ECS,2015,2.9
Europe & Central Asia (IDA & IBRD countries),TEC,2015,-47.6
Europe & Central Asia (excluding high income),ECA,2015,-6.1
European Union,EUU,2015,59.0
Finland,FIN,2015,48.5
Fragile and conflict affected situations,FCS,2015,-90.7
France,FRA,2015,47.6
Gabon,GAB,2015,-203.8
Georgia,GEO,2015,73.8
Germany,DEU,2015,64.4
Ghana,GHA,2015,-6.4
Greece,GRC,2015,79.1
Guatemala,GTM,2015,39.2
Heavily indebted poor countries (HIPC),HPC,2015,-7.3
High income,HIC,2015,-1.3
Honduras,HND,2015,43.7
"Hong Kong SAR, China",HKG,2015,203.7
Hungary,HUN,2015,53.8
IBRD only,IBD,2015,-7.1
IDA & IBRD total,IBT,2015,-7.6
IDA blend,IDB,2015,-40.4
IDA only,IDX,2015,8.1
IDA total,IDA,2015,-14.5
India,IND,2015,37.3
Indonesia,IDN,2015,-109.3
"Iran, Islamic Rep.",IRN,2015,-32.6
Iraq,IRQ,2015,-392.9
Ireland,IRL,2015,95.2
Israel,ISR,2015,76.8
Italy,ITA,2015,79.6
Jamaica,JAM,2015,109.4
Japan,JPN,2015,94.8
Jordan,JOR,2015,101.5
Kazakhstan,KAZ,2015,-163.3
Kenya,KEN,2015,21.5
"Korea, Dem. People's Rep.",PRK,2015,-115.3
"Korea, Rep.",KOR,2015,86.7
Kuwait,KWT,2015,-357.0
Kyrgyz Republic,KGZ,2015,64.7
Lao PDR,LAO,2015,3.9
Late-demographic dividend,LTE,2015,-13.5
Latin America & Caribbean,LCN,2015,-18.0
Latin America & Caribbean (excluding high income),LAC,2015,-7.9
Latin America & the Caribbean (IDA & IBRD countries),TLA,2015,-19.6
Latvia,LVA,2015,55.5
Least developed countries: UN classification,LDC,2015,-31.8
Libya,LBY,2015,-78.2
Lithuania,LTU,2015,77.7
Low & middle income,LMY,2015,1.5
Low income,LIC,2015,-12.4
Lower middle income,LMC,2015,14.1
Luxembourg,LUX,2015,107.7
Malaysia,MYS,2015,-9.8
Malta,MLT,2015,347.2
Mexico,MEX,2015,-0.8
"Middle East, North Africa, Afghanistan & Pakistan",MEA,2015,-111.2
"Middle East, North Africa, Afghanistan & Pakistan (IDA & IBRD)",TMN,2015,-44.0
"Middle East, North Africa, Afghanistan & Pakistan (excluding high income)",MNA,2015,-44.0
Middle income,MIC,2015,1.7
Moldova,MDA,2015,82.6
Mongolia,MNG,2015,-210.6
Montenegro,MNE,2015,30.5
Morocco,MAR,2015,96.0
Mozambique,MOZ,2015,-44.4
Myanmar,MMR,2015,-49.9
Namibia,NAM,2015,77.5
Nepal,NPL,2015,16.8
Netherlands,NLD,2015,58.8
New Zealand,NZL,2015,23.9
Nicaragua,NIC,2015,46.2
Niger,NER,2015,-0.3
Nigeria,NGA,2015,-184.4
North America,NAC,2015,2.8
North Macedonia,MKD,2015,52.5
Norway,NOR,2015,-719.2
OECD members,OED,2015,23.3
Oman,OMN,2015,-200.5
Pakistan,PAK,2015,29.0
Panama,PAN,2015,170.0
Paraguay,PRY,2015,-27.1
Peru,PER,2015,-0.7
Philippines,PHL,2015,49.3
Poland,POL,2015,30.2
Portugal,PRT,2015,84.3
Post-demographic dividend,PST,2015,26.4
Pre-demographic dividend,PRE,2015,-133.6
Qatar,QAT,2015,-479.5
Romania,ROU,2015,16.8
Russian Federation,RUS,2015,-89.9
Rwanda,RWA,2015,9.1
Saudi Arabia,SAU,2015,-175.6
Senegal,SEN,2015,69.0
Serbia,SRB,2015,27.8
Singapore,SGP,2015,277.4
Slovak Republic,SVK,2015,57.4
Slovenia,SVN,2015,49.1
Small states,SST,2015,-75.9
South Africa,ZAF,2015,-17.7
South Asia,SAS,2015,36.6
South Asia (IDA & IBRD),TSA,2015,36.6
South Sudan,SSD,2015,-801.7
Spain,ESP,2015,80.0
Sri Lanka,LKA,2015,56.9
Sub-Saharan Africa,SSF,2015,-57.1
Sub-Saharan Africa (IDA & IBRD countries),TSS,2015,-57.1
Sub-Saharan Africa (excluding high income),SSA,2015,-63.7
Sudan,SDN,2015,4.2
Suriname,SUR,2015,4.5
Sweden,SWE,2015,32.9
Switzerland,CHE,2015,56.4
Syrian Arab Republic,SYR,2015,59.7
Tajikistan,TJK,2015,31.0
Tanzania,TZA,2015,14.6
Thailand,THA,2015,46.3
Trinidad and Tobago,TTO,2015,-91.0
Tunisia,TUN,2015,45.2
Turkiye,TUR,2015,80.4
Turkmenistan,TKM,2015,-249.2
Uganda,UGA,2015,9.2
Ukraine,UKR,2015,32.3
United Arab Emirates,ARE,2015,-145.0
United Kingdom,GBR,2015,40.3
United States,USA,2015,11.7
Upper middle income,UMC,2015,-2.0
Uruguay,URY,2015,48.1
Uzbekistan,UZB,2015,-21.7
"Venezuela, RB",VEN,2015,-186.8
Viet Nam,VNM,2015,8.3
World,WLD,2015,-0.8
"Yemen, Rep.",YEM,2015,-8.0
Zambia,ZMB,2015,12.9
Zimbabwe,ZWE,2015,18.3
Africa Eastern and Southern,AFE,2016,-26.5
Africa Western and Central,AFW,2016,-114.6
Albania,ALB,2016,20.3
Algeria,DZA,2016,-178.8
Angola,AGO,2016,-599.5
Arab World,ARB,2016,-166.7
Argentina,ARG,2016,12.0
Armenia,ARM,2016,68.2
Australia,AUS,2016,-206.2
Austria,AUT,2016,64.1
Azerbaijan,AZE,2016,-307.2
Bahrain,BHR,2016,-57.3
Bangladesh,BGD,2016,21.7
Belarus,BLR,2016,83.3
Belgium,BEL,2016,86.3
Bolivia,BOL,2016,-149.6
Bosnia and Herzegovina,BIH,2016,31.6
Botswana,BWA,2016,36.3
Brazil,BRA,2016,2.7
Brunei Darussalam,BRN,2016,-405.1
Bulgaria,BGR,2016,39.3
Cameroon,CMR,2016,-28.0
Canada,CAN,2016,-69.1
Caribbean small states,CSS,2016,-82.0
Central Europe and the Baltics,CEB,2016,37.1
Chile,CHL,2016,69.2
China,CHN,2016,19.2
Colombia,COL,2016,-201.1
"Congo, Dem. Rep.",COD,2016,-0.5
"Congo, Rep.",COG,2016,-395.4
Costa Rica,CRI,2016,56.1
Cote d'Ivoire,CIV,2016,5.1
Croatia,HRV,2016,49.3
Cuba,CUB,2016,58.8
Curacao,CUW,2016,204.7
Cyprus,CYP,2016,120.8
Czechia,CZE,2016,32.9
Denmark,DNK,2016,15.0
Dominican Republic,DOM,2016,94.4
Early-demographic dividend,EAR,2016,-19.4
East Asia & Pacific,EAS,2016,22.5
East Asia & Pacific (IDA & IBRD countries),TEA,2016,12.4
East Asia & Pacific (excluding high income),EAP,2016,12.0
Ecuador,ECU,2016,-113.6
"Egypt, Arab Rep.",EGY,2016,19.1
El Salvador,SLV,2016,58.4
Equatorial Guinea,GNQ,2016,-744.9
Estonia,EST,2016,8.6
Eswatini,SWZ,2016,25.7
Ethiopia,ETH,2016,10.2
Euro area,EMU,2016,65.8
Europe & Central Asia,ECS,2016,2.7
Europe & Central Asia (IDA & IBRD countries),TEC,2016,-46.8
Europe & Central Asia (excluding high income),ECA,2016,-3.9
European Union,EUU,2016,59.3
Finland,FIN,2016,46.7
Fragile and conflict affected situations,FCS,2016,-92.4
France,FRA,2016,49.1
Gabon,GAB,2016,-199.6
Georgia,GEO,2016,73.1
Germany,DEU,2016,66.3
Ghana,GHA,2016,5.7
Greece,GRC,2016,81.4
Guatemala,GTM,2016,37.5
Heavily indebted poor countries (HIPC),HPC,2016,-5.8
High income,HIC,2016,-2.2
Honduras,HND,2016,46.3
"Hong Kong SAR, China",HKG,2016,203.0
Hungary,HUN,2016,55.8
IBRD only,IBD,2016,-7.2
IDA & IBRD total,IBT,2016,-7.3
IDA blend,IDB,2016,-27.6
IDA only,IDX,2016,9.5
IDA total,IDA,2016,-7.8
India,IND,2016,37.4
Indonesia,IDN,2016,-106.5
"Iran, Islamic Rep.",IRN,2016,-55.2
Iraq,IRQ,2016,-451.1
Ireland,IRL,2016,74.2
Israel,ISR,2016,68.6
Italy,ITA,2016,80.5
Jamaica,JAM,2016,108.2
Japan,JPN,2016,93.8
Jordan,JOR,2016,101.3
Kazakhstan,KAZ,2016,-138.7
Kenya,KEN,2016,22.2
"Korea, Dem. People's Rep.",PRK,2016,-118.5
"Korea, Rep.",KOR,2016,86.9
Kuwait,KWT,2016,-357.4
Kyrgyz Republic,KGZ,2016,52.8
Lao PDR,LAO,2016,-10.5
Late-demographic dividend,LTE,2016,-12.7
Latin America & Caribbean,LCN,2016,-17.2
Latin America & Caribbean (excluding high income),LAC,2016,-8.7
Latin America & the Caribbean (IDA & IBRD countries),TLA,2016,-18.7
Latvia,LVA,2016,52.1
Least developed countries: UN classification,LDC,2016,-28.7
Libya,LBY,2016,-75.2
Lithuania,LTU,2016,78.0
Low & middle income,LMY,2016,1.7
Low income,LIC,2016,-12.6
Lower middle income,LMC,2016,17.2
Luxembourg,LUX,2016,109.6
Malaysia,MYS,2016,-8.1
Malta,MLT,2016,419.1
Mexico,MEX,2016,4.9
"Middle East, North Africa, Afghanistan & Pakistan",MEA,2016,-120.7
"Middle East, North Africa, Afghanistan & Pakistan (IDA & IBRD)",TMN,2016,-57.7
"Middle East, North Africa, Afghanistan & Pakistan (excluding high income)",MNA,2016,-57.7
Middle income,MIC,2016,2.0
Moldova,MDA,2016,81.9
Mongolia,MNG,2016,-327.3
Montenegro,MNE,2016,35.4
Morocco,MAR,2016,94.9
Mozambique,MOZ,2016,-73.7
Myanmar,MMR,2016,-45.9
Namibia,NAM,2016,76.8
Nepal,NPL,2016,23.1
Netherlands,NLD,2016,55.5
New Zealand,NZL,2016,28.8
Nicaragua,NIC,2016,43.2
Niger,NER,2016,-2.8
Nigeria,NGA,2016,-139.6
North America,NAC,2016,2.8
North Macedonia,MKD,2016,59.2
Norway,NOR,2016,-647.8
OECD members,OED,2016,23.4
Oman,OMN,2016,-217.0
Other small states,OSS,2016,-41.8
Pakistan,PAK,2016,33.4
Panama,PAN,2016,182.6
Paraguay,PRY,2016,-27.0
Peru,PER,2016,0.6
Philippines,PHL,2016,47.8
Poland,POL,2016,31.2
Portugal,PRT,2016,80.6
Post-demographic dividend,PST,2016,26.4
Pre-demographic dividend,PRE,2016,-133.0
Qatar,QAT,2016,-496.0
Romania,ROU,2016,22.0
Russian Federation,RUS,2016,-90.3
Rwanda,RWA,2016,9.1
Saudi Arabia,SAU,2016,-188.3
Senegal,SEN,2016,68.4
Serbia,SRB,2016,30.1
Singapore,SGP,2016,274.3
Slovak Republic,SVK,2016,57.5
Slovenia,SVN,2016,49.2
Small states,SST,2016,-64.2
South Africa,ZAF,2016,-14.3
South Asia,SAS,2016,36.8
South Asia (IDA & IBRD),TSA,2016,36.8
South Sudan,SSD,2016,-827.1
Spain,ESP,2016,78.9
Sri Lanka,LKA,2016,62.2
Sub-Saharan Africa,SSF,2016,-48.3
Sub-Saharan Africa (IDA & IBRD countries),TSS,2016,-48.3
Sub-Saharan Africa (excluding high income),SSA,2016,-54.2
Sudan,SDN,2016,5.7
Suriname,SUR,2016,13.8
Sweden,SWE,2016,35.4
Switzerland,CHE,2016,60.1
Syrian Arab Republic,SYR,2016,61.7
Tajikistan,TJK,2016,29.7
Tanzania,TZA,2016,14.1
Thailand,THA,2016,45.7
Trinidad and Tobago,TTO,2016,-87.8
Tunisia,TUN,2016,47.6
Turkiye,TUR,2016,77.3
Turkmenistan,TKM,2016,-236.1
Uganda,UGA,2016,22.0
Ukraine,UKR,2016,30.2
United Arab Emirates,ARE,2016,-138.1
United Kingdom,GBR,2016,38.0
United States,USA,2016,12.3
Upper middle income,UMC,2016,-2.7
Uruguay,URY,2016,44.3
Uzbekistan,UZB,2016,-19.3
"Venezuela, RB",VEN,2016,-188.1
Viet Nam,VNM,2016,16.0
World,WLD,2016,-1.0
"Yemen, Rep.",YEM,2016,48.0
Zambia,ZMB,2016,12.9
Zimbabwe,ZWE,2016,20.5
Africa Eastern and Southern,AFE,2017,-26.2
Africa Western and Central,AFW,2017,-122.1
Albania,ALB,2017,38.8
Algeria,DZA,2017,-169.9
Angola,AGO,2017,-564.4
Arab World,ARB,2017,-155.8
Argentina,ARG,2017,13.2
Armenia,ARM,2017,69.0
Australia,AUS,2017,-213.0
Austria,AUT,2017,65.9
Azerbaijan,AZE,2017,-278.2
Bahrain,BHR,2017,-56.8
Bangladesh,BGD,2017,23.9
Belarus,BLR,2017,84.9
Belgium,BEL,2017,86.9
Bolivia,BOL,2017,-132.6
Bosnia and Herzegovina,BIH,2017,34.1
Botswana,BWA,2017,31.9
Brazil,BRA,2017,1.1
Brunei Darussalam,BRN,2017,-332.2
Bulgaria,BGR,2017,40.3
Cameroon,CMR,2017,-20.6
Canada,CAN,2017,-71.7
Caribbean small states,CSS,2017,-83.8
Central Europe and the Baltics,CEB,2017,41.9
Chad,TCD,2017,-157.7
Chile,CHL,2017,68.4
China,CHN,2017,20.4
Colombia,COL,2017,-250.1
"Congo, Dem. Rep.",COD,2017,-0.3
"Congo, Rep.",COG,2017,-463.8
Costa Rica,CRI,2017,60.5
Cote d'Ivoire,CIV,2017,3.0
Croatia,HRV,2017,54.3
Cuba,CUB,2017,55.2
Curacao,CUW,2017,223.8
Czechia,CZE,2017,37.3
Denmark,DNK,2017,12.5
Dominican Republic,DOM,2017,93.0
Early-demographic dividend,EAR,2017,-16.3
East Asia & Pacific,EAS,2017,23.6
East Asia & Pacific (IDA & IBRD countries),TEA,2017,13.7
East Asia & Pacific (excluding high income),EAP,2017,13.7
Ecuador,ECU,2017,-104.6
"Egypt, Arab Rep.",EGY,2017,14.1
El Salvador,SLV,2017,54.9
Equatorial Guinea,GNQ,2017,-780.6
Estonia,EST,2017,4.8
Eswatini,SWZ,2017,29.8
Ethiopia,ETH,2017,10.5
Euro area,EMU,2017,67.2
Europe & Central Asia,ECS,2017,3.2
Europe & Central Asia (IDA & IBRD countries),TEC,2017,-45.8
Europe & Central Asia (excluding high income),ECA,2017,-1.8
European Union,EUU,2017,60.8
Finland,FIN,2017,45.3
Fragile and conflict affected situations,FCS,2017,-90.9
France,FRA,2017,50.7
Gabon,GAB,2017,-195.9
Georgia,GEO,2017,74.4
Germany,DEU,2017,66.6
Ghana,GHA,2017,-37.0
Greece,GRC,2017,81.9
Guatemala,GTM,2017,35.5
Heavily indebted poor countries (HIPC),HPC,2017,-10.7
High income,HIC,2017,-2.8
Honduras,HND,2017,61.6
"Hong Kong SAR, China",HKG,2017,230.0
Hungary,HUN,2017,62.7
IBRD only,IBD,2017,-6.1
IDA & IBRD total,IBT,2017,-6.4
IDA blend,IDB,2017,-26.6
IDA only,IDX,2017,3.9
IDA total,IDA,2017,-10.2
India,IND,2017,37.5
Indonesia,IDN,2017,-100.4
"Iran, Islamic Rep.",IRN,2017,-53.6
Iraq,IRQ,2017,-405.0
Ireland,IRL,2017,71.4
Israel,ISR,2017,74.1
Italy,ITA,2017,81.2
Jamaica,JAM,2017,113.8
Japan,JPN,2017,93.1
Jordan,JOR,2017,98.9
Kazakhstan,KAZ,2017,-159.2
Kenya,KEN,2017,23.1
"Korea, Dem. People's Rep.",PRK,2017,-1.0
"Korea, Rep.",KOR,2017,88.5
Kuwait,KWT,2017,-316.2
Kyrgyz Republic,KGZ,2017,49.0
Lao PDR,LAO,2017,-18.4
Late-demographic dividend,LTE,2017,-11.3
Latin America & Caribbean,LCN,2017,-16.0
Latin America & Caribbean (excluding high income),LAC,2017,-9.6
Latin America & the Caribbean (IDA & IBRD countries),TLA,2017,-17.4
Latvia,LVA,2017,48.2
Least developed countries: UN classification,LDC,2017,-27.6
Lebanon,LBN,2017,100.8
Libya,LBY,2017,-172.4
Lithuania,LTU,2017,75.1
Low & middle income,LMY,2017,2.5
Low income,LIC,2017,-7.6
Lower middle income,LMC,2017,18.2
Luxembourg,LUX,2017,110.2
Madagascar,MDG,2017,13.7
Malaysia,MYS,2017,-9.5
Malta,MLT,2017,450.2
Mexico,MEX,2017,11.4
"Middle East, North Africa, Afghanistan & Pakistan",MEA,2017,-112.0
"Middle East, North Africa, Afghanistan & Pakistan (IDA & IBRD)",TMN,2017,-56.1
"Middle East, North Africa, Afghanistan & Pakistan (excluding high income)",MNA,2017,-56.1
Middle income,MIC,2017,2.7
Moldova,MDA,2017,80.9
Mongolia,MNG,2017,-374.5
Montenegro,MNE,2017,41.3
Morocco,MAR,2017,95.1
Mozambique,MOZ,2017,-123.1
Myanmar,MMR,2017,-26.8
Namibia,NAM,2017,73.9
Nepal,NPL,2017,25.9
Netherlands,NLD,2017,62.3
New Zealand,NZL,2017,28.8
Nicaragua,NIC,2017,44.5
Niger,NER,2017,-8.4
Nigeria,NGA,2017,-151.9
North America,NAC,2017,-1.6
North Macedonia,MKD,2017,56.8
Norway,NOR,2017,-626.9
OECD members,OED,2017,21.9
Oman,OMN,2017,-191.7
Pakistan,PAK,2017,39.1
Panama,PAN,2017,194.4
Paraguay,PRY,2017,-18.4
Peru,PER,2017,2.1
Philippines,PHL,2017,49.8
Poland,POL,2017,38.8
Portugal,PRT,2017,87.2
Post-demographic dividend,PST,2017,24.7
Pre-demographic dividend,PRE,2017,-128.3
Qatar,QAT,2017,-420.6
Romania,ROU,2017,23.5
Russian Federation,RUS,2017,-91.8
Rwanda,RWA,2017,9.9
Saudi Arabia,SAU,2017,-170.0
Senegal,SEN,2017,63.9
Serbia,SRB,2017,34.1
Singapore,SGP,2017,275.9
Slovak Republic,SVK,2017,61.8
Slovenia,SVN,2017,51.1
Small states,SST,2017,-75.9
South Africa,ZAF,2017,-15.4
South Asia,SAS,2017,36.7
South Asia (IDA & IBRD),TSA,2017,36.7
South Sudan,SSD,2017,-962.5
Spain,ESP,2017,80.9
Sub-Saharan Africa,SSF,2017,-50.1
Sub-Saharan Africa (IDA & IBRD countries),TSS,2017,-50.1
Sub-Saharan Africa (excluding high income),SSA,2017,-56.1
Sudan,SDN,2017,9.3
Suriname,SUR,2017,7.6
Sweden,SWE,2017,28.7
Switzerland,CHE,2017,60.6
Syrian Arab Republic,SYR,2017,66.5
Tajikistan,TJK,2017,24.2
Tanzania,TZA,2017,12.9
Thailand,THA,2017,47.7
Togo,TGO,2017,15.1
Trinidad and Tobago,TTO,2017,-89.0
Tunisia,TUN,2017,52.4
Turkiye,TUR,2017,79.2
Turkmenistan,TKM,2017,-230.7
Uganda,UGA,2017,21.8
Ukraine,UKR,2017,37.1
United Arab Emirates,ARE,2017,-163.6
United Kingdom,GBR,2017,38.0
United States,USA,2017,8.1
Upper middle income,UMC,2017,-2.0
Uruguay,URY,2017,39.3
Uzbekistan,UZB,2017,-15.5
"Venezuela, RB",VEN,2017,-170.1
Viet Nam,VNM,2017,18.9
World,WLD,2017,-0.7
"Yemen, Rep.",YEM,2017,-15.5
Zambia,ZMB,2017,10.9
Zimbabwe,ZWE,2017,22.2
Africa Eastern and Southern,AFE,2018,-24.2
Africa Western and Central,AFW,2018,-128.0
Albania,ALB,2018,21.3
Algeria,DZA,2018,-152.2
Angola,AGO,2018,-558.4
Arab World,ARB,2018,-161.6
Argentina,ARG,2018,8.6
Armenia,ARM,2018,72.7
Australia,AUS,2018,-221.1
Austria,AUT,2018,66.5
Azerbaijan,AZE,2018,-286.4
Bahrain,BHR,2018,-53.6
Bangladesh,BGD,2018,24.6
Belarus,BLR,2018,86.0
Belgium,BEL,2018,99.7
Bolivia,BOL,2018,-115.0
Bosnia and Herzegovina,BIH,2018,24.3
Botswana,BWA,2018,30.9
Brazil,BRA,2018,-0.8
Brunei Darussalam,BRN,2018,-339.6
Bulgaria,BGR,2018,37.4
Cameroon,CMR,2018,-24.1
Canada,CAN,2018,-75.0
Caribbean small states,CSS,2018,-93.5
Central Europe and the Baltics,CEB,2018,43.2
Chad,TCD,2018,-171.7
Chile,CHL,2018,67.7
China,CHN,2018,21.7
Colombia,COL,2018,-228.8
"Congo, Dem. Rep.",COD,2018,0.2
"Congo, Rep.",COG,2018,-548.5
Costa Rica,CRI,2018,58.4
Cote d'Ivoire,CIV,2018,7.8
Croatia,HRV,2018,54.1
Cuba,CUB,2018,50.4
Curacao,CUW,2018,236.1
Czechia,CZE,2018,37.1
Denmark,DNK,2018,25.2
Dominican Republic,DOM,2018,93.4
Early-demographic dividend,EAR,2018,-16.4
East Asia & Pacific,EAS,2018,23.9
East Asia & Pacific (IDA & IBRD countries),TEA,2018,15.0
East Asia & Pacific (excluding high income),EAP,2018,15.0
Ecuador,ECU,2018,-98.7
"Egypt, Arab Rep.",EGY,2018,5.0
El Salvador,SLV,2018,57.5
Equatorial Guinea,GNQ,2018,-517.4
Estonia,EST,2018,1.5
Eswatini,SWZ,2018,29.1
Ethiopia,ETH,2018,11.2
Euro area,EMU,2018,67.7
Europe & Central Asia,ECS,2018,1.8
Europe & Central Asia (IDA & IBRD countries),TEC,2018,-47.0
Europe & Central Asia (excluding high income),ECA,2018,-4.6
European Union,EUU,2018,61.6
Finland,FIN,2018,46.8
Fragile and conflict affected situations,FCS,2018,-92.0
France,FRA,2018,48.7
Gabon,GAB,2018,-172.0
Georgia,GEO,2018,77.3
Germany,DEU,2018,66.2
Ghana,GHA,2018,-33.7
Greece,GRC,2018,82.0
Guatemala,GTM,2018,35.7
Heavily indebted poor countries (HIPC),HPC,2018,-10.8
High income,HIC,2018,-5.5
Honduras,HND,2018,51.6
"Hong Kong SAR, China",HKG,2018,226.6
Hungary,HUN,2018,58.4
IBRD only,IBD,2018,-4.6
IDA & IBRD total,IBT,2018,-5.0
IDA blend,IDB,2018,-33.5
IDA only,IDX,2018,7.1
IDA total,IDA,2018,-11.3
India,IND,2018,37.6
Indonesia,IDN,2018,-98.0
"Iran, Islamic Rep.",IRN,2018,-49.8
Iraq,IRQ,2018,-362.5
Ireland,IRL,2018,73.3
Israel,ISR,2018,68.0
Italy,ITA,2018,81.0
Jamaica,JAM,2018,109.2
Japan,JPN,2018,91.4
Jordan,JOR,2018,97.0
Kazakhstan,KAZ,2018,-138.1
Kenya,KEN,2018,23.1
"Korea, Dem. People's Rep.",PRK,2018,5.5
"Korea, Rep.",KOR,2018,89.5
Kuwait,KWT,2018,-301.8
Kyrgyz Republic,KGZ,2018,48.2
Lao PDR,LAO,2018,-21.8
Late-demographic dividend,LTE,2018,-9.5
Latin America & Caribbean,LCN,2018,-12.0
Latin America & Caribbean (excluding high income),LAC,2018,-7.4
Latin America & the Caribbean (IDA & IBRD countries),TLA,2018,-13.2
Latvia,LVA,2018,46.3
Least developed countries: UN classification,LDC,2018,-23.9
Lebanon,LBN,2018,100.7
Libya,LBY,2018,-250.0
Lithuania,LTU,2018,77.7
Low & middle income,LMY,2018,3.9
Low income,LIC,2018,-6.5
Lower middle income,LMC,2018,18.7
Luxembourg,LUX,2018,110.2
Malaysia,MYS,2018,-2.3
Malta,MLT,2018,437.5
Mexico,MEX,2018,16.8
"Middle East, North Africa, Afghanistan & Pakistan",MEA,2018,-115.8
"Middle East, North Africa, Afghanistan & Pakistan (IDA & IBRD)",TMN,2018,-57.1
"Middle East, North Africa, Afghanistan & Pakistan (excluding high income)",MNA,2018,-57.1
Middle income,MIC,2018,4.1
Moldova,MDA,2018,82.0
Mongolia,MNG,2018,-364.0
Montenegro,MNE,2018,31.8
Morocco,MAR,2018,96.3
Mozambique,MOZ,2018,-110.8
Myanmar,MMR,2018,-21.5
Namibia,NAM,2018,77.5
Nepal,NPL,2018,28.1
Netherlands,NLD,2018,71.7
New Zealand,NZL,2018,33.5
Nicaragua,NIC,2018,41.0
Niger,NER,2018,-4.3
Nigeria,NGA,2018,-170.3
North America,NAC,2018,-5.9
North Macedonia,MKD,2018,58.4
Norway,NOR,2018,-597.3
OECD members,OED,2018,19.9
Oman,OMN,2018,-209.9
Pakistan,PAK,2018,35.5
Panama,PAN,2018,195.0
Paraguay,PRY,2018,-12.5
Peru,PER,2018,4.9
Philippines,PHL,2018,54.1
Poland,POL,2018,44.1
Portugal,PRT,2018,85.3
Post-demographic dividend,PST,2018,22.0
Pre-demographic dividend,PRE,2018,-127.9
Qatar,QAT,2018,-427.4
Romania,ROU,2018,24.4
Russian Federation,RUS,2018,-92.0
Rwanda,RWA,2018,10.0
Saudi Arabia,SAU,2018,-186.9
Senegal,SEN,2018,70.3
Serbia,SRB,2018,35.1
Singapore,SGP,2018,273.8
Slovak Republic,SVK,2018,60.8
Slovenia,SVN,2018,52.2
Small states,SST,2018,-83.9
South Africa,ZAF,2018,-17.1
South Asia,SAS,2018,37.4
South Asia (IDA & IBRD),TSA,2018,37.4
South Sudan,SSD,2018,-859.5
Spain,ESP,2018,81.0
Sri Lanka,LKA,2018,68.6
Sub-Saharan Africa,SSF,2018,-50.4
Sub-Saharan Africa (IDA & IBRD countries),TSS,2018,-50.4
Sub-Saharan Africa (excluding high income),SSA,2018,-56.8
Sudan,SDN,2018,16.3
Suriname,SUR,2018,1.6
Sweden,SWE,2018,30.7
Switzerland,CHE,2018,54.0
Syrian Arab Republic,SYR,2018,65.5
Tajikistan,TJK,2018,25.2
Tanzania,TZA,2018,12.8
Thailand,THA,2018,51.1
Togo,TGO,2018,18.0
Trinidad and Tobago,TTO,2018,-98.6
Tunisia,TUN,2018,54.5
Turkiye,TUR,2018,75.8
Turkmenistan,TKM,2018,-246.8
Uganda,UGA,2018,22.1
Ukraine,UKR,2018,34.6
United Arab Emirates,ARE,2018,-159.7
United Kingdom,GBR,2018,38.2
United States,USA,2018,3.6
Upper middle income,UMC,2018,-0.5
Uruguay,URY,2018,43.9
Uzbekistan,UZB,2018,-25.3
"Venezuela, RB",VEN,2018,-177.0
Viet Nam,VNM,2018,26.9
World,WLD,2018,-1.1
"Yemen, Rep.",YEM,2018,-26.2
Zambia,ZMB,2018,9.3
Zimbabwe,ZWE,2018,23.9
Africa Eastern and Southern,AFE,2019,-20.3
Africa Western and Central,AFW,2019,-115.0
Albania,ALB,2019,32.2
Algeria,DZA,2019,-133.4
Angola,AGO,2019,-488.9
Arab World,ARB,2019,-158.3
Argentina,ARG,2019,2.5
Armenia,ARM,2019,74.2
Australia,AUS,2019,-230.5
Austria,AUT,2019,74.5
Azerbaijan,AZE,2019,-274.4
Bahrain,BHR,2019,-53.4
Bangladesh,BGD,2019,30.3
Belarus,BLR,2019,85.3
Belgium,BEL,2019,90.9
Benin,BEN,2019,46.0
Bolivia,BOL,2019,-90.8
Bosnia and Herzegovina,BIH,2019,27.4
Botswana,BWA,2019,33.2
Brazil,BRA,2019,-4.1
Brunei Darussalam,BRN,2019,-267.0
Bulgaria,BGR,2019,39.3
Cameroon,CMR,2019,-31.9
Canada,CAN,2019,-75.8
Caribbean small states,CSS,2019,-93.4
Central Europe and the Baltics,CEB,2019,47.4
Chad,TCD,2019,-205.0
Chile,CHL,2019,69.2
China,CHN,2019,22.2
Colombia,COL,2019,-181.4
"Congo, Dem. Rep.",COD,2019,0.6
"Congo, Rep.",COG,2019,-511.2
Costa Rica,CRI,2019,58.0
Cote d'Ivoire,CIV,2019,4.6
Croatia,HRV,2019,57.8
Cuba,CUB,2019,52.8
Czechia,CZE,2019,41.0
Denmark,DNK,2019,43.8
Dominican Republic,DOM,2019,93.9
Early-demographic dividend,EAR,2019,-12.6
East Asia & Pacific,EAS,2019,23.2
East Asia & Pacific (IDA & IBRD countries),TEA,2019,15.8
East Asia & Pacific (excluding high income),EAP,2019,15.7
Ecuador,ECU,2019,-95.8
"Egypt, Arab Rep.",EGY,2019,-0.5
El Salvador,SLV,2019,61.3
Equatorial Guinea,GNQ,2019,-500.0
Estonia,EST,2019,5.1
Eswatini,SWZ,2019,31.5
Ethiopia,ETH,2019,12.0
Euro area,EMU,2019,70.1
Europe & Central Asia,ECS,2019,2.2
Europe & Central Asia (IDA & IBRD countries),TEC,2019,-49.7
Europe & Central Asia (excluding high income),ECA,2019,-4.1
European Union,EUU,2019,64.4
Finland,FIN,2019,44.4
Fragile and conflict affected situations,FCS,2019,-84.8
France,FRA,2019,49.7
Gabon,GAB,2019,-210.2
Georgia,GEO,2019,80.7
Germany,DEU,2019,69.9
Ghana,GHA,2019,-43.2
Greece,GRC,2019,87.5
Guatemala,GTM,2019,42.4
Heavily indebted poor countries (HIPC),HPC,2019,-8.0
High income,HIC,2019,-7.6
Honduras,HND,2019,54.0
"Hong Kong SAR, China",HKG,2019,220.5
Hungary,HUN,2019,69.8
IBRD only,IBD,2019,-2.7
IDA & IBRD total,IBT,2019,-3.3
IDA blend,IDB,2019,-32.0
IDA only,IDX,2019,6.4
IDA total,IDA,2019,-11.3
India,IND,2019,39.3
Indonesia,IDN,2019,-99.2
"Iran, Islamic Rep.",IRN,2019,-27.2
Iraq,IRQ,2019,-357.5
Ireland,IRL,2019,75.4
Israel,ISR,2019,70.7
Italy,ITA,2019,82.2
Jamaica,JAM,2019,111.3
Japan,JPN,2019,90.6
Jordan,JOR,2019,98.8
Kazakhstan,KAZ,2019,-129.5
Kenya,KEN,2019,22.9
"Korea, Dem. People's Rep.",PRK,2019,5.6
"Korea, Rep.",KOR,2019,88.2
Kuwait,KWT,2019,-338.0
Kyrgyz Republic,KGZ,2019,38.9
Lao PDR,LAO,2019,-20.6
Late-demographic dividend,LTE,2019,-8.4
Latin America & Caribbean,LCN,2019,-8.1
Latin America & Caribbean (excluding high income),LAC,2019,-6.5
Latin America & the Caribbean (IDA & IBRD countries),TLA,2019,-8.8
Latvia,LVA,2019,48.4
Least developed countries: UN classification,LDC,2019,-19.2
Lebanon,LBN,2019,100.2
Libya,LBY,2019,-228.7
Lithuania,LTU,2019,79.1
Low & middle income,LMY,2019,5.5
Low income,LIC,2019,-6.4
Lower middle income,LMC,2019,20.1
Luxembourg,LUX,2019,109.5
Malaysia,MYS,2019,0.4
Malta,MLT,2019,424.2
Mexico,MEX,2019,18.3
"Middle East, North Africa, Afghanistan & Pakistan",MEA,2019,-107.4
"Middle East, North Africa, Afghanistan & Pakistan (IDA & IBRD)",TMN,2019,-48.2
"Middle East, North Africa, Afghanistan & Pakistan (excluding high income)",MNA,2019,-48.2
Middle income,MIC,2019,5.7
Moldova,MDA,2019,84.2
Mongolia,MNG,2019,-269.1
Montenegro,MNE,2019,33.7
Morocco,MAR,2019,92.4
Mozambique,MOZ,2019,-82.5
Myanmar,MMR,2019,-23.7
Namibia,NAM,2019,71.5
Nepal,NPL,2019,26.8
Netherlands,NLD,2019,78.3
New Zealand,NZL,2019,31.8
Nicaragua,NIC,2019,44.6
Niger,NER,2019,-2.6
Nigeria,NGA,2019,-145.3
North America,NAC,2019,-10.0
North Macedonia,MKD,2019,59.0
Norway,NOR,2019,-597.0
OECD members,OED,2019,17.9
Oman,OMN,2019,-240.7
Pakistan,PAK,2019,33.5
Panama,PAN,2019,203.1
Paraguay,PRY,2019,-1.5
Peru,PER,2019,4.7
Philippines,PHL,2019,48.6
Poland,POL,2019,45.9
Portugal,PRT,2019,84.4
Post-demographic dividend,PST,2019,19.7
Pre-demographic dividend,PRE,2019,-119.1
Qatar,QAT,2019,-420.4
Romania,ROU,2019,30.4
Russian Federation,RUS,2019,-99.1
Rwanda,RWA,2019,10.0
Saudi Arabia,SAU,2019,-177.7
Senegal,SEN,2019,70.2
Serbia,SRB,2019,36.0
Singapore,SGP,2019,269.8
Slovak Republic,SVK,2019,69.5
Slovenia,SVN,2019,52.8
Small states,SST,2019,-79.0
South Africa,ZAF,2019,-13.3
South Asia,SAS,2019,38.7
South Asia (IDA & IBRD),TSA,2019,38.7
South Sudan,SSD,2019,-1023.9
Spain,ESP,2019,82.9
Sub-Saharan Africa,SSF,2019,-45.3
Sub-Saharan Africa (IDA & IBRD countries),TSS,2019,-45.3
Sub-Saharan Africa (excluding high income),SSA,2019,-51.1
Sudan,SDN,2019,15.7
Suriname,SUR,2019,14.0
Sweden,SWE,2019,32.0
Switzerland,CHE,2019,55.4
Syrian Arab Republic,SYR,2019,63.1
Tajikistan,TJK,2019,28.4
Tanzania,TZA,2019,13.1
Thailand,THA,2019,48.6
Trinidad and Tobago,TTO,2019,-100.0
Tunisia,TUN,2019,57.8
Turkiye,TUR,2019,72.2
Turkmenistan,TKM,2019,-242.6
Uganda,UGA,2019,22.0
Ukraine,UKR,2019,36.8
United Arab Emirates,ARE,2019,-157.3
United Kingdom,GBR,2019,36.5
United States,USA,2019,-0.9
Upper middle income,UMC,2019,1.4
Uruguay,URY,2019,38.9
Uzbekistan,UZB,2019,-19.7
"Venezuela, RB",VEN,2019,-114.7
Viet Nam,VNM,2019,39.2
World,WLD,2019,-0.9
"Yemen, Rep.",YEM,2019,-27.7
Zambia,ZMB,2019,11.2
Zimbabwe,ZWE,2019,21.2
Africa Eastern and Southern,AFE,2020,-21.2
Africa Western and Central,AFW,2020,-93.7
Albania,ALB,2020,36.5
Algeria,DZA,2020,-124.7
Angola,AGO,2020,-474.8
Arab World,ARB,2020,-149.3
Argentina,ARG,2020,1.2
Armenia,ARM,2020,74.1
Australia,AUS,2020,-237.3
Austria,AUT,2020,59.8
Azerbaijan,AZE,2020,-274.5
Bahrain,BHR,2020,-51.9
Bangladesh,BGD,2020,34.5
Belarus,BLR,2020,83.8
Belgium,BEL,2020,89.1
Benin,BEN,2020,46.6
Bolivia,BOL,2020,-119.9
Bosnia and Herzegovina,BIH,2020,25.4
Botswana,BWA,2020,30.9
Brazil,BRA,2020,-11.2
Brunei Darussalam,BRN,2020,-245.6
Bulgaria,BGR,2020,38.9
Cambodia,KHM,2020,60.6
Cameroon,CMR,2020,-31.2
Canada,CAN,2020,-79.7
Caribbean small states,CSS,2020,-90.9
Central Europe and the Baltics,CEB,2020,43.4
Chad,TCD,2020,-203.0
Chile,CHL,2020,66.7
China,CHN,2020,23.0
Colombia,COL,2020,-192.8
"Congo, Dem. Rep.",COD,2020,0.5
"Congo, Rep.",COG,2020,-452.5
Costa Rica,CRI,2020,46.8
Cote d'Ivoire,CIV,2020,8.1
Croatia,HRV,2020,54.2
Cuba,CUB,2020,53.6
Czechia,CZE,2020,38.8
Denmark,DNK,2020,48.3
Dominican Republic,DOM,2020,89.6
Early-demographic dividend,EAR,2020,-10.0
East Asia & Pacific,EAS,2020,23.5
East Asia & Pacific (IDA & IBRD countries),TEA,2020,17.7
East Asia & Pacific (excluding high income),EAP,2020,17.6
Ecuador,ECU,2020,-105.9
"Egypt, Arab Rep.",EGY,2020,-0.1
El Salvador,SLV,2020,51.5
Equatorial Guinea,GNQ,2020,-542.2
Estonia,EST,2020,11.5
Eswatini,SWZ,2020,26.9
Ethiopia,ETH,2020,9.5
Euro area,EMU,2020,65.6
Europe & Central Asia,ECS,2020,-0.3
Europe & Central Asia (IDA & IBRD countries),TEC,2020,-45.0
Europe & Central Asia (excluding high income),ECA,2020,-2.5
European Union,EUU,2020,60.3
Finland,FIN,2020,43.9
Fragile and conflict affected situations,FCS,2020,-65.3
France,FRA,2020,45.8
Gabon,GAB,2020,-205.6
Georgia,GEO,2020,80.6
Germany,DEU,2020,65.4
Ghana,GHA,2020,-35.6
Greece,GRC,2020,91.2
Guatemala,GTM,2020,34.7
Heavily indebted poor countries (HIPC),HPC,2020,-6.8
High income,HIC,2020,-10.8
Honduras,HND,2020,52.2
"Hong Kong SAR, China",HKG,2020,191.3
Hungary,HUN,2020,56.4
IBRD only,IBD,2020,-0.5
IDA & IBRD total,IBT,2020,-0.6
IDA blend,IDB,2020,-16.2
IDA only,IDX,2020,10.4
IDA total,IDA,2020,-1.6
India,IND,2020,37.5
Indonesia,IDN,2020,-86.9
"Iran, Islamic Rep.",IRN,2020,-22.1
Iraq,IRQ,2020,-340.4
Ireland,IRL,2020,74.2
Israel,ISR,2020,43.3
Italy,ITA,2020,76.9
Jamaica,JAM,2020,116.0
Japan,JPN,2020,89.6
Jordan,JOR,2020,93.2
Kazakhstan,KAZ,2020,-140.2
Kenya,KEN,2020,21.1
"Korea, Dem. People's Rep.",PRK,2020,5.6
"Korea, Rep.",KOR,2020,84.5
Kuwait,KWT,2020,-295.8
Kyrgyz Republic,KGZ,2020,40.2
Lao PDR,LAO,2020,-39.7
Late-demographic dividend,LTE,2020,-6.0
Latin America & Caribbean,LCN,2020,-12.2
Latin America & Caribbean (excluding high income),LAC,2020,-13.0
Latin America & the Caribbean (IDA & IBRD countries),TLA,2020,-13.0
Latvia,LVA,2020,48.6
Least developed countries: UN classification,LDC,2020,-14.2
Lebanon,LBN,2020,97.5
Libya,LBY,2020,-143.2
Lithuania,LTU,2020,78.0
Low & middle income,LMY,2020,7.6
Low income,LIC,2020,-4.3
Lower middle income,LMC,2020,22.0
Luxembourg,LUX,2020,107.2
Malaysia,MYS,2020,1.5
Malta,MLT,2020,417.5
Mexico,MEX,2020,10.9
"Middle East, North Africa, Afghanistan & Pakistan",MEA,2020,-97.2
"Middle East, North Africa, Afghanistan & Pakistan (IDA & IBRD)",TMN,2020,-35.2
"Middle East, North Africa, Afghanistan & Pakistan (excluding high income)",MNA,2020,-35.2
Middle income,MIC,2020,7.8
Moldova,MDA,2020,84.1
Mongolia,MNG,2020,-225.0
Montenegro,MNE,2020,27.7
Morocco,MAR,2020,90.7
Mozambique,MOZ,2020,-63.5
Myanmar,MMR,2020,-21.9
Namibia,NAM,2020,63.9
Nepal,NPL,2020,29.2
Netherlands,NLD,2020,81.8
New Zealand,NZL,2020,30.6
Nicaragua,NIC,2020,40.6
Niger,NER,2020,-3.4
Nigeria,NGA,2020,-111.9
North America,NAC,2020,-13.3
North Macedonia,MKD,2020,63.9
Norway,NOR,2020,-648.7
OECD members,OED,2020,13.6
Oman,OMN,2020,-204.9
Pakistan,PAK,2020,39.0
Panama,PAN,2020,148.0
Paraguay,PRY,2020,0.8
Peru,PER,2020,-2.7
Philippines,PHL,2020,47.0
Poland,POL,2020,43.0
Portugal,PRT,2020,71.5
Post-demographic dividend,PST,2020,15.4
Pre-demographic dividend,PRE,2020,-100.0
Qatar,QAT,2020,-421.5
Romania,ROU,2020,28.2
Russian Federation,RUS,2020,-90.1
Rwanda,RWA,2020,8.5
Saudi Arabia,SAU,2020,-167.4
Senegal,SEN,2020,62.1
Serbia,SRB,2020,30.1
Singapore,SGP,2020,264.4
Slovak Republic,SVK,2020,55.9
Slovenia,SVN,2020,45.8
Small states,SST,2020,-74.9
South Africa,ZAF,2020,-19.1
South Asia,SAS,2020,37.7
South Asia (IDA & IBRD),TSA,2020,37.7
South Sudan,SSD,2020,-1010.2
Spain,ESP,2020,73.5
Sri Lanka,LKA,2020,61.2
Sub-Saharan Africa,SSF,2020,-40.7
Sub-Saharan Africa (IDA & IBRD countries),TSS,2020,-40.7
Sub-Saharan Africa (excluding high income),SSA,2020,-45.9
Sudan,SDN,2020,17.6
Suriname,SUR,2020,12.9
Sweden,SWE,2020,34.4
Switzerland,CHE,2020,50.5
Syrian Arab Republic,SYR,2020,60.1
Tajikistan,TJK,2020,31.8
Tanzania,TZA,2020,13.0
Thailand,THA,2020,51.2
Trinidad and Tobago,TTO,2020,-98.2
Tunisia,TUN,2020,55.3
Turkiye,TUR,2020,71.3
Turkmenistan,TKM,2020,-228.3
Uganda,UGA,2020,24.1
Ukraine,UKR,2020,34.1
United Arab Emirates,ARE,2020,-166.7
United Kingdom,GBR,2020,28.5
United States,USA,2020,-4.0
Upper middle income,UMC,2020,3.6
Uruguay,URY,2020,44.8
Uzbekistan,UZB,2020,1.0
"Venezuela, RB",VEN,2020,-86.9
Viet Nam,VNM,2020,46.4
World,WLD,2020,-0.9
"Yemen, Rep.",YEM,2020,-34.8
Zambia,ZMB,2020,9.0
Zimbabwe,ZWE,2020,17.4
Africa Eastern and Southern,AFE,2021,-15.6
Africa Western and Central,AFW,2021,-71.3
Albania,ALB,2021,24.1
Algeria,DZA,2021,-137.1
Angola,AGO,2021,-373.8
Arab World,ARB,2021,-145.2
Argentina,ARG,2021,6.0
Armenia,ARM,2021,78.9
Australia,AUS,2021,-232.1
Austria,AUT,2021,53.2
Azerbaijan,AZE,2021,-287.0
Bahrain,BHR,2021,-50.2
Bangladesh,BGD,2021,39.6
Belarus,BLR,2021,78.3
Belgium,BEL,2021,81.5
Benin,BEN,2021,42.8
Bolivia,BOL,2021,-95.2
Bosnia and Herzegovina,BIH,2021,27.2
Botswana,BWA,2021,30.2
Brazil,BRA,2021,-3.8
Brunei Darussalam,BRN,2021,-228.7
Bulgaria,BGR,2021,36.9
Cambodia,KHM,2021,58.9
Cameroon,CMR,2021,-29.8
Canada,CAN,2021,-87.6
Caribbean small states,CSS,2021,-61.5
Central Europe and the Baltics,CEB,2021,42.4
Chad,TCD,2021,-176.6
Chile,CHL,2021,68.9
China,CHN,2021,21.6
Colombia,COL,2021,-145.3
"Congo, Dem. Rep.",COD,2021,0.5
"Congo, Rep.",COG,2021,-391.4
Costa Rica,CRI,2021,53.4
Cote d'Ivoire,CIV,2021,13.2
Croatia,HRV,2021,55.4
Cuba,CUB,2021,58.1
Cyprus,CYP,2021,108.4
Czechia,CZE,2021,40.0
Denmark,DNK,2021,34.8
Dominican Republic,DOM,2021,91.3
Early-demographic dividend,EAR,2021,-9.3
East Asia & Pacific,EAS,2021,22.9
East Asia & Pacific (IDA & IBRD countries),TEA,2021,16.4
East Asia & Pacific (excluding high income),EAP,2021,16.4
Ecuador,ECU,2021,-75.6
"Egypt, Arab Rep.",EGY,2021,1.6
El Salvador,SLV,2021,56.9
Equatorial Guinea,GNQ,2021,-418.3
Estonia,EST,2021,1.7
Eswatini,SWZ,2021,25.4
Ethiopia,ETH,2021,11.1
Euro area,EMU,2021,64.1
Europe & Central Asia,ECS,2021,1.6
Europe & Central Asia (IDA & IBRD countries),TEC,2021,-39.1
Europe & Central Asia (excluding high income),ECA,2021,2.3
European Union,EUU,2021,58.4
Finland,FIN,2021,38.7
Fragile and conflict affected situations,FCS,2021,-64.5
France,FRA,2021,45.6
Gabon,GAB,2021,-190.1
Georgia,GEO,2021,78.2
Germany,DEU,2021,65.4
Ghana,GHA,2021,-25.7
Greece,GRC,2021,84.6
Guatemala,GTM,2021,39.9
Heavily indebted poor countries (HIPC),HPC,2021,-4.2
High income,HIC,2021,-9.3
Honduras,HND,2021,54.8
"Hong Kong SAR, China",HKG,2021,181.8
Hungary,HUN,2021,54.0
IBRD only,IBD,2021,0.1
IDA & IBRD total,IBT,2021,0.3
IDA blend,IDB,2021,-6.9
IDA only,IDX,2021,11.5
IDA total,IDA,2021,3.1
India,IND,2021,35.0
Indonesia,IDN,2021,-84.9
"Iran, Islamic Rep.",IRN,2021,-26.5
Iraq,IRQ,2021,-287.4
Ireland,IRL,2021,80.6
Israel,ISR,2021,28.7
Italy,ITA,2021,76.6
Jamaica,JAM,2021,116.9
Japan,JPN,2021,88.7
Jordan,JOR,2021,92.3
Kazakhstan,KAZ,2021,-129.4
Kenya,KEN,2021,22.7
"Korea, Dem. People's Rep.",PRK,2021,5.1
"Korea, Rep.",KOR,2021,84.9
Kuwait,KWT,2021,-309.1
Kyrgyz Republic,KGZ,2021,40.6
Lao PDR,LAO,2021,-46.2
Late-demographic dividend,LTE,2021,-4.8
Latin America & Caribbean,LCN,2021,-3.3
Latin America & Caribbean (excluding high income),LAC,2021,-4.0
Latin America & the Caribbean (IDA & IBRD countries),TLA,2021,-4.0
Latvia,LVA,2021,41.0
Least developed countries: UN classification,LDC,2021,-9.6
Lebanon,LBN,2021,98.0
Libya,LBY,2021,-328.1
Lithuania,LTU,2021,76.6
Low & middle income,LMY,2021,8.0
Low income,LIC,2021,-4.4
Lower middle income,LMC,2021,22.5
Luxembourg,LUX,2021,108.5
Malaysia,MYS,2021,-0.7
Malta,MLT,2021,376.6
Mexico,MEX,2021,15.3
"Middle East, North Africa, Afghanistan & Pakistan",MEA,2021,-96.3
"Middle East, North Africa, Afghanistan & Pakistan (IDA & IBRD)",TMN,2021,-40.6
"Middle East, North Africa, Afghanistan & Pakistan (excluding high income)",MNA,2021,-40.6
Middle income,MIC,2021,8.2
Moldova,MDA,2021,83.8
Mongolia,MNG,2021,-115.0
Montenegro,MNE,2021,31.5
Morocco,MAR,2021,91.4
Mozambique,MOZ,2021,-74.3
Myanmar,MMR,2021,-26.9
Namibia,NAM,2021,65.5
Nepal,NPL,2021,29.3
Netherlands,NLD,2021,69.9
New Zealand,NZL,2021,29.4
Nicaragua,NIC,2021,41.8
Niger,NER,2021,-2.7
Nigeria,NGA,2021,-82.3
North America,NAC,2021,-13.9
North Macedonia,MKD,2021,68.1
Norway,NOR,2021,-647.6
OECD members,OED,2021,14.4
Oman,OMN,2021,-202.9
Pakistan,PAK,2021,41.6
Panama,PAN,2021,152.6
Paraguay,PRY,2021,10.3
Peru,PER,2021,11.6
Philippines,PHL,2021,49.9
Poland,POL,2021,41.1
Portugal,PRT,2021,73.7
Post-demographic dividend,PST,2021,15.5
Pre-demographic dividend,PRE,2021,-82.8
Qatar,QAT,2021,-407.5
Romania,ROU,2021,31.7
Russian Federation,RUS,2021,-80.5
Rwanda,RWA,2021,9.2
Saudi Arabia,SAU,2021,-160.0
Senegal,SEN,2021,66.4
Serbia,SRB,2021,35.0
Singapore,SGP,2021,248.7
Slovak Republic,SVK,2021,51.9
Slovenia,SVN,2021,48.7
Small states,SST,2021,-45.1
South Africa,ZAF,2021,-9.9
South Asia,SAS,2021,35.2
South Asia (IDA & IBRD),TSA,2021,35.2
South Sudan,SSD,2021,-901.1
Spain,ESP,2021,75.5
Sri Lanka,LKA,2021,59.4
Sub-Saharan Africa,SSF,2021,-30.8
Sub-Saharan Africa (IDA & IBRD countries),TSS,2021,-30.8
Sub-Saharan Africa (excluding high income),SSA,2021,-35.0
Sudan,SDN,2021,20.8
Suriname,SUR,2021,14.5
Sweden,SWE,2021,22.5
Switzerland,CHE,2021,52.4
Syrian Arab Republic,SYR,2021,58.3
Tajikistan,TJK,2021,30.4
Tanzania,TZA,2021,13.7
Thailand,THA,2021,53.5
Trinidad and Tobago,TTO,2021,-66.7
Tunisia,TUN,2021,53.3
Turkiye,TUR,2021,72.1
Turkmenistan,TKM,2021,-114.8
Uganda,UGA,2021,21.1
Ukraine,UKR,2021,33.5
United Arab Emirates,ARE,2021,-148.8
United Kingdom,GBR,2021,38.9
United States,USA,2021,-4.2
Upper middle income,UMC,2021,3.9
Uruguay,URY,2021,42.0
Uzbekistan,UZB,2021,0.7
"Venezuela, RB",VEN,2021,-74.7
Viet Nam,VNM,2021,34.0
World,WLD,2021,0.0
"Yemen, Rep.",YEM,2021,-31.2
Zambia,ZMB,2021,9.7
Zimbabwe,ZWE,2021,9.3
Africa Eastern and Southern,AFE,2022,-15.2
Africa Western and Central,AFW,2022,-60.8
Albania,ALB,2022,32.3
Algeria,DZA,2022,-127.2
Angola,AGO,2022,-354.0
Arab World,ARB,2022,-150.4
Argentina,ARG,2022,2.0
Armenia,ARM,2022,76.9
Australia,AUS,2022,-234.3
Austria,AUT,2022,76.8
Azerbaijan,AZE,2022,-263.1
Bahrain,BHR,2022,-45.5
Bangladesh,BGD,2022,44.3
Belarus,BLR,2022,77.1
Belgium,BEL,2022,86.8
Benin,BEN,2022,40.9
Bolivia,BOL,2022,-67.3
Bosnia and Herzegovina,BIH,2022,26.4
Botswana,BWA,2022,23.7
Brazil,BRA,2022,-7.3
Brunei Darussalam,BRN,2022,-172.6
Bulgaria,BGR,2022,38.0
Cameroon,CMR,2022,-28.7
Canada,CAN,2022,-89.5
Caribbean small states,CSS,2022,-69.2
Central Europe and the Baltics,CEB,2022,47.4
Chad,TCD,2022,-177.8
Chile,CHL,2022,66.3
China,CHN,2022,20.6
Colombia,COL,2022,-139.1
"Congo, Dem. Rep.",COD,2022,1.6
"Congo, Rep.",COG,2022,-347.4
Costa Rica,CRI,2022,53.1
Cote d'Ivoire,CIV,2022,14.4
Croatia,HRV,2022,61.9
Cuba,CUB,2022,62.8
Cyprus,CYP,2022,117.0
Czechia,CZE,2022,42.0
Denmark,DNK,2022,47.4
Dominican Republic,DOM,2022,94.4
Early-demographic dividend,EAR,2022,-10.1
East Asia & Pacific,EAS,2022,21.8
East Asia & Pacific (IDA & IBRD countries),TEA,2022,15.4
East Asia & Pacific (excluding high income),EAP,2022,15.3
Ecuador,ECU,2022,-69.4
"Egypt, Arab Rep.",EGY,2022,9.8
El Salvador,SLV,2022,59.5
Equatorial Guinea,GNQ,2022,-422.8
Estonia,EST,2022,6.8
Eswatini,SWZ,2022,20.6
Ethiopia,ETH,2022,10.8
Euro area,EMU,2022,73.3
Europe & Central Asia,ECS,2022,5.1
Europe & Central Asia (IDA & IBRD countries),TEC,2022,-37.3
Europe & Central Asia (excluding high income),ECA,2022,-0.4
European Union,EUU,2022,66.7
Finland,FIN,2022,42.4
Fragile and conflict affected situations,FCS,2022,-69.0
France,FRA,2022,54.3
Gabon,GAB,2022,-187.6
Georgia,GEO,2022,79.6
Germany,DEU,2022,71.8
Ghana,GHA,2022,-22.4
Greece,GRC,2022,92.9
Guatemala,GTM,2022,38.4
Heavily indebted poor countries (HIPC),HPC,2022,-4.2
High income,HIC,2022,-10.2
Honduras,HND,2022,55.5
"Hong Kong SAR, China",HKG,2022,175.7
Hungary,HUN,2022,64.4
IBRD only,IBD,2022,0.4
IDA & IBRD total,IBT,2022,0.7
IDA blend,IDB,2022,-2.9
IDA only,IDX,2022,10.5
IDA total,IDA,2022,4.3
India,IND,2022,36.5
Indonesia,IDN,2022,-82.9
"Iran, Islamic Rep.",IRN,2022,-32.5
Iraq,IRQ,2022,-274.9
Ireland,IRL,2022,86.0
Israel,ISR,2022,26.1
Italy,ITA,2022,83.6
Jamaica,JAM,2022,112.6
Japan,JPN,2022,90.0
Jordan,JOR,2022,96.4
Kazakhstan,KAZ,2022,-119.3
Kenya,KEN,2022,22.4
"Korea, Dem. People's Rep.",PRK,2022,4.9
"Korea, Rep.",KOR,2022,85.5
Kuwait,KWT,2022,-283.1
Kyrgyz Republic,KGZ,2022,33.8
Lao PDR,LAO,2022,-49.0
Late-demographic dividend,LTE,2022,-4.7
Latin America & Caribbean,LCN,2022,-4.5
Latin America & Caribbean (excluding high income),LAC,2022,-5.0
Latin America & the Caribbean (IDA & IBRD countries),TLA,2022,-5.2
Latvia,LVA,2022,40.4
Least developed countries: UN classification,LDC,2022,-10.6
Lebanon,LBN,2022,96.9
Libya,LBY,2022,-249.7
Lithuania,LTU,2022,76.2
Low & middle income,LMY,2022,7.6
Low income,LIC,2022,-6.4
Lower middle income,LMC,2022,24.6
Luxembourg,LUX,2022,110.3
Malaysia,MYS,2022,-0.6
Malta,MLT,2022,389.6
Mexico,MEX,2022,21.1
"Middle East, North Africa, Afghanistan & Pakistan",MEA,2022,-102.4
"Middle East, North Africa, Afghanistan & Pakistan (IDA & IBRD)",TMN,2022,-41.7
"Middle East, North Africa, Afghanistan & Pakistan (excluding high income)",MNA,2022,-41.7
Middle income,MIC,2022,7.8
Moldova,MDA,2022,86.6
Mongolia,MNG,2022,-226.4
Montenegro,MNE,2022,29.6
Morocco,MAR,2022,94.0
Mozambique,MOZ,2022,-106.4
Myanmar,MMR,2022,-19.0
Namibia,NAM,2022,60.5
Nepal,NPL,2022,27.4
Netherlands,NLD,2022,99.4
New Zealand,NZL,2022,28.8
Nicaragua,NIC,2022,46.5
Niger,NER,2022,5.4
Nigeria,NGA,2022,-66.3
North America,NAC,2022,-16.3
North Macedonia,MKD,2022,63.9
Norway,NOR,2022,-746.7
OECD members,OED,2022,14.2
Oman,OMN,2022,-213.6
Pakistan,PAK,2022,39.8
Panama,PAN,2022,171.2
Paraguay,PRY,2022,5.7
Peru,PER,2022,12.2
Philippines,PHL,2022,54.4
Poland,POL,2022,46.8
Portugal,PRT,2022,81.5
Post-demographic dividend,PST,2022,15.0
Pre-demographic dividend,PRE,2022,-80.4
Qatar,QAT,2022,-396.1
Romania,ROU,2022,32.5
Russian Federation,RUS,2022,-75.1
Rwanda,RWA,2022,10.6
Saudi Arabia,SAU,2022,-178.2
Senegal,SEN,2022,69.4
Serbia,SRB,2022,45.3
Singapore,SGP,2022,258.4
Slovak Republic,SVK,2022,68.9
Slovenia,SVN,2022,53.5
Small states,SST,2022,-39.9
South Africa,ZAF,2022,-14.1
South Asia,SAS,2022,36.3
South Asia (IDA & IBRD),TSA,2022,36.3
South Sudan,SSD,2022,-859.5
Spain,ESP,2022,82.9
Sri Lanka,LKA,2022,60.0
Sub-Saharan Africa,SSF,2022,-27.8
Sub-Saharan Africa (IDA & IBRD countries),TSS,2022,-27.8
Sub-Saharan Africa (excluding high income),SSA,2022,-31.7
Sudan,SDN,2022,18.9
Suriname,SUR,2022,17.1
Sweden,SWE,2022,28.7
Switzerland,CHE,2022,51.7
Syrian Arab Republic,SYR,2022,61.3
Tajikistan,TJK,2022,28.0
Tanzania,TZA,2022,12.9
Thailand,THA,2022,57.1
Trinidad and Tobago,TTO,2022,-75.5
Tunisia,TUN,2022,53.1
Turkiye,TUR,2022,72.7
Turkmenistan,TKM,2022,-109.8
Uganda,UGA,2022,20.5
Ukraine,UKR,2022,23.4
United Arab Emirates,ARE,2022,-171.5
United Kingdom,GBR,2022,39.2
United States,USA,2022,-6.5
Upper middle income,UMC,2022,2.6
Uruguay,URY,2022,46.2
Uzbekistan,UZB,2022,1.5
"Venezuela, RB",VEN,2022,-73.9
Viet Nam,VNM,2022,34.0
World,WLD,2022,-0.5
"Yemen, Rep.",YEM,2022,-11.0
Zambia,ZMB,2022,9.0
Zimbabwe,ZWE,2022,17.0
Africa Eastern and Southern,AFE,2023,22.6
Albania,ALB,2023,22.7
Algeria,DZA,2023,-129.3
Argentina,ARG,2023,0.4
Australia,AUS,2023,-214.5
Austria,AUT,2023,64.0
Azerbaijan,AZE,2023,-256.0
Belgium,BEL,2023,89.2
Bosnia and Herzegovina,BIH,2023,24.9
Brazil,BRA,2023,-13.7
Bulgaria,BGR,2023,40.9
Canada,CAN,2023,-89.6
Central Europe and the Baltics,CEB,2023,49.3
Chile,CHL,2023,62.3
China,CHN,2023,24.0
Colombia,COL,2023,-142.0
Costa Rica,CRI,2023,60.4
Croatia,HRV,2023,57.3
Czechia,CZE,2023,42.0
Denmark,DNK,2023,43.8
Early-demographic dividend,EAR,2023,39.0
East Asia & Pacific,EAS,2023,35.6
"Egypt, Arab Rep.",EGY,2023,20.3
Estonia,EST,2023,3.8
Euro area,EMU,2023,67.8
Europe & Central Asia,ECS,2023,49.0
Europe & Central Asia (IDA & IBRD countries),TEC,2023,63.0
Europe & Central Asia (excluding high income),ECA,2023,71.7
European Union,EUU,2023,63.5
Finland,FIN,2023,30.3
France,FRA,2023,47.1
Georgia,GEO,2023,79.9
Germany,DEU,2023,70.5
Greece,GRC,2023,89.2
High income,HIC,2023,11.1
Honduras,HND,2023,60.6
Hungary,HUN,2023,62.5
IBRD only,IBD,2023,14.1
IDA & IBRD total,IBT,2023,14.4
IDA blend,IDB,2023,22.6
IDA total,IDA,2023,22.6
India,IND,2023,36.1
Indonesia,IDN,2023,-89.5
Ireland,IRL,2023,85.8
Israel,ISR,2023,13.7
Italy,ITA,2023,79.6
Japan,JPN,2023,87.3
Kazakhstan,KAZ,2023,-119.1
Kenya,KEN,2023,22.4
"Korea, Rep.",KOR,2023,84.6
Late-demographic dividend,LTE,2023,0.4
Latin America & Caribbean,LCN,2023,-7.5
Latin America & Caribbean (excluding high income),LAC,2023,-13.2
Latin America & the Caribbean (IDA & IBRD countries),TLA,2023,-7.5
Latvia,LVA,2023,34.3
Lithuania,LTU,2023,71.5
Low & middle income,LMY,2023,6.9
Lower middle income,LMC,2023,22.6
Luxembourg,LUX,2023,109.6
Malta,MLT,2023,403.6
Mexico,MEX,2023,21.6
"Middle East, North Africa, Afghanistan & Pakistan",MEA,2023,14.1
Middle income,MIC,2023,6.9
Moldova,MDA,2023,81.2
Montenegro,MNE,2023,24.4
Morocco,MAR,2023,93.6
Netherlands,NLD,2023,87.0
New Zealand,NZL,2023,31.6
North America,NAC,2023,-17.9
North Macedonia,MKD,2023,63.8
Norway,NOR,2023,-704.0
OECD members,OED,2023,11.9
Paraguay,PRY,2023,-4.7
Poland,POL,2023,48.8
Portugal,PRT,2023,77.2
Post-demographic dividend,PST,2023,9.4
Pre-demographic dividend,PRE,2023,22.6
Romania,ROU,2023,28.1
Senegal,SEN,2023,69.0
Serbia,SRB,2023,42.6
Singapore,SGP,2023,279.6
Slovak Republic,SVK,2023,57.9
Slovenia,SVN,2023,48.9
South Africa,ZAF,2023,-12.5
Spain,ESP,2023,77.0
Sub-Saharan Africa,SSF,2023,22.6
Sub-Saharan Africa (IDA & IBRD countries),TSS,2023,22.6
Sub-Saharan Africa (excluding high income),SSA,2023,22.6
Suriname,SUR,2023,12.3
Sweden,SWE,2023,27.8
Switzerland,CHE,2023,51.7
Thailand,THA,2023,57.5
Turkiye,TUR,2023,72.0
Ukraine,UKR,2023,23.6
United Kingdom,GBR,2023,44.0
United States,USA,2023,-9.0
Upper middle income,UMC,2023,6.2
World,WLD,2023,10.5
