Municipality,Region,year,purchase_price_mean,purchase_price_median,sqm_price_mean,sqm_price_median,sqm_mean,no_rooms_mean,%_change_between_offer_and_purchase_mean,nom_interest_rate%_mean,dk_ann_infl_rate%_mean,yield_on_mortgage_credit_bonds%_mean,no_sales,income,population,affordability,sales_per_1000,urban_rural
Aabenraa,Southern Denmark,2008,1631118.1734475377,1065000.0,12842.465,8209.458984375,142.54176,4.691648822269808,-1.7087795,4.0460386,3.42,6.52,467,276912.6666666667,60316.75,21.562267576097476,7.742459598701853,Urban
Aabenraa,Southern Denmark,2009,1535254.2615803815,1025000.0,11637.358,8295.4541015625,147.15804,4.762942779291553,-2.7792916,1.9166213,1.3,5.5,367,278411.0,60237.0,23.92390094040245,6.092600893138769,Urban
Aabenraa,Southern Denmark,2010,1577195.2304832714,1140000.0,12633.355,8218.09033203125,143.67287,4.609665427509293,-3.0464685,0.79507434,2.31,4.53,538,301608.0,59946.0,23.87394322410793,8.974743936209254,Urban
Aabenraa,Southern Denmark,2011,1499740.2342342343,1000000.0,11417.911,7557.47119140625,142.91891,4.621621621621622,-3.0750751,1.0022522,2.76,4.75,333,305809.0,59750.0,26.78327060002482,5.573221757322176,Urban
Aabenraa,Southern Denmark,2012,1564109.955,1070119.5,12550.895,7907.049072265625,142.8175,4.585,-3.7375,0.420625,2.4,3.66,400,312566.6666666667,59457.25,24.903934473730093,6.72752271590092,Urban
Aabenraa,Southern Denmark,2013,1347075.65625,950000.0,9022.465,7321.046875,153.02841,4.965909090909091,-3.3551137,0.0,0.79,3.4799998,352,318038.3333333333,59133.25,35.24960566024178,5.95265776868344,Urban
Aabenraa,Southern Denmark,2014,1417560.4432773108,1022500.0,12683.502,8025.849853515625,136.5042,4.418067226890757,-3.997899,0.0,0.56,3.06,476,321844.6666666667,58977.5,25.37506334344148,8.07087448603281,Urban
Aabenraa,Southern Denmark,2015,1577201.065026362,1195000.0,14967.917,8445.9462890625,135.82953,4.390158172231986,-3.1230228,0.0,0.45,2.78,569,328991.0,58928.5,21.97974507742126,9.655769279720339,Urban
Aabenraa,Southern Denmark,2016,1438760.9739478957,1000000.0,10875.705,7352.94140625,145.16032,4.645290581162325,-4.6332664,0.0,0.25,2.55,499,334492.6666666667,58996.25,30.755952525989503,8.458164713858931,Urban
Aabenraa,Southern Denmark,2017,1319015.6549707602,1000000.0,9952.185,7608.13037109375,144.49707,4.777777777777778,-3.5701754,0.0,1.15,2.26,342,347693.6666666667,59095.75,34.93641513563772,5.787218200970459,Urban
Aabenraa,Southern Denmark,2018,1313294.5984962406,997100.0,8952.325,7692.3076171875,150.06015,4.747368421052632,-3.42406,0.0,0.81000006,2.12,665,353434.0,59034.5,39.47957653458738,11.2645995138436,Urban
Aabenraa,Southern Denmark,2019,1640611.5018226,1100000.0,12724.378,8333.3330078125,145.71446,4.612393681652491,-2.8590522,0.0,0.76,1.35,823,364652.6666666667,58946.5,28.657798964056763,13.961812830278303,Urban
Aabenraa,Southern Denmark,2020,1640808.679644049,1150000.0,12649.563,8682.634765625,145.2614,4.710789766407119,-2.9477196,0.0,0.42,1.1,899,380209.0,58676.25,30.057085766520157,15.321360857246331,Urban
Aabenraa,Southern Denmark,2021,1743755.3900928793,1300000.0,13835.186,9576.10400390625,146.8034,4.640866873065016,-1.7631578,0.0,1.8499999,1.47,1292,396367.3333333333,58556.5,28.649223316067694,22.064160255479752,Urban
Aabenraa,Southern Denmark,2022,1744293.467,1270000.0,12817.186,9257.00537109375,145.225,4.719,-1.739,0.12674999,7.7,3.73,1000,403169.3333333333,58883.0,31.45537041698024,16.98283035850755,Urban
Aabenraa,Southern Denmark,2023,1554250.931567329,1210000.0,12173.119,9310.33935546875,141.95143,4.598233995584989,-2.5960264,2.7174945,3.31,4.7899995,906,412758.6666666667,58842.25,33.90738779984544,15.397099872965429,Urban
Aabenraa,Southern Denmark,2024,1675482.997067449,1227500.0,12994.941,8976.9814453125,140.08798,4.645161290322581,-2.9105573,3.5189881,1.13,4.34,682,428860.3333333333,58637.5,33.00209930413176,11.630782349179281,Urban
Aalborg,North Jutland,2008,1871558.5293398532,1630000.0,17335.986,13458.3330078125,124.96455,4.0440097799511,-2.3141809,4.055012,3.42,6.52,818,270192.3333333333,195369.0,15.585634029315282,4.186948799451295,Urban
Aalborg,North Jutland,2009,1742606.3275462964,1395000.0,15117.046,11925.17724609375,123.29977,4.0625,-3.3472223,1.8693286,1.3,5.5,864,278390.0,196461.0,18.415634906449316,4.397819414540291,Urban
Aalborg,North Jutland,2010,1814340.8076525335,1530000.0,16245.837,12413.79296875,129.50362,4.232678386763185,-3.2388833,0.8084281,2.31,4.53,967,299736.6666666667,197786.25,18.45005995484669,4.889116407232556,Urban
Aalborg,North Jutland,2011,2119014.3165983604,1779000.0,21525.156,13586.240234375,119.31148,3.9334016393442623,-3.039959,1.0002562,2.76,4.75,976,304459.0,199725.0,14.144334192049527,4.886719238953561,Urban
Aalborg,North Jutland,2012,1800259.8901209678,1545000.0,15829.468,12391.271484375,129.91533,4.258064516129032,-3.717742,0.4405242,2.4,3.66,992,310591.0,201589.75,19.621063702204015,4.920885114446543,Urban
Aalborg,North Jutland,2013,1921716.8780718336,1595000.0,17222.643,13531.62353515625,124.234406,4.085066162570889,-3.426276,0.0,0.79,3.48,1058,316597.6666666667,203983.0,18.38264119314711,5.186706735365202,Urban
Aalborg,North Jutland,2014,1908816.4453333332,1600000.0,16632.545,13950.0,125.69867,4.139555555555556,-3.3457778,0.0,0.56,3.06,1125,321230.6666666667,206243.25,19.31338028345432,5.454723972784564,Urban
Aalborg,North Jutland,2015,2222815.189106487,1795000.0,19897.25,15833.3330078125,123.23011,4.038555691554468,-2.379437,0.0,0.45,2.78,1634,328066.3333333333,208336.0,16.488023889398452,7.843099608325013,Urban
Aalborg,North Jutland,2016,2084297.0729585008,1750000.0,18300.568,16500.0,123.19143,4.030120481927711,-2.1526105,0.0,0.25,2.55,1494,332254.3333333333,210779.0,18.155410986879385,7.087992636837636,Urban
Aalborg,North Jutland,2017,2226393.538910506,1830000.0,19929.895,17949.2353515625,119.518486,3.928988326848249,-1.7052529,0.0,1.15,2.26,1028,343468.6666666667,212241.0,17.233842258911384,4.843550492129231,Urban
Aalborg,North Jutland,2018,2148472.7182006203,1795000.0,19180.23,17932.6923828125,120.25129,3.946742502585315,-2.0956566,0.0,0.81,2.12,1934,351465.0,213798.0,18.324337090848232,9.045921851467273,Urban
Aalborg,North Jutland,2019,2184201.840401277,1885000.0,19268.1,17383.720703125,121.131325,3.9192886456908345,-2.4632924,0.0,0.76,1.35,2193,359866.3333333333,215851.75,18.67679394093519,10.159750847514555,Urban
Aalborg,North Jutland,2020,2313121.589087809,1997500.0,19414.088,17654.3125,124.254906,4.04688832054561,-2.5954816,0.0,0.42,1.1,2346,376285.3333333333,217691.0,19.382076218740398,10.776743181849502,Urban
Aalborg,North Jutland,2021,2453465.0049784267,2100000.0,21026.162,19495.412109375,121.27083,3.9399269830733488,-1.848324,0.0,1.8500001,1.4699999,3013,392941.3333333333,219912.5,18.688210113349896,13.700903768544308,Urban
Aalborg,North Jutland,2022,2474414.1156982672,2100000.0,21352.88,19607.0751953125,118.16616,3.8776758409785934,-2.604995,0.10733944,7.7,3.73,1962,398049.6666666667,221616.25,18.64149785259256,8.853141409982346,Urban
Aalborg,North Jutland,2023,2420548.695203713,2075000.0,20534.64,18902.439453125,119.94172,3.966477565755544,-3.2212481,2.760856,3.31,4.79,1939,414551.0,222671.5,20.187887394178812,8.707894813660483,Urban
Aalborg,North Jutland,2024,2456883.762076424,2125000.0,20169.346,18965.517578125,121.866615,4.0216294160057675,-3.3648162,3.527361,1.13,4.34,1387,431800.6666666667,223473.25,21.408758948687115,6.206559398048761,Urban
Aarhus,Central Jutland,2008,2438525.2977099237,2196778.5,20648.941,18827.0234375,129.60019,4.404580152671755,-3.0515268,4.0500956,3.42,6.52,1048,278596.3333333333,299457.25,13.492039777407149,3.4996648102525487,Urban
Aarhus,Central Jutland,2009,2206249.6589698046,1950000.0,17991.225,17079.763671875,132.0826,4.404085257548846,-4.28508,1.7384547,1.3,5.5,1126,287127.6666666667,303985.75,15.959317204174074,3.7041209990928854,Urban
Aarhus,Central Jutland,2010,2395457.5371562317,2125000.0,18870.959,17938.931640625,136.60503,4.446459918080749,-2.731422,0.8039789,2.31,4.53,1709,312728.3333333333,307805.25,16.571936451842927,5.5522119911859855,Urban
Aarhus,Central Jutland,2011,2399324.820417288,2150000.0,20212.232,18549.8740234375,129.04099,4.280178837555887,-3.371833,0.9960879,2.76,4.75,1342,318450.3333333333,311784.0,15.755327434067317,4.304261924922382,Urban
Aarhus,Central Jutland,2012,2432588.405232929,2190000.0,20593.213,18848.16796875,127.143585,4.300574345883854,-3.4728782,0.44144863,2.4,3.66,1567,324827.0,315845.5,15.773497802407036,4.9612864517620165,Urban
Aarhus,Central Jutland,2013,2481313.3499420625,2250000.0,20663.328,19090.908203125,129.5423,4.278099652375435,-2.8858633,0.0,0.79,3.48,1726,336371.3333333333,320541.25,16.27866204966273,5.384642382220697,Urban
Aarhus,Central Jutland,2014,2574424.1470728223,2260000.0,21148.98,19685.53515625,131.50786,4.322227510709186,-2.9576392,0.0,0.56,3.06,2101,343435.0,324594.0,16.238844615674136,6.4727012822171694,Urban
Aarhus,Central Jutland,2015,2773271.4913971093,2375000.0,23768.162,21853.9208984375,124.181694,4.109428768066071,-2.0086029,0.0,0.45,2.78,2906,357546.6666666667,327601.25,15.043092800640903,8.870540023885745,Urban
Aarhus,Central Jutland,2016,2856857.6209866875,2536956.0,24857.576,23440.6328125,124.2318,4.090054815974941,-1.8406421,0.0,0.25,2.55,2554,358557.0,332301.0,14.424455546268872,7.685802931679411,Urban
Aarhus,Central Jutland,2017,2952187.5328511153,2600000.0,26332.844,24142.857421875,119.646774,3.9945750452079567,-1.5690175,0.0,1.15,2.26,1659,370975.3333333333,337210.25,14.087932671964081,4.919779277172031,Urban
Aarhus,Central Jutland,2018,3123535.0989133464,2750000.0,27789.186,25588.607421875,120.42937,3.987183059348008,-1.7720814,0.0,0.81,2.12,3589,379328.3333333333,342261.25,13.650213911747299,10.486141799575616,Urban
Aarhus,Central Jutland,2019,3191578.8331581713,2800000.0,27698.135,25657.89453125,121.18287,3.9976353126642143,-2.0278509,0.0,0.76,1.35,3806,387790.3333333333,346622.25,14.000593662112388,10.98025299876162,Urban
Aarhus,Central Jutland,2020,3363027.174209139,2950000.0,30293.82,28585.1455078125,115.65005,3.8328207381370825,-1.6456503,0.0,0.42,1.1,4552,404414.6666666667,350704.25,13.349741520437723,12.979597481353592,Urban
Aarhus,Central Jutland,2021,3694928.8547497448,3250000.0,33531.73,32269.23046875,114.8856,3.737691521961185,-1.0913177,0.0,1.85,1.47,4895,424579.0,353218.0,12.662007000533523,13.858297142274743,Urban
Aarhus,Central Jutland,2022,3705548.3211971615,3225000.0,33586.94,31681.818359375,113.78309,3.811169392162913,-2.3884604,0.11652268,7.7,3.73,3241,423823.3333333333,357203.75,12.618694448893924,9.073253010361734,Urban
Aarhus,Central Jutland,2023,3588461.9727457236,3150000.0,32892.51,31553.3984375,111.632355,3.7848651783125544,-3.009568,2.8226154,3.31,4.7899995,3449,439511.0,363305.0,13.362038956589204,9.493400861535074,Urban
Aarhus,Central Jutland,2024,3656428.2543329303,3225000.0,33335.207,31547.619140625,112.85853,3.834744054816606,-3.020153,3.5262392,1.13,4.34,2481,456898.3333333333,368974.25,13.706179575646052,6.724046461236793,Urban
Albertslund,Capital Region,2008,2106514.5405405406,1967500.0,18674.814,18465.3701171875,116.689186,4.04054054054054,-4.0135136,4.052365,3.42,6.52,148,284430.3333333333,27644.75,15.230691632769854,5.353638575136328,Rural
Albertslund,Capital Region,2009,1708157.4045801526,1700000.0,15485.559,15686.2744140625,109.79389,3.938931297709923,-5.3206105,1.8290076,1.3,5.5,131,290096.0,27784.75,18.73332438305908,4.71481658103816,Rural
Albertslund,Capital Region,2010,1859660.8967391304,1862500.0,16725.238,16105.45166015625,115.78261,4.076086956521739,-3.4293478,0.82336956,2.31,4.53,184,308963.0,27737.25,18.47286119336538,6.633678536985462,Rural
Albertslund,Capital Region,2011,1783595.6375838926,1800000.0,15985.708,16049.3828125,113.27517,4.0,-4.771812,1.0318792,2.76,4.75,149,307160.6666666667,27774.5,19.21470520208843,5.364633026697151,Rural
Albertslund,Capital Region,2012,1720487.1146496816,1650000.0,15277.707,15039.0625,111.33121,3.9745222929936306,-4.4585986,0.44745222,2.4,3.66,157,314776.0,27865.75,20.603615450931215,5.634156625965567,Rural
Albertslund,Capital Region,2013,1851524.8493150685,1750000.0,18723.656,14936.708984375,108.20091,3.82648401826484,-3.392694,0.0,0.79,3.48,219,316540.3333333333,27782.25,16.905904131828386,7.882730880328268,Rural
Albertslund,Capital Region,2014,1781750.2610619469,1776000.0,15230.1,15286.8525390625,118.97345,4.185840707964601,-3.238938,0.0,0.56,3.06,226,324191.0,27754.5,21.286202979625873,8.142823686249077,Rural
Albertslund,Capital Region,2015,1878095.2935779816,1838438.0,17204.152,16962.025390625,110.366974,3.850152905198777,-3.0550458,0.0,0.45,2.78,327,330876.6666666667,27732.75,19.23237289851117,11.791113394812992,Rural
Albertslund,Capital Region,2016,2032737.243902439,1995000.0,18970.537,19230.76953125,109.73519,3.9547038327526134,-2.3832753,0.0,0.25,2.55,287,335560.3333333333,27852.75,17.688499452247097,10.30418899390545,Rural
Albertslund,Capital Region,2017,2085470.9197860963,2055000.0,20183.316,20350.876953125,107.24599,3.802139037433155,-1.9144385,0.0,1.15,2.26,187,340058.6666666667,27857.25,16.84850332158832,6.71279469437938,Rural
Albertslund,Capital Region,2018,2158648.6782178218,2100000.0,21470.936,22243.490234375,104.40594,3.6584158415841586,-1.700495,0.0,0.81,2.12,404,349272.6666666667,27768.0,16.26723057935931,14.549121290694325,Rural
Albertslund,Capital Region,2019,2242236.5965665234,2160000.0,21901.232,22500.0,106.049355,3.770386266094421,-2.6502147,0.0,0.76,1.35,466,354489.6666666667,27768.0,16.185832224719903,16.781907231345436,Rural
Albertslund,Capital Region,2020,2451482.0244328096,2340000.0,23921.547,23913.04296875,104.689354,3.7940663176265272,-2.2652705,0.0,0.42,1.1,573,370006.6666666667,27605.25,15.467505787425315,20.756921237808026,Rural
Albertslund,Capital Region,2021,2618246.121987952,2450000.0,26278.404,26081.11328125,101.75753,3.6551204819277103,-1.3674699,0.0,1.85,1.47,664,386781.3333333333,27270.5,14.718600617196286,24.34865514016978,Rural
Albertslund,Capital Region,2022,2531680.7280898876,2375000.0,26939.21,27142.857421875,95.82472,3.41123595505618,-2.6741574,0.08325843,7.7,3.73,445,389872.3333333333,27567.5,14.472300165199103,16.142196426952026,Rural
Albertslund,Capital Region,2023,2496872.104452055,2475000.0,26698.057,26913.9189453125,94.488014,3.393835616438356,-3.0873287,2.9359589,3.31,4.79,584,406252.6666666667,27554.5,15.216563013056218,21.19436026783284,Rural
Albertslund,Capital Region,2024,2661455.4521276597,2605000.0,26679.95,26629.4453125,100.364365,3.61968085106383,-3.1382978,3.5281913,1.13,4.34,376,417284.3333333333,27704.5,15.640371639876886,13.571802414770163,Rural
Allerød,Capital Region,2008,2774952.8601398603,2550000.0,21572.486,20542.634765625,135.13287,4.638694638694639,-4.037296,4.036713,3.42,6.52,429,381026.6666666667,23608.25,17.6626220393267,18.17161373672339,Rural
Allerød,Capital Region,2009,2405005.743951613,2250000.0,18799.035,17507.4921875,135.34476,4.592741935483871,-5.5705647,1.7745968,1.3,5.5,496,386430.3333333333,23921.75,20.555860092463966,20.734269022960277,Rural
Allerød,Capital Region,2010,2515799.382154882,2362388.5,18949.354,18492.3779296875,139.01683,4.616161616161616,-3.7592592,0.8173401,2.31,4.53,594,434833.6666666667,24120.75,22.947149895804717,24.62609993470352,Rural
Allerød,Capital Region,2011,2474004.6088888887,2300000.0,18485.666,17920.0673828125,138.60445,4.52,-4.6955557,0.9761111,2.76,4.75,450,452258.6666666667,24077.5,24.46537044792796,18.689648011629114,Rural
Allerød,Capital Region,2012,2398752.653846154,2250000.0,17592.854,17365.0068359375,140.75092,4.7032967032967035,-4.540293,0.3997253,2.4,3.66,546,461174.0,24067.25,26.21371154447141,22.686430730557085,Rural
Allerød,Capital Region,2013,2580274.8624113477,2445000.0,18712.04,18750.0,141.81702,4.634042553191489,-3.293617,0.0,0.79,3.4799998,705,474084.6666666667,24079.5,25.335808744886535,29.278016570111507,Rural
Allerød,Capital Region,2014,2569566.8564417176,2400000.0,19307.764,19486.30078125,138.22331,4.548466257668712,-2.7546012,0.0,0.56,3.06,815,487347.0,24229.75,25.24098595777326,33.63633549665184,Rural
Allerød,Capital Region,2015,2698590.2529761903,2495000.0,20127.77,19755.5751953125,138.60814,4.595238095238095,-2.1954365,0.0,0.45,2.78,1008,500810.3333333333,24513.5,24.8815608153975,41.12019907397964,Rural
Allerød,Capital Region,2016,2825265.00436205,2710000.0,21619.885,21849.314453125,134.68703,4.443838604143948,-2.0719738,0.0,0.25,2.55,917,508291.0,24823.5,23.510347071688866,36.94080206256169,Rural
Allerød,Capital Region,2017,2982253.6740994854,2800000.0,22400.164,22743.36328125,135.75128,4.4888507718696395,-1.7958834,0.0,1.15,2.26,583,519675.0,25093.75,23.19960693144925,23.232876712328768,Rural
Allerød,Capital Region,2018,3056935.3167082295,2900000.0,24011.553,23893.8046875,132.16293,4.406483790523691,-1.8661679,0.0,0.81,2.12,1203,527214.6666666666,25377.25,21.956708367287472,47.40466362588539,Rural
Allerød,Capital Region,2019,3183707.9353796444,3100000.0,25027.266,24774.18359375,132.3958,4.404684975767367,-2.2140548,0.0,0.76,1.35,1238,549719.0,25686.25,21.964804305831887,48.196992554382206,Rural
Allerød,Capital Region,2020,3543428.6983240223,3300000.0,26081.521,25848.21484375,137.85893,4.555167597765363,-2.174581,0.0,0.42,1.1,1432,561152.0,25693.5,21.51530963244053,55.733940490785606,Rural
Allerød,Capital Region,2021,3964179.140547264,3650000.0,29813.56,29579.9501953125,135.94092,4.460820895522388,-1.2792288,0.0,1.85,1.47,1608,591640.3333333334,25895.5,19.844672468948133,62.095730918499356,Rural
Allerød,Capital Region,2022,3924977.658693652,3750000.0,31055.988,30833.333984375,127.45262,4.227230910763569,-2.7874885,0.122585095,7.6999993,3.73,1087,595009.3333333334,25947.5,19.159246626877025,41.89228249349648,Rural
Allerød,Capital Region,2023,3908436.1413223143,3620000.0,30386.697,29464.4150390625,129.30661,4.299173553719008,-3.1942148,2.8274794,3.31,4.79,1210,608622.3333333334,26009.5,20.029236258660603,46.52146331148234,Rural
Allerød,Capital Region,2024,3995100.190635451,3650000.0,31269.424,30365.853515625,128.4359,4.255295429208473,-2.9007804,3.5225194,1.13,4.34,897,629271.3333333334,25990.5,20.12417412400476,34.51261037686847,Rural
Assens,Southern Denmark,2008,1582335.451388889,1192500.0,13872.287,9526.61083984375,133.13542,4.430555555555555,-1.7986112,4.048611,3.42,6.52,288,270943.0,42167.0,19.531242397162053,6.829985533711196,Rural
Assens,Southern Denmark,2009,1479812.54973822,1220000.0,11701.507,8811.880859375,143.70157,4.680628272251309,-3.6649215,1.8240837,1.3,5.5,191,283829.3333333333,42101.5,24.25579314983389,4.536655463582058,Rural
Assens,Southern Denmark,2010,1204374.681372549,913860.5,8737.018,7882.454345703125,144.86765,4.7254901960784315,-4.2352943,0.8235294,2.31,4.53,204,306560.6666666667,41884.25,35.087562674892816,4.8705659048448995,Rural
Assens,Southern Denmark,2011,1321167.8738738738,900000.0,9557.16,7686.92431640625,134.43243,4.481981981981982,-4.990991,0.9898649,2.7599998,4.75,222,310726.6666666667,41579.75,32.512447909909085,5.339137440701302,Rural
Assens,Southern Denmark,2012,1082884.9112426036,850000.0,8191.9023,6742.42431640625,139.57988,4.674556213017752,-7.781065,0.46893492,2.4,3.6600003,169,317721.0,41394.25,38.78476431536543,4.082692644509805,Rural
Assens,Southern Denmark,2013,1155787.2935779816,940000.0,10861.396,7167.596435546875,132.4266,4.362385321100917,-6.555046,0.0,0.79,3.48,218,323432.6666666667,41180.75,29.778185664777038,5.293735543913115,Rural
Assens,Southern Denmark,2014,1429232.4352331606,900000.0,9486.656,6777.5400390625,148.1658,4.927461139896373,-5.968912,0.0,0.56,3.0600002,193,327407.6666666667,41033.5,34.51244217843112,4.703473990763644,Rural
Assens,Southern Denmark,2015,1318205.7068965517,972500.0,8876.918,7089.55224609375,145.36208,4.806034482758621,-5.5948277,0.0,0.45,2.7800002,232,334955.6666666667,41135.25,37.733328917386274,5.639931688758425,Rural
Assens,Southern Denmark,2016,1107293.4344569289,860000.0,7882.81,6944.4443359375,148.31087,4.925093632958801,-3.6292136,0.0,0.25,2.55,267,339462.0,41349.0,43.06357758210587,6.457229920917072,Rural
Assens,Southern Denmark,2017,1412554.6554054054,900000.0,9482.119,7958.333251953125,149.62163,4.871621621621622,-4.885135,0.0,1.15,2.26,148,349365.0,41406.75,36.84461247533383,3.57429646132575,Rural
Assens,Southern Denmark,2018,1308626.6470588236,975000.0,8824.187,7920.7919921875,148.2577,4.983193277310924,-3.9859943,0.0,0.81000006,2.12,357,355606.6666666667,41382.25,40.29908553237445,8.626887131560029,Rural
Assens,Southern Denmark,2019,1477925.8586278586,1175000.0,11360.14,8750.0,145.69438,4.760914760914761,-3.4760914,0.0,0.76,1.35,481,369890.0,41128.0,32.56033816484656,11.695195487259289,Rural
Assens,Southern Denmark,2020,1476433.191650854,1150000.0,12167.117,8750.0,139.70778,4.664136622390892,-3.8690703,0.0,0.42,1.1,527,383413.6666666667,40894.75,31.51228566854964,12.88673974043123,Rural
Assens,Southern Denmark,2021,1497627.5981595092,1275000.0,11443.416,9311.517578125,145.83589,4.769938650306749,-3.231595,0.0,1.8500001,1.47,652,398646.6666666667,40861.5,34.83633441855707,15.956340320350451,Rural
Assens,Southern Denmark,2022,1645578.369047619,1244500.0,11828.851,9365.63818359375,144.25,4.811507936507937,-3.6944444,0.10833333,7.7,3.73,504,400275.6666666667,40969.25,33.83893048163906,12.301909358848404,Rural
Assens,Southern Denmark,2023,1633241.0458715595,1250000.0,11578.64,9046.05224609375,147.26376,4.759174311926605,-4.8486238,2.747477,3.3100002,4.79,436,414751.0,40847.75,35.82035541307097,10.67378252168112,Rural
Assens,Southern Denmark,2024,1488908.8064516129,1295000.0,11186.918,9520.65966796875,138.29355,4.683870967741935,-4.751613,3.5225806,1.13,4.34,310,420075.6666666667,40585.75,37.550616413445304,7.63814885766556,Rural
Ballerup,Capital Region,2008,2932636.0506329113,2805000.0,21387.006,21165.6669921875,137.12659,4.651898734177215,-4.537975,4.041139,3.4199998,6.52,158,301914.6666666667,47265.25,14.1167336216517,3.342836439032905,Urban
Ballerup,Capital Region,2009,2566395.5572139304,2450000.0,19339.78,18796.9921875,133.69154,4.502487562189055,-5.0497513,1.7358209,1.3,5.5,201,302961.3333333333,47512.5,15.665190262419394,4.230465666929756,Urban
Ballerup,Capital Region,2010,2924379.4921259843,2925000.0,19530.412,19267.857421875,153.26772,4.964566929133858,-3.984252,0.8179134,2.31,4.53,254,326828.6666666667,47721.5,16.734345730477507,5.322548536823025,Urban
Ballerup,Capital Region,2011,2811011.7853107345,2750000.0,19670.451,19838.708984375,142.68361,4.661016949152542,-4.740113,0.9519774,2.76,4.75,177,336048.0,47987.75,17.083899093111793,3.6884413209621205,Urban
Ballerup,Capital Region,2012,2852436.9469387755,2850000.0,20131.377,19642.857421875,144.33061,4.771428571428571,-4.5795918,0.45102042,2.4,3.66,245,343129.3333333333,48139.0,17.044503877371792,5.089428529882216,Urban
Ballerup,Capital Region,2013,2817677.6531365314,2650000.0,19743.95,19671.052734375,146.08118,4.712177121771218,-3.9630997,0.0,0.79,3.48,271,350037.0,48357.0,17.728823259783375,5.60415244949025,Urban
Ballerup,Capital Region,2014,3011881.0860215053,2875000.0,21347.96,20878.787109375,143.78494,4.763440860215054,-3.5913978,0.0,0.56,3.06,279,366728.6666666667,48477.0,17.17862815307255,5.7553066402623925,Urban
Ballerup,Capital Region,2015,3244409.087855297,3195000.0,23127.121,23734.177734375,140.71835,4.664082687338501,-2.7080104,0.0,0.45,2.78,387,373176.0,48297.0,16.135860576852608,8.012920057146408,Urban
Ballerup,Capital Region,2016,3341783.1391585763,3150000.0,24037.703,23913.04296875,141.23625,4.773462783171521,-2.6634305,0.0,0.25,2.55,309,376695.6666666667,48245.5,15.671034235952856,6.404742411209336,Urban
Ballerup,Capital Region,2017,3462380.316964286,3382812.5,26041.934,26497.0166015625,135.82143,4.428571428571429,-1.9464285,0.0,1.15,2.26,224,384737.0,48219.75,14.773749138600841,4.645399447321896,Urban
Ballerup,Capital Region,2018,3436929.9803063455,3282500.0,25046.877,25210.083984375,139.4464,4.595185995623632,-1.8271335,0.0,0.81,2.12,457,393999.3333333333,48347.75,15.730477429714423,9.452353005051942,Urban
Ballerup,Capital Region,2019,3686316.0714285714,3630000.0,27823.367,27610.431640625,134.25307,4.512244897959183,-2.034694,0.0,0.76,1.35,490,404768.3333333333,48448.75,14.54778400232198,10.11378002528445,Urban
Ballerup,Capital Region,2020,3870332.481426449,3800000.0,29559.031,29216.8671875,130.15602,4.283803863298663,-1.8306092,0.0,0.42000002,1.1,673,421486.3333333333,48821.5,14.259139054095966,13.784910336634475,Urban
Ballerup,Capital Region,2021,4199572.660516605,3995000.0,32530.56,32708.333984375,128.1267,4.254612546125461,-2.290283,0.0,1.85,1.47,813,438722.3333333333,49196.25,13.4864672890148,16.525649820870495,Urban
Ballerup,Capital Region,2022,4064442.44766147,3900000.0,32598.107,32710.28125,119.4922,4.048997772828508,-2.0155902,0.11291759,7.6999993,3.73,449,440099.3333333333,49543.25,13.500763505480036,9.062788573620018,Urban
Ballerup,Capital Region,2023,4272377.206165703,4100000.0,32967.465,32838.984375,124.949905,4.223506743737958,-3.0751445,2.8012524,3.31,4.79,519,462326.6666666667,50366.5,14.023725107971352,10.304468247744037,Urban
Ballerup,Capital Region,2024,4184019.481108313,4235000.0,33073.52,33028.16796875,121.28967,4.128463476070529,-2.372796,3.513098,1.13,4.34,397,473557.0,51869.0,14.318312656167231,7.653897318244038,Urban
Billund,Southern Denmark,2008,1416603.7918088736,1015000.0,10513.85,8114.75390625,141.68259,4.686006825938566,-1.0341297,4.052901,3.42,6.52,293,288630.3333333333,26228.25,27.452392162084614,11.171160866622822,Rural
Billund,Southern Denmark,2009,1297509.7087378642,1010000.0,10178.504,8202.0205078125,137.12135,4.762135922330097,-2.4174757,2.0296116,1.3,5.5,206,294216.0,26262.25,28.905623066022272,7.843958533636683,Rural
Billund,Southern Denmark,2010,1251751.0488721805,1075000.0,10406.18,8349.06005859375,138.1767,4.69172932330827,-2.4887218,0.8016917,2.31,4.53,266,323111.6666666667,26178.25,31.049978634490916,10.161107025870713,Rural
Billund,Southern Denmark,2011,1867544.1152416356,1215000.0,16348.858,9013.60546875,135.22676,4.4684014869888475,-2.7806692,0.95817846,2.76,4.75,269,330902.3333333333,26219.0,20.24008853299315,10.259735306457149,Rural
Billund,Southern Denmark,2012,1396946.6175115206,1015000.0,10169.795,7911.392578125,142.86176,4.741935483870968,-4.18894,0.4423963,2.4000003,3.66,217,342039.6666666667,26309.0,33.63289689385741,8.248128017028392,Rural
Billund,Southern Denmark,2013,1447402.7675675675,1050000.0,12977.929,8235.2939453125,138.39459,4.535135135135135,-3.6486487,0.0,0.79,3.48,185,351436.6666666667,26351.25,27.079564595142006,7.020539822589061,Rural
Billund,Southern Denmark,2014,1406835.2489795918,1010000.0,10315.401,8000.0,138.11429,4.738775510204082,-3.3632653,0.0,0.56,3.06,245,355026.0,26334.75,34.41708179837119,9.303296974529852,Rural
Billund,Southern Denmark,2015,1528398.4100294986,1150000.0,10759.261,8690.4765625,149.65192,4.95575221238938,-3.017699,0.0,0.45000002,2.78,339,358417.6666666667,26334.75,33.312479980424925,12.872725201492324,Rural
Billund,Southern Denmark,2016,1365186.7296511629,1172500.0,9706.651,8220.58837890625,147.76744,4.921511627906977,-2.9651163,0.0,0.25,2.55,344,363467.3333333333,26508.0,37.44518406331219,12.977214425833711,Rural
Billund,Southern Denmark,2017,1572455.0875,1228750.0,11302.216,8764.20458984375,146.8125,4.8625,-3.14375,0.0,1.15,2.26,160,381878.3333333333,26500.25,33.787916753080395,6.037678889821794,Rural
Billund,Southern Denmark,2018,1401421.7267080746,1100000.0,10259.301,8219.177734375,144.12422,4.873706004140787,-2.8302279,0.0,0.81,2.12,483,388788.0,26553.0,37.896149065126366,18.190035024291042,Rural
Billund,Southern Denmark,2019,1538844.9323144106,1325000.0,12134.159,10076.53076171875,133.9345,4.622270742358078,-2.5720525,0.0,0.76,1.35,458,398806.0,26660.5,32.86638983385664,17.178972637422405,Rural
Billund,Southern Denmark,2020,1518531.1346153845,1192500.0,12087.114,10169.4912109375,132.88301,4.519230769230769,-2.1698718,0.0,0.42,1.1,624,414183.3333333333,26570.75,34.26651997601192,23.484470705569095,Rural
Billund,Southern Denmark,2021,1606097.5421348314,1495000.0,13286.9,11067.2763671875,136.60252,4.672752808988764,-2.119382,0.0,1.8500001,1.47,712,433581.3333333333,26549.0,32.632241782005835,26.818335907190477,Rural
Billund,Southern Denmark,2022,2117292.637898687,1550000.0,15175.386,11261.146484375,143.2364,4.872420262664165,-2.0262663,0.15243903,7.7000003,3.73,533,440457.3333333333,26826.5,29.024456665111074,19.868413695413118,Rural
Billund,Southern Denmark,2023,1806286.1227758008,1550000.0,13658.715,11315.13916015625,138.48932,4.754448398576512,-2.644128,2.752669,3.31,4.79,562,661124.3333333334,27063.5,48.40311356766236,20.765976314962955,Rural
Billund,Southern Denmark,2024,2002446.9090909092,1785000.0,15923.737,13410.21533203125,136.98863,4.6886363636363635,-2.534091,3.5210228,1.13,4.34,440,477838.6666666667,27145.75,30.007947673756902,16.20879879907536,Rural
Bornholms Regionskommune,Capital Region,2008,1232255.8453608248,957500.0,10879.527,8383.2587890625,122.62887,4.391752577319588,-2.5876288,4.045103,3.4200003,6.52,388,254110.66666666663,21412.25,23.356775222550265,18.120468423449193,Rural
Bornholms Regionskommune,Capital Region,2009,1355646.7620578778,975000.0,11937.062,8582.08984375,121.63666,4.353697749196141,-5.1157556,1.7347267,1.3,5.5,311,261892.66666666663,21265.75,21.939457687885564,14.624454815842375,Rural
Bornholms Regionskommune,Capital Region,2010,1048881.7775175644,895000.0,9261.305,8006.28955078125,123.60422,4.4192037470726,-4.798595,0.795082,2.31,4.53,427,284931.3333333333,21067.75,30.76578660710702,20.26794508193803,Rural
Bornholms Regionskommune,Capital Region,2011,1106144.775280899,797500.0,9427.896,7500.0,121.353935,4.359550561797753,-5.1685395,0.9803371,2.76,4.75,356,286149.0,20845.0,30.35131062116086,17.078436075797555,Rural
Bornholms Regionskommune,Capital Region,2012,894051.3672839506,732500.0,7773.1333,6666.0322265625,128.25308,4.327160493827161,-5.8919754,0.43209878,2.4,3.6600003,324,292584.3333333333,20598.875,37.640462608988486,15.729014327238746,Rural
Bornholms Regionskommune,Capital Region,2013,1145765.9134615385,758500.0,10988.359,7333.303955078125,124.18029,4.360576923076923,-4.956731,0.0,0.79,3.48,416,296142.3333333333,20327.125,26.950551336494676,20.46526500919338,Rural
Bornholms Regionskommune,Capital Region,2014,972537.1746987952,774906.0,9155.198,7342.510009765625,118.47389,4.234939759036145,-4.9036145,0.0,0.56,3.06,498,301158.3333333333,20087.25,32.89479193495687,24.7918455736848,Rural
Bornholms Regionskommune,Capital Region,2015,1031969.0181488204,750000.0,8900.825,7067.9013671875,128.86569,4.49546279491833,-3.38294,0.0,0.45,2.78,551,307038.0,19941.5,34.49545407307749,27.630820148935634,Rural
Bornholms Regionskommune,Capital Region,2016,1114137.75,835000.0,9660.758,7747.549072265625,125.405174,4.343103448275862,-2.9948275,0.0,0.25,2.55,580,312349.3333333333,19900.125,32.33176251111283,29.145545568181106,Rural
Bornholms Regionskommune,Capital Region,2017,1149841.316017316,892250.0,10387.337,7980.352783203125,127.38312,4.4978354978354975,-1.8290043,0.0,1.15,2.26,462,321672.6666666667,19879.625,30.96777034062404,23.239874997642055,Rural
Bornholms Regionskommune,Capital Region,2018,1200274.232718894,950000.0,10539.636,8517.84130859375,125.9424,4.453917050691245,-1.7396313,0.0,0.81,2.12,868,326724.0,19859.875,30.999552546216965,43.70621668061858,Rural
Bornholms Regionskommune,Capital Region,2019,1228099.6343873518,950050.0,10724.711,8768.31787109375,123.78953,4.391304347826087,-1.9990119,0.0,0.76,1.35,1012,340062.3333333333,19850.625,31.708298091513452,50.980762570448036,Rural
Bornholms Regionskommune,Capital Region,2020,1469388.2016194332,1100000.0,13038.603,9913.79296875,125.27531,4.468016194331984,-1.3991903,0.0,0.42000002,1.1,1235,350786.3333333333,19787.5,26.903674675372304,62.4131396083386,Rural
Bornholms Regionskommune,Capital Region,2021,1590282.123088685,1286500.0,14554.505,11640.3701171875,119.99924,4.32874617737003,0.14449541,0.0,1.85,1.47,1308,362634.0,19866.75,24.91558455612197,65.83865000566273,Rural
Bornholms Regionskommune,Capital Region,2022,1625731.0300678953,1300000.0,15081.376,11813.1865234375,120.23278,4.191076624636276,-1.4102813,0.12167798,7.7,3.73,1031,362519.3333333333,19882.875,24.037550242984015,51.85366804347963,Rural
Bornholms Regionskommune,Capital Region,2023,1553457.0074074075,1250000.0,14553.582,11384.19921875,117.308334,4.258333333333334,-2.625926,2.8527315,3.31,4.79,1080,379627.0,19823.0,26.084781052527138,54.48216717953892,Rural
Bornholms Regionskommune,Capital Region,2024,1586864.9056603771,1300000.0,15262.843,12187.5,114.29898,4.161103047895501,-2.6560233,3.5150943,1.13,4.34,689,390730.0,19664.375,25.6000798802687,35.03798112068143,Rural
Brøndby,Capital Region,2008,2402396.067226891,2417500.0,19654.783,19947.3203125,126.94118,4.436974789915967,-4.5882354,4.063025,3.42,6.52,238,282249.0,33752.0,14.360321352822874,7.051433989096942,Rural
Brøndby,Capital Region,2009,2071465.9064039409,2025000.0,16677.045,16743.119140625,128.40395,4.45320197044335,-6.502463,1.8477833,1.3,5.5,203,284411.6666666667,33808.0,17.054080424119903,6.004495977283484,Rural
Brøndby,Capital Region,2010,2189851.2978723403,2175000.0,17523.18,17857.142578125,127.84255,4.472340425531915,-3.5702128,0.8212766,2.31,4.53,235,302629.3333333333,33855.75,17.270229109860956,6.941213826307201,Rural
Brøndby,Capital Region,2011,2100847.9318996416,2005000.0,17051.496,17368.421875,123.95341,4.290322580645161,-3.655914,0.9722222,2.76,4.75,279,308545.3333333333,34019.75,18.094912806086533,8.201118467948765,Rural
Brøndby,Capital Region,2012,2034969.747211896,2100000.0,16169.489,16927.7109375,131.55391,4.5018587360594795,-4.100372,0.4042751,2.4,3.66,269,312054.3333333333,34126.25,19.298960736071084,7.882495146697923,Rural
Brøndby,Capital Region,2013,2066725.7612359552,2095000.0,17198.363,16718.75,125.16292,4.300561797752809,-3.491573,0.0,0.7900001,3.48,356,316353.0,34286.0,18.394366952250046,10.383246806276613,Rural
Brøndby,Capital Region,2014,2138813.790560472,2195000.0,17473.3,17812.5,124.69911,4.342182890855457,-3.0737462,0.0,0.56,3.06,339,321803.0,34824.25,18.4168416956156,9.734595863514649,Rural
Brøndby,Capital Region,2015,2360027.597916667,2355000.0,19011.795,19290.935546875,127.385414,4.3875,-2.18125,0.0,0.45,2.78,480,326066.3333333333,35164.75,17.15073896669585,13.650033058673815,Rural
Brøndby,Capital Region,2016,2440978.4776785714,2496500.0,20443.598,20707.5029296875,122.12946,4.191964285714286,-2.642857,0.0,0.25,2.55,448,332631.0,35413.5,16.270668206252147,12.650542872068563,Rural
Brøndby,Capital Region,2017,2636979.422145329,2695000.0,22289.883,22272.7265625,122.30104,4.2387543252595155,-1.8581315,0.0,1.15,2.26,289,338385.3333333333,35540.25,15.181117520147293,8.13162541062598,Rural
Brøndby,Capital Region,2018,2714897.048092869,2699000.0,23120.611,23125.0,121.79602,4.222222222222222,-1.6699834,0.0,0.81,2.12,603,348781.3333333333,35533.0,15.08529914427146,16.97014043283708,Rural
Brøndby,Capital Region,2019,2832269.8382838285,2850000.0,23949.115,24348.7099609375,124.14027,4.232673267326732,-1.7112211,0.0,0.76,1.35,606,354840.0,35224.25,14.81641388418737,17.204056864234154,Rural
Brøndby,Capital Region,2020,3124580.8596730246,3087500.0,26627.863,25786.89453125,119.09128,4.20708446866485,-2.06812,0.0,0.42,1.1,734,370583.6666666667,35128.75,13.917138850634265,20.894566416396827,Rural
Brøndby,Capital Region,2021,3309448.722368421,3350000.0,28355.65,28240.26171875,118.34342,4.132894736842105,-1.2236842,0.0,1.85,1.4700001,760,383494.0,35394.25,13.524429875527451,21.47241430458337,Rural
Brøndby,Capital Region,2022,3260411.434628975,3300000.0,28652.137,28673.6787109375,114.79505,4.022968197879859,-2.4611309,0.118286215,7.6999993,3.7299998,566,385695.0,36068.0,13.461299588229668,15.69258068093601,Rural
Brøndby,Capital Region,2023,3004094.533965245,3000000.0,26948.041,26904.76171875,111.38073,3.876777251184834,-3.3680885,2.7931278,3.31,4.79,633,398773.6666666667,37799.5,14.797872196597396,16.74625325731822,Rural
Brøndby,Capital Region,2024,3293807.466933868,3260000.0,28708.072,28409.091796875,115.124245,4.038076152304609,-2.6813626,3.5238476,1.13,4.34,499,413598.3333333333,39576.0,14.4070397111075,12.608651708105922,Rural
Brønderslev,North Jutland,2008,1433927.8420348058,990000.0,11469.699,8241.7578125,137.47523,4.562248995983936,-2.4350736,4.0505357,3.42,6.52,747,255727.33333333337,35595.25,22.295906225031132,20.985946158546433,Rural
Brønderslev,North Jutland,2009,1114179.650819672,930028.0,9689.655,8157.89453125,127.87213,4.359016393442623,-4.1032786,1.8186885,1.3,5.5,610,270192.3333333333,35767.0,27.884618527009817,17.05482707523695,Rural
Brønderslev,North Jutland,2010,1074576.2492917846,850000.0,9250.235,7285.943115234375,132.1034,4.453257790368272,-4.1529746,0.8020538,2.31,4.53,706,294527.0,35800.25,31.83994784997354,19.720532677844428,Rural
Brønderslev,North Jutland,2011,1141352.8595679011,877500.0,9075.977,7414.260498046875,134.72993,4.507716049382716,-5.0632715,0.970679,2.76,4.75,648,302292.3333333333,35780.0,33.30686419030516,18.11067635550587,Rural
Brønderslev,North Jutland,2012,1191303.8098918083,855000.0,9355.207,7355.76904296875,135.7187,4.615146831530139,-5.340031,0.4397218,2.4,3.66,647,314114.3333333333,35707.5,33.57641721164837,18.119442694111882,Rural
Brønderslev,North Jutland,2013,1198830.1678520625,895000.0,9729.255,7727.27294921875,134.54482,4.533428165007113,-4.921764,0.0,0.79,3.48,703,322419.0,35624.25,33.13912524648599,19.733748780676084,Rural
Brønderslev,North Jutland,2014,1103036.5353805074,850000.0,8687.45,7476.6357421875,133.6008,4.497997329773031,-5.1749,0.0,0.56,3.06,749,325237.0,35659.5,37.4375679860028,21.004220474207433,Rural
Brønderslev,North Jutland,2015,1448731.6871165645,979166.5,12050.918,8129.960205078125,132.76279,4.419222903885481,-4.4560328,0.0,0.45,2.78,978,329552.6666666667,35889.5,27.346685677113285,27.25030997924184,Rural
Brønderslev,North Jutland,2016,1295503.9,1000000.0,10686.786,8243.85302734375,137.24654,4.6158415841584155,-4.6118813,0.0,0.25,2.55,1010,342502.6666666667,36089.0,32.04917424814782,27.9863670370473,Rural
Brønderslev,North Jutland,2017,1462358.8133333332,1025000.0,12332.348,8757.0625,133.34962,4.454814814814815,-3.908148,0.0,1.15,2.26,675,347180.0,36158.0,28.151978844580125,18.668067924110847,Rural
Brønderslev,North Jutland,2018,1260574.9521640092,1000000.0,9985.029,8547.0087890625,135.41002,4.527714502657555,-4.410782,0.0,0.81,2.12,1317,351151.0,36336.75,35.16774963798302,36.24429812792834,Rural
Brønderslev,North Jutland,2019,1421064.797979798,1025000.0,12051.9,8928.5712890625,130.22655,4.466089466089466,-4.134199,0.0,0.76,1.35,1386,367431.6666666667,36387.0,30.48744734578504,38.09052683650754,Rural
Brønderslev,North Jutland,2020,1445840.2618920363,1100000.0,12555.732,10245.9013671875,123.29556,4.354355959380011,-3.8353822,0.0,0.41999996,1.1,1871,386318.6666666667,36282.0,30.768310972762613,51.56827076787388,Rural
Brønderslev,North Jutland,2021,1495806.9249222567,1195000.0,12819.278,10427.5859375,130.80365,4.467347845402044,-3.2723234,0.0,1.85,1.47,2251,403968.6666666667,36168.25,31.512591166730815,62.236906679200686,Rural
Brønderslev,North Jutland,2022,1577670.533459596,1200000.0,12935.814,10000.0,132.25821,4.4772727272727275,-3.7058082,0.12105429,7.7,3.7299998,1584,406016.6666666667,36392.75,31.38702107703981,43.52515267463987,Rural
Brønderslev,North Jutland,2023,1626406.5379537954,1270000.0,13428.07,10535.7138671875,131.41122,4.495709570957096,-3.9240923,2.7728384,3.31,4.79,1515,417332.0,36575.5,31.079075399517578,41.42116990881874,Rural
Brønderslev,North Jutland,2024,1605925.9268510258,1250000.0,13236.796,11091.9541015625,128.85905,4.459411239964318,-4.55843,3.5174842,1.13,4.34,1121,426060.0,36601.75,32.18754750016545,30.626950897156558,Rural
Dragør,Capital Region,2008,2920948.342857143,2957500.0,23175.953,22640.19921875,129.77142,4.242857142857143,-4.457143,4.0392857,3.42,6.52,70,369803.0,13344.5,15.956323349464851,5.245606804301398,Rural
Dragør,Capital Region,2009,2673527.375,2300000.0,19040.604,18002.9794921875,143.21875,4.677083333333333,-5.1354165,1.928125,1.3,5.5,96,365777.0,13459.25,19.21036748624151,7.132641120419042,Rural
Dragør,Capital Region,2010,2814025.6716417912,2700000.0,20102.8,19444.4453125,143.72388,4.574626865671642,-3.7761195,0.8171642,2.31,4.53,134,408677.3333333333,13631.5,20.32937368592103,9.83017276161831,Rural
Dragør,Capital Region,2011,2679615.7818181817,2428060.0,21575.0,20175.3212890625,138.04546,4.454545454545454,-3.4363637,0.95,2.76,4.75,110,442251.3333333333,13730.75,20.498323677095403,8.011215701982776,Rural
Dragør,Capital Region,2012,2675479.7236842103,2497500.0,21609.113,18814.2294921875,139.94737,4.578947368421052,-3.5197368,0.47039473,2.4,3.66,152,447210.3333333333,13767.25,20.69545072642886,11.040694401568942,Rural
Dragør,Capital Region,2013,2817995.2236842103,2700000.0,22937.422,21476.9375,135.46053,4.592105263157895,-2.6052632,0.0,0.79,3.4800003,152,457891.6666666667,13898.25,19.96264735708602,10.936628712247945,Rural
Dragør,Capital Region,2014,3231457.487684729,3000000.0,22900.22,21739.130859375,146.21675,4.748768472906404,-3.1231527,0.0,0.56,3.06,203,471336.0,13962.0,20.582160346057808,14.539464260134652,Rural
Dragør,Capital Region,2015,3242081.689956332,3075000.0,24421.807,24185.185546875,138.84717,4.606986899563319,-2.1266375,0.0,0.45,2.78,229,487301.3333333333,14038.5,19.953533058931033,16.31228407593404,Rural
Dragør,Capital Region,2016,3545720.7231638418,3450000.0,25800.543,25000.0,141.33899,4.435028248587571,-2.1751413,0.0,0.25,2.55,177,495781.6666666667,14179.75,19.215939240761973,12.482589608420458,Rural
Dragør,Capital Region,2017,4004316.1379310344,3825000.0,28912.074,28538.9609375,140.6293,4.448275862068965,-1.862069,0.0,1.15,2.26,116,509091.3333333333,14268.25,17.60826059497957,8.129938850244423,Rural
Dragør,Capital Region,2018,3869726.7022058824,3800000.0,29188.207,28754.0849609375,139.86765,4.522058823529412,-2.0330882,0.0,0.81,2.12,272,523704.6666666667,14243.5,17.9423376936674,19.09642995050374,Rural
Dragør,Capital Region,2019,3929918.637037037,3703000.0,29070.84,28636.4111328125,139.02592,4.440740740740741,-2.3592594,0.0,0.76,1.35,270,539870.6666666666,14365.0,18.57086574267089,18.795683954054994,Rural
Dragør,Capital Region,2020,4495626.258992806,4300000.0,32009.824,31007.279296875,144.2554,4.68705035971223,-2.2805755,0.0,0.42,1.1,278,556357.0,14503.5,17.380820338156187,19.167787085875823,Rural
Dragør,Capital Region,2021,4910392.088737201,4645000.0,36832.023,37160.0,138.22525,4.546075085324232,-0.89419794,0.0,1.8499999,1.47,293,586147.3333333334,14587.0,15.914068400026068,20.086378282031944,Rural
Dragør,Capital Region,2022,4426603.86407767,4295000.0,36942.805,35791.5859375,121.01942,4.048543689320389,-2.0533981,0.10412621,7.7,3.73,206,590710.3333333334,14631.25,15.989861444828929,14.079453225117472,Rural
Dragør,Capital Region,2023,4415084.048689138,4205000.0,34386.023,33540.14453125,129.96254,4.333333333333333,-3.3333333,2.8704119,3.31,4.79,267,621082.0,14552.0,18.062048059468815,18.347993402968665,Rural
Dragør,Capital Region,2024,4421842.655367232,4275000.0,36418.36,35444.4453125,124.09039,4.141242937853107,-2.779661,3.5096047,1.13,4.34,177,636765.0,14495.5,17.484724737742173,12.21068607498879,Rural
Egedal,Capital Region,2008,2467660.5916230367,2425000.0,18872.46,19151.78515625,135.93718,4.596858638743456,-4.329843,4.0314136,3.42,6.5199995,191,357788.3333333333,40787.25,18.958224488664083,4.682835935249374,Urban
Egedal,Capital Region,2009,2053736.1584158416,2000000.0,15705.229,15747.5185546875,137.4307,4.569306930693069,-5.5346537,1.7529703,1.2999998,5.5,202,355375.3333333333,41166.75,22.62783518364064,4.906872658152514,Urban
Egedal,Capital Region,2010,2070841.9413919416,2000000.0,15886.187,16063.3486328125,134.45055,4.424908424908425,-3.4945054,0.79761904,2.31,4.53,273,394668.3333333333,41565.25,24.84349034373908,6.567986479090106,Urban
Egedal,Capital Region,2011,2162496.245614035,2077500.0,16491.95,16622.6962890625,137.01315,4.43859649122807,-4.0350876,0.9572368,2.7599998,4.75,228,401930.3333333333,41717.0,24.37130438385596,5.4653977994582545,Urban
Egedal,Capital Region,2012,2082075.4490566037,1925000.0,16115.54,15833.3330078125,135.04906,4.471698113207547,-4.1509433,0.42169812,2.4,3.66,265,411227.0,41890.5,25.517419832037895,6.3260166386173475,Urban
Egedal,Capital Region,2013,2215710.125,2050000.0,16679.521,16287.36279296875,138.03618,4.5131578947368425,-3.3388157,0.0,0.79,3.4800003,304,424794.3333333333,42106.75,25.46801753679457,7.219745052752824,Urban
Egedal,Capital Region,2014,2331827.6778711486,2200000.0,17391.047,16913.04296875,140.09244,4.543417366946779,-2.5714285,0.0,0.56,3.0599997,357,432740.6666666667,42373.5,24.88295653888272,8.425076993875889,Urban
Egedal,Capital Region,2015,2447752.08353222,2300000.0,18180.584,18191.490234375,136.08115,4.5322195704057275,-1.8568019,0.0,0.44999996,2.78,419,444538.0,42648.75,24.45124975083309,9.82443799642428,Urban
Egedal,Capital Region,2016,2690862.393665158,2495000.0,20823.898,19873.5712890625,134.74887,4.470588235294118,-2.8597286,0.0,0.25,2.55,442,447879.0,42841.25,21.507932856759094,10.317159279899629,Urban
Egedal,Capital Region,2017,2642066.9452054794,2550000.0,20518.086,20439.1982421875,132.65068,4.397260273972603,-1.7465754,0.0,1.15,2.26,292,462044.3333333333,43041.5,22.518880822184553,6.784150180639616,Urban
Egedal,Capital Region,2018,2777950.53125,2575000.0,20850.477,20595.04296875,138.23125,4.5296875,-1.3625,0.0,0.81000006,2.12,640,472216.0,43114.75,22.647731272526762,14.844107874915197,Urban
Egedal,Capital Region,2019,2810861.889423077,2695000.0,21118.484,21243.279296875,137.90706,4.589743589743589,-1.3974359,0.0,0.76,1.35,624,477295.3333333333,43375.75,22.600833153238334,14.38591839910549,Urban
Egedal,Capital Region,2020,3140710.0123119014,2995000.0,23518.896,23239.4375,136.98085,4.5184678522571815,-0.8344733,0.0,0.42,1.1,731,498478.3333333333,43406.25,21.19480154737422,16.84089272858171,Urban
Egedal,Capital Region,2021,3427019.995614035,3200000.0,26105.482,25585.603515625,133.9068,4.430921052631579,-0.19517544,0.0,1.85,1.47,912,527427.6666666666,43926.75,20.203713023443377,20.761836466390072,Urban
Egedal,Capital Region,2022,3504794.629357798,3295000.0,27259.525,27142.857421875,130.66972,4.376146788990826,-1.5651376,0.11449541,7.7,3.73,545,514250.3333333333,44707.75,18.864977776881044,12.190280208688652,Urban
Egedal,Capital Region,2023,3341651.7655737703,3187500.0,26370.664,25880.9912109375,129.1918,4.337704918032787,-2.4344263,2.8478687,3.31,4.79,610,541249.0,45352.0,20.52466331526578,13.45034397600988,Urban
Egedal,Capital Region,2024,3482639.49112426,3250000.0,27119.74,26546.392578125,130.75148,4.333333333333333,-1.9881657,3.5309663,1.13,4.34,507,549676.6666666666,45537.25,20.268507982254498,11.13374215614689,Urban
Esbjerg,Southern Denmark,2008,1732660.6837708831,1355000.0,14699.214,10738.373046875,136.24104,4.508353221957041,-1.8317423,4.0462413,3.4199998,6.5199995,838,284711.0,114393.75,19.36913089366547,7.325575042342786,Urban
Esbjerg,Southern Denmark,2009,1692095.2878120411,1350000.0,14206.429,10476.1904296875,137.36124,4.57856093979442,-2.1218796,1.9005874,1.3,5.5,681,291163.6666666667,114733.5,20.495204436432736,5.935493992600243,Urban
Esbjerg,Southern Denmark,2010,1432203.552419355,1250000.0,11210.849,9906.37646484375,145.06317,4.586021505376344,-2.6276882,0.8030914,2.31,4.53,744,314302.3333333333,115137.5,28.035551396092597,6.461839105417436,Urban
Esbjerg,Southern Denmark,2011,1508434.0979532164,1260000.0,11184.184,9914.533203125,138.98976,4.619883040935672,-3.4181287,1.0237573,2.76,4.75,684,319414.3333333333,115182.75,28.55946695202201,5.938389211926265,Urban
Esbjerg,Southern Denmark,2012,1587849.0484094052,1325000.0,12664.347,10000.0,143.56847,4.748271092669433,-3.4246197,0.42461964,2.4,3.6600003,723,327958.3333333333,115113.25,25.896189778543917,6.280771327366746,Urban
Esbjerg,Southern Denmark,2013,1721962.283018868,1398000.0,16062.649,10845.0703125,136.82138,4.433962264150943,-3.1157234,0.0,0.78999996,3.48,795,335569.6666666667,115017.25,20.89130296420389,6.9120066772592805,Urban
Esbjerg,Southern Denmark,2014,1586421.2857142857,1350000.0,12588.984,10416.6669921875,139.55896,4.58843537414966,-2.984127,0.0,0.56,3.06,882,341909.3333333333,115249.0,27.159406456734978,7.65299481991167,Urban
Esbjerg,Southern Denmark,2015,1577904.8103130755,1340000.0,12495.993,10563.69091796875,140.94199,4.5764272559852675,-2.7992632,0.0,0.45,2.78,1086,346144.0,115536.75,27.700399640108632,9.399606618673278,Urban
Esbjerg,Southern Denmark,2016,1771983.0298642537,1560000.0,15744.216,12135.921875,132.92941,4.389140271493213,-2.716742,0.0,0.25,2.55,1105,350515.3333333333,115901.5,22.263117663866737,9.533957714093432,Urban
Esbjerg,Southern Denmark,2017,1745767.9678899082,1565000.0,12865.2705,11795.634765625,143.05504,4.651376146788991,-2.0443425,0.0,1.15,2.26,654,360285.0,115935.25,28.004463644973494,5.641079826886128,Urban
Esbjerg,Southern Denmark,2018,1736683.342295082,1475000.0,13773.428,11755.7255859375,141.84656,4.5652459016393445,-1.9468852,0.0,0.81,2.12,1525,368234.0,116014.75,26.735101820694165,13.144880284618983,Urban
Esbjerg,Southern Denmark,2019,1861642.4082595871,1575000.0,14542.123,12640.44921875,138.36638,4.522123893805309,-1.7150443,0.0,0.76,1.35,1695,379700.6666666667,115637.5,26.11040125755137,14.657874824343313,Urban
Esbjerg,Southern Denmark,2020,1910032.8161938535,1626500.0,14789.416,13351.81103515625,138.30379,4.50886524822695,-1.1418439,0.0,0.42,1.1,1692,393226.3333333333,115572.0,26.58836111806804,14.64022427577614,Urban
Esbjerg,Southern Denmark,2021,2159375.478450363,1829600.0,16874.156,14705.8828125,138.06198,4.480387409200969,-1.2716707,0.0,1.85,1.47,2065,414190.6666666667,115538.75,24.545859755395572,17.872791595893155,Urban
Esbjerg,Southern Denmark,2022,2165751.489088575,1796500.0,16867.576,14714.294921875,135.45122,4.420410783055199,-2.297176,0.118485235,7.7,3.7299998,1558,416022.0,115654.75,24.66400625673778,13.47112850963752,Urban
Esbjerg,Southern Denmark,2023,2140504.927486188,1787500.0,16575.389,14522.7705078125,134.93509,4.4647790055248615,-2.9274862,2.7828383,3.31,4.79,1448,433029.6666666667,115700.25,26.124856959113703,12.515098281982969,Urban
Esbjerg,Southern Denmark,2024,2185662.698003328,1825000.0,17822.926,14583.70166015625,132.04991,4.363560732113145,-3.155574,3.5251245,1.13,4.34,1202,450356.0,115302.0,25.26835380453243,10.424797488334981,Urban
Faaborg-Midtfyn,Southern Denmark,2008,1545103.3637846657,1200000.0,11692.352,9300.0,142.35237,4.6835236541598695,-1.6117455,4.041599,3.4199998,6.52,613,272463.3333333333,52054.5,23.302696782763064,11.776119259622128,Urban
Faaborg-Midtfyn,Southern Denmark,2009,1490901.9359267734,1100000.0,10795.073,8412.6982421875,146.96796,4.796338672768878,-4.0297484,1.9054921,1.3,5.5,437,279868.3333333333,52090.5,25.925561905263013,8.389245639799963,Urban
Faaborg-Midtfyn,Southern Denmark,2010,1263399.3228995055,1049500.0,10103.581,8217.822265625,140.8056,4.555189456342669,-4.0164742,0.80930805,2.31,4.53,607,301650.6666666667,51985.75,29.855817127280584,11.676276671972607,Urban
Faaborg-Midtfyn,Southern Denmark,2011,1273256.7760869565,1022500.0,10223.869,7802.35400390625,140.19348,4.595652173913043,-5.7956524,0.9875,2.76,4.75,460,308560.0,51761.5,30.180355401658606,8.886914019106865,Urban
Faaborg-Midtfyn,Southern Denmark,2012,1455754.3411306045,1000000.0,10952.671,7594.9365234375,143.76413,4.7290448343079925,-5.7953215,0.42007798,2.4,3.66,513,316964.3333333333,51546.5,28.939455346858615,9.95217910042389,Urban
Faaborg-Midtfyn,Southern Denmark,2013,1305223.2836734694,975000.0,9588.894,7307.90576171875,145.11224,4.744897959183674,-4.787755,0.0,0.79,3.48,490,322389.3333333333,51267.25,33.621117652706694,9.557758608078258,Urban
Faaborg-Midtfyn,Southern Denmark,2014,1251611.3385964911,930000.0,9423.1455,6968.323486328125,146.95264,4.754385964912281,-5.549123,0.0,0.56,3.06,570,329373.6666666667,51034.5,34.953685758822964,11.168915145636776,Urban
Faaborg-Midtfyn,Southern Denmark,2015,1311707.0014044945,1000000.0,10516.202,7828.09033203125,140.04213,4.551966292134831,-5.150281,0.0,0.45,2.78,712,335055.3333333333,51072.0,31.86086890812228,13.94110275689223,Urban
Faaborg-Midtfyn,Southern Denmark,2016,1229293.0897435895,995000.0,9856.053,7710.507080078125,141.53276,4.666666666666667,-4.7905984,0.0,0.25,2.55,702,332505.3333333333,51284.0,33.73615516610283,13.688479837766165,Urban
Faaborg-Midtfyn,Southern Denmark,2017,1456346.7404063204,1135000.0,11130.056,8116.88330078125,150.5237,4.887133182844244,-4.3431153,0.0,1.15,2.26,443,347062.3333333333,51421.5,31.182442687919387,8.615073461489844,Urban
Faaborg-Midtfyn,Southern Denmark,2018,1433904.506208214,1150000.0,10866.131,8854.1669921875,143.54823,4.680993314231136,-3.460363,0.0,0.81,2.12,1047,355825.3333333333,51636.25,32.746276787325066,20.27645307318018,Urban
Faaborg-Midtfyn,Southern Denmark,2019,1399497.3755383291,1150000.0,10824.846,8783.7841796875,142.67183,4.651162790697675,-3.9026701,0.0,0.76,1.35,1161,365093.3333333333,51734.5,33.72734663692521,22.441504218654863,Urban
Faaborg-Midtfyn,Southern Denmark,2020,1586558.0424194816,1250000.0,12282.842,9263.5654296875,142.60408,4.675569520816968,-3.4571877,0.0,0.42,1.1,1273,381565.0,51552.0,31.064878958794715,24.693513345747984,Urban
Faaborg-Midtfyn,Southern Denmark,2021,1599748.366989117,1300000.0,12123.18,10034.45556640625,143.8283,4.726723095525998,-2.681983,0.0,1.8500001,1.47,1654,395295.3333333333,51724.25,32.60657132314569,31.977264049261226,Urban
Faaborg-Midtfyn,Southern Denmark,2022,1658770.7110927152,1279000.0,12491.98,9837.904296875,140.65894,4.597682119205298,-3.2574503,0.11945363,7.7,3.7299998,1208,401756.3333333333,52004.25,32.16114125489581,23.228870717297145,Urban
Faaborg-Midtfyn,Southern Denmark,2023,1783609.3881401618,1350000.0,13128.613,10094.9365234375,143.301,4.74303683737646,-3.9631627,2.7891283,3.31,4.79,1113,413373.6666666667,52234.75,31.486469032689644,21.30765438716563,Urban
Faaborg-Midtfyn,Southern Denmark,2024,1581613.9166666667,1300000.0,12464.282,10000.0,138.48756,4.592039800995025,-4.032338,3.5238183,1.13,4.34,804,421671.0,52290.25,33.83034819013241,15.375715358025635,Urban
Fanø,Southern Denmark,2008,1583848.5972222222,1497500.0,15189.3545,12465.810546875,114.486115,4.513888888888889,-2.0,4.0277777,3.42,6.52,72,309466.6666666667,3212.75,20.37391823771489,22.410707337950353,Rural
Fanø,Southern Denmark,2009,1624847.6363636365,1500000.0,15269.839,15090.9091796875,119.58182,4.472727272727273,-4.3818183,1.7745454,1.3,5.5,55,323081.3333333333,3221.75,21.15813620126141,17.071467370218052,Rural
Fanø,Southern Denmark,2010,1558256.438095238,1470000.0,16029.679,16250.0,109.171425,4.419047619047619,-3.5428572,0.79761904,2.31,4.53,105,344628.6666666667,3225.0,21.499411601858444,32.55813953488372,Rural
Fanø,Southern Denmark,2011,1485375.1279069767,1282500.0,14666.774,13531.68310546875,105.95349,4.313953488372093,-3.1744187,0.99127907,2.76,4.75,86,353826.0,3222.75,24.124323453814725,26.68528430688077,Rural
Fanø,Southern Denmark,2012,1262722.658227848,1200000.0,14485.1,14627.6591796875,99.36709,4.227848101265823,-4.316456,0.43037975,2.4,3.66,79,358123.3333333333,3239.75,24.723566515476822,24.384597576973533,Rural
Fanø,Southern Denmark,2013,1215458.5280898877,1175000.0,13969.139,13450.5283203125,96.4382,4.078651685393258,-2.9550562,0.0,0.7900001,3.48,89,367581.3333333333,3245.0,26.31381456891032,27.426810477657938,Rural
Fanø,Southern Denmark,2014,1325929.287037037,1215000.0,13741.84,12886.90478515625,106.62037,4.314814814814815,-4.4166665,0.0,0.56,3.0599997,108,372806.0,3263.25,27.129263621174456,33.095840036773154,Rural
Fanø,Southern Denmark,2015,1335519.4098360655,1175000.0,14216.733,13821.48681640625,102.47541,4.147540983606557,-3.6557376,0.0,0.45,2.78,122,377027.3333333333,3273.75,26.519970047502003,37.26613211149294,Rural
Fanø,Southern Denmark,2016,1394985.709219858,1300000.0,14510.383,14222.22265625,103.82979,4.382978723404255,-3.212766,0.0,0.25,2.55,141,378134.6666666667,3322.25,26.05959240818569,42.44111671307096,Rural
Fanø,Southern Denmark,2017,1393417.0384615385,1200000.0,14770.09,13616.37939453125,102.82051,4.102564102564102,-4.24359,0.0,1.15,2.26,78,392100.0,3366.0,26.54689307918909,23.172905525846705,Rural
Fanø,Southern Denmark,2018,1549737.0053475937,1350000.0,14971.054,14325.8427734375,112.37968,4.315508021390374,-2.4705882,0.0,0.81,2.12,187,397602.0,3415.0,26.558049954265076,54.758418740849194,Rural
Fanø,Southern Denmark,2019,1589804.8085106383,1420000.0,16462.549,15723.2705078125,104.6766,4.293617021276596,-3.038298,0.0,0.76,1.35,235,404621.3333333333,3445.5,24.578291814550308,68.20490494848353,Rural
Fanø,Southern Denmark,2020,1899896.0902527077,1675000.0,19147.328,18181.818359375,107.29603,4.40072202166065,-2.1480145,0.0,0.42,1.1,277,420484.0,3475.0,21.96045317654766,79.71223021582733,Rural
Fanø,Southern Denmark,2021,1943871.5640138409,1825000.0,20512.455,19672.130859375,101.79931,4.179930795847751,-1.8961937,0.0,1.8500001,1.47,289,443753.0,3448.0,21.63334422915248,83.81670533642692,Rural
Fanø,Southern Denmark,2022,2016928.5714285711,1850000.0,21298.455,19792.453125,103.14907,4.236024844720497,-2.7701864,0.11708073,7.7,3.7300003,161,435742.6666666667,3429.25,20.458886180554725,46.949041335569,Rural
Fanø,Southern Denmark,2023,1974696.3969849248,1798000.0,22103.27,20338.982421875,98.00503,4.100502512562814,-3.0100503,2.7979898,3.31,4.79,199,445421.0,3402.75,20.15181464100108,58.48211005804129,Rural
Fanø,Southern Denmark,2024,2145206.940677966,2062500.0,23626.854,23491.451171875,99.51695,4.186440677966102,-3.5508475,3.5025423,1.13,4.34,118,451023.0,3333.5,19.08942256975897,35.39823008849557,Rural
Favrskov,Central Jutland,2008,1784137.2923280424,1550000.0,13094.566,11760.7314453125,144.96825,4.718253968253968,-1.994709,4.034061,3.42,6.52,756,304961.3333333333,45838.5,23.28915164758674,16.492686279001276,Urban
Favrskov,Central Jutland,2009,1608699.6753670473,1350000.0,11544.357,10050.0,147.4633,4.928221859706362,-4.08646,1.9324633,1.3,5.5,613,312129.6666666667,46336.0,27.037423276728767,13.229454419889503,Urban
Favrskov,Central Jutland,2010,1728688.24852071,1395000.0,13434.418,10825.2431640625,143.93254,4.608284023668639,-3.6923077,0.80591714,2.31,4.53,845,341838.3333333333,46658.75,25.44496779341936,18.110215125780268,Urban
Favrskov,Central Jutland,2011,1553535.8696844992,1350000.0,11668.697,10285.087890625,145.7188,4.751714677640604,-4.131687,0.9818244,2.76,4.75,729,348948.0,46995.75,29.90462431238038,15.512040982429262,Urban
Favrskov,Central Jutland,2012,1495666.6713091922,1255000.0,10653.136,9615.923828125,148.32033,4.83983286908078,-4.2186627,0.45786908,2.4,3.66,718,360415.6666666667,47158.75,33.83188449548252,15.225170302435922,Urban
Favrskov,Central Jutland,2013,1587252.6888888888,1350000.0,11534.143,10000.0,145.66667,4.815686274509804,-4.152941,0.0,0.79,3.48,765,370337.0,47077.75,32.10789046052229,16.249714567922215,Urban
Favrskov,Central Jutland,2014,1601025.195151515,1325000.0,10683.015,9592.5927734375,152.53212,4.941818181818181,-4.3527274,0.0,0.56,3.06,825,378191.0,47244.5,35.40114845855781,17.46235011482818,Urban
Favrskov,Central Jutland,2015,1531415.4043715848,1350000.0,10650.104,9789.15625,148.73662,4.85136612021858,-3.3704917,0.0,0.45,2.78,915,385106.3333333333,47570.0,36.1598659819034,19.2348118562119,Urban
Favrskov,Central Jutland,2016,1759703.972299169,1500000.0,13492.195,10817.3076171875,145.59003,4.748845798707294,-3.4293628,0.0,0.25,2.55,1083,392981.0,47755.25,29.126543160694016,22.67813486475309,Urban
Favrskov,Central Jutland,2017,2069296.2067114096,1731777.0,16524.684,12125.0,144.76779,4.732885906040268,-2.5140939,0.0,1.15,2.26,745,405907.3333333333,48042.25,24.5636971535028,15.507183780942816,Urban
Favrskov,Central Jutland,2018,1646748.0483870967,1450000.0,11956.623,10758.451171875,147.81697,4.806451612903226,-2.6963534,0.0,0.81000006,2.12,1426,416208.6666666667,48300.75,34.80988458586231,29.52335108668085,Urban
Favrskov,Central Jutland,2019,1832088.470173188,1600000.0,13215.116,11387.0966796875,146.75497,4.765234124438742,-2.356639,0.0,0.76,1.3500001,1559,428224.3333333333,48367.75,32.40412973547363,32.232220849636384,Urban
Favrskov,Central Jutland,2020,2036745.7259713705,1800000.0,15480.507,13213.14111328125,141.5409,4.595092024539877,-2.3568506,0.0,0.42,1.1,1956,449605.0,48374.75,29.04329942165331,40.434317490012866,Urban
Favrskov,Central Jutland,2021,2044977.6183962263,1796500.0,14217.858,12826.6435546875,147.53397,4.78066037735849,-1.9773585,0.0,1.85,1.47,2120,470739.0,48562.5,33.10899574324065,43.65508365508366,Urban
Favrskov,Central Jutland,2022,2210379.3491957104,1900000.0,15916.029,14006.5791015625,143.1555,4.732573726541555,-2.674933,0.12329088,7.7,3.73,1492,472007.3333333333,49079.75,29.65609910193889,30.39950284995339,Urban
Favrskov,Central Jutland,2023,2104407.347826087,1798000.0,14726.364,13125.0,142.90236,4.682684973302822,-3.6056445,2.7603354,3.3100002,4.79,1311,485127.3333333333,49367.5,32.94277754735204,26.555932546715958,Urban
Favrskov,Central Jutland,2024,2135637.374877331,1810000.0,15299.653,13414.6337890625,139.49657,4.617271835132483,-3.2737978,3.5317957,1.13,4.34,1019,489993.0,49328.5,32.026412625175226,20.657429275165473,Urban
Faxe,Zealand Region,2008,1736096.236196319,1550000.0,13312.979,12395.84423828125,136.34662,4.447852760736196,-3.1840491,4.0421777,3.42,6.52,326,289195.0,35455.75,21.722786462744367,9.194559415609598,Rural
Faxe,Zealand Region,2009,1468464.796875,1327500.0,10738.571,10483.037109375,144.28125,4.65625,-3.7695312,1.7289063,1.3,5.5,256,294183.6666666667,35424.5,27.395047876171486,7.22663693206679,Rural
Faxe,Zealand Region,2010,1404200.890625,1200000.0,11633.5625,9076.70458984375,138.08333,4.53125,-3.828125,0.79752606,2.31,4.53,384,318267.3333333333,35336.0,27.357684572832554,10.867104369481549,Rural
Faxe,Zealand Region,2011,1389869.3773584906,1150000.0,9756.453,8602.02197265625,148.99686,4.783018867924528,-3.5062892,1.004717,2.76,4.75,318,318980.3333333333,35240.5,32.694293031835784,9.02370851718903,Rural
Faxe,Zealand Region,2012,1146776.9481707318,951111.0,8667.099,7624.740966796875,138.11586,4.396341463414634,-4.469512,0.4222561,2.4,3.6599998,328,328808.6666666667,35148.75,37.93756903742148,9.331768555069527,Rural
Faxe,Zealand Region,2013,1276020.0714285714,1027500.0,9466.167,7945.457275390625,142.6454,4.630102040816326,-4.1658163,0.0,0.7900001,3.48,392,333437.6666666667,35095.25,35.22414792245549,11.169602724015359,Rural
Faxe,Zealand Region,2014,1320730.594660194,1077500.0,10246.219,7621.951171875,141.74272,4.550970873786408,-4.3810678,0.0,0.56,3.06,412,339983.0,35143.5,33.181313028737726,11.723362784014114,Rural
Faxe,Zealand Region,2015,1311121.5592592594,1147500.0,9975.406,8368.17236328125,144.67963,4.594444444444444,-3.7925925,0.0,0.45,2.78,540,344751.6666666667,35372.0,34.560163933845566,15.266312337442043,Rural
Faxe,Zealand Region,2016,1366184.7979094076,1194669.5,10219.466,8708.29150390625,143.95993,4.52787456445993,-3.2404182,0.0,0.25,2.55,574,349596.3333333333,35703.75,34.20886505550616,16.076742639078528,Rural
Faxe,Zealand Region,2017,1510720.3916256158,1387500.0,10693.448,10075.05029296875,146.53448,4.625615763546798,-2.8546798,0.0,1.15,2.26,406,357707.0,36026.25,33.451044041173624,11.269560389993407,Rural
Faxe,Zealand Region,2018,1636038.182648402,1450000.0,12274.057,10755.0,142.75456,4.5,-2.3116438,0.0,0.81,2.12,876,367331.3333333333,36290.0,29.927458649844407,24.138881234499863,Rural
Faxe,Zealand Region,2019,1843515.9351297405,1500000.0,14174.674,11383.0693359375,139.8952,4.429141716566866,-2.3742516,0.0,0.76,1.35,1002,377362.0,36545.5,26.622270113584268,27.41787634592494,Rural
Faxe,Zealand Region,2020,1779284.428443649,1585000.0,14231.514,12424.36669921875,134.13417,4.362254025044723,-2.2978532,0.0,0.42,1.1,1118,396638.0,36596.25,27.870400858264272,30.549578167161936,Rural
Faxe,Zealand Region,2021,2021901.656884876,1795000.0,14993.382,13442.3076171875,142.27615,4.532731376975169,-1.427389,0.0,1.8500001,1.47,1329,409746.6666666667,36889.25,27.32850177942953,36.026755762180045,Rural
Faxe,Zealand Region,2022,2056234.9440715883,1800000.0,15778.216,13925.7958984375,136.14877,4.461968680089486,-2.850112,0.11342281,7.7,3.73,894,413958.3333333333,37199.75,26.236067077122872,24.032419572712183,Rural
Faxe,Zealand Region,2023,1997467.4658169176,1695000.0,14593.771,13478.2607421875,139.29895,4.516801853997682,-3.5724218,2.7922943,3.31,4.79,863,427214.3333333333,37513.75,29.273745170685032,23.00489820399187,Rural
Faxe,Zealand Region,2024,2016240.204347826,1687500.0,15677.323,13166.6826171875,135.48985,4.452173913043478,-3.7246377,3.5054348,1.13,4.34,690,433629.3333333333,37687.25,27.65965422370473,18.30857916138747,Rural
Fredensborg,Capital Region,2008,2738493.4,2550000.0,21158.082,20690.4755859375,131.772,4.284,-3.788,4.07,3.42,6.52,250,354032.0,39223.75,16.732707624443464,6.373689410115046,Rural
Fredensborg,Capital Region,2009,2540046.033707865,2195000.0,18350.047,16725.3515625,138.47566,4.546816479400749,-5.64794,1.8063672,1.3,5.5,267,351327.6666666667,39255.5,19.145872850716223,6.801594681000115,Rural
Fredensborg,Capital Region,2010,2725584.3406940065,2350000.0,18048.717,17526.31640625,144.91483,4.744479495268139,-3.7287066,0.80126184,2.31,4.53,317,391063.3333333333,39218.75,21.667098738006324,8.082868525896416,Rural
Fredensborg,Capital Region,2011,2423123.3247588426,2200000.0,18346.12,17283.951171875,131.44373,4.327974276527331,-4.321543,0.9710611,2.76,4.75,311,398193.3333333333,39443.5,21.704498462526864,7.884695830745244,Rural
Fredensborg,Capital Region,2012,2493821.299719888,2125000.0,18141.883,16751.26953125,135.05322,4.481792717086835,-4.0140057,0.39285713,2.4,3.66,357,408480.3333333333,39541.0,22.515872984812727,9.02860322197213,Rural
Fredensborg,Capital Region,2013,2504864.469168901,2170000.0,17926.076,16441.44140625,141.57909,4.616621983914209,-4.1715817,0.0,0.79,3.48,373,424101.3333333333,39472.75,23.658347389207393,9.449556972848358,Rural
Fredensborg,Capital Region,2014,2789290.5856481483,2350000.0,18807.879,17991.3935546875,143.71991,4.710648148148148,-3.2407408,0.0,0.56,3.0599997,432,435458.0,39661.75,23.152956269018958,10.892106374529616,Rural
Fredensborg,Capital Region,2015,2691209.326732673,2450000.0,19338.102,18213.1025390625,137.20627,4.544554455445544,-2.268977,0.0,0.44999996,2.78,606,451556.6666666667,39914.25,23.350619759202154,15.182547586388319,Rural
Fredensborg,Capital Region,2016,2769883.937969925,2575000.0,19818.338,19325.994140625,137.14662,4.524436090225564,-2.0902255,0.0,0.25,2.55,532,455839.3333333333,40228.75,23.00088601442428,13.224373116241493,Rural
Fredensborg,Capital Region,2017,3021512.436031332,2795000.0,21830.219,21568.626953125,137.77023,4.469973890339426,-1.8877285,0.0,1.15,2.26,383,462052.0,40598.5,21.165706125073687,9.433846078057071,Rural
Fredensborg,Capital Region,2018,3166563.138438881,2775000.0,22777.355,21272.7265625,135.51105,4.455081001472754,-2.0500736,0.0,0.81,2.12,679,474197.3333333333,40784.5,20.818805929544205,16.648481653569373,Rural
Fredensborg,Capital Region,2019,3133387.1214374225,2850000.0,23299.928,21971.962890625,132.32466,4.355638166047088,-2.369269,0.0,0.76,1.3500001,807,491729.6666666667,40840.25,21.104342754478328,19.759918217934512,Rural
Fredensborg,Capital Region,2020,3455511.3716356107,3130833.5,25520.96,24158.2626953125,131.63872,4.345755693581781,-1.7608696,0.0,0.42,1.1,966,504667.3333333333,40920.5,19.774621853305415,23.606749673146712,Rural
Fredensborg,Capital Region,2021,3799613.013953488,3495000.0,28648.242,27812.11328125,130.56837,4.303255813953489,-1.1916279,0.0,1.85,1.47,1075,541999.6666666666,41071.0,18.91912483379143,26.174186165420856,Rural
Fredensborg,Capital Region,2022,3862751.890510949,3495000.0,29907.232,28415.30078125,123.21752,4.054014598540146,-2.8364964,0.13474452,7.7,3.73,685,519184.6666666667,41476.25,17.359836800231687,16.51547572405895,Rural
Fredensborg,Capital Region,2023,3758800.23039807,3350000.0,28778.186,27083.333984375,126.006035,4.218335343787696,-3.3642943,2.8227985,3.31,4.79,829,550826.0,41758.75,19.140400301811933,19.852126799772503,Rural
Fredensborg,Capital Region,2024,3799543.2780569512,3575000.0,29587.414,28333.333984375,123.57622,4.130653266331659,-2.7437186,3.5275543,1.13,4.34,597,577254.0,42038.5,19.510120080112443,14.201267885390774,Rural
Fredericia,Southern Denmark,2008,1782391.821305842,1675000.0,14585.059,12954.5458984375,133.59106,4.518900343642612,-1.6013746,4.037801,3.42,6.52,291,284529.0,49503.25,19.508251560723888,5.8784019231060585,Urban
Fredericia,Southern Denmark,2009,2182717.3084415584,1637500.0,22062.926,12761.4375,122.90909,4.246753246753247,-3.6396103,1.8003247,1.3,5.5,308,293114.0,49779.5,13.285363872407496,6.187285930955514,Urban
Fredericia,Southern Denmark,2010,1443945.298245614,1320000.0,11182.72,10555.7568359375,135.83626,4.558479532163743,-3.2368422,0.8048246,2.31,4.53,342,315796.6666666667,50015.0,28.239700776436027,6.8379486154153755,Urban
Fredericia,Southern Denmark,2011,1676607.961403509,1445000.0,14622.465,10946.9697265625,134.90526,4.617543859649123,-3.7614036,0.99561405,2.76,4.75,285,314786.3333333333,50153.75,21.527583299623785,5.682526231837101,Urban
Fredericia,Southern Denmark,2012,1558855.8240740742,1295000.0,12644.898,10337.36083984375,133.15123,4.453703703703703,-3.4074075,0.4205247,2.4,3.6600003,324,322289.6666666667,50250.75,25.48772371802973,6.447664960224475,Urban
Fredericia,Southern Denmark,2013,1521667.255737705,1300000.0,12645.864,10483.87109375,133.2,4.511475409836065,-3.714754,0.0,0.79,3.48,305,328728.3333333333,50368.5,25.99492872399492,6.055371909030446,Urban
Fredericia,Southern Denmark,2014,1512834.7325581396,1300000.0,11761.873,10000.0,138.95349,4.5523255813953485,-3.988372,0.0,0.56,3.06,344,335811.3333333333,50370.25,28.55083823242551,6.82942808503035,Urban
Fredericia,Southern Denmark,2015,1662910.5265486725,1402500.0,12846.339,11074.06201171875,138.10178,4.56858407079646,-3.0619469,0.0,0.45,2.78,452,344030.3333333333,50541.75,26.780418400396666,8.943101495298441,Urban
Fredericia,Southern Denmark,2016,1846924.0332594232,1580000.0,17509.744,11705.2021484375,128.40799,4.195121951219512,-2.6208425,0.0,0.25,2.55,451,354779.0,50776.0,20.261803941850893,8.88214904679376,Urban
Fredericia,Southern Denmark,2017,1810558.542763158,1504000.0,15008.132,12054.32470703125,134.9967,4.391447368421052,-2.5296052,0.0,1.15,2.26,304,357822.6666666667,50992.5,23.841918945453486,5.961661028582634,Urban
Fredericia,Southern Denmark,2018,2081045.3290780145,1650000.0,18772.326,12882.6533203125,129.39291,4.270921985815603,-2.2411346,0.0,0.81,2.12,705,365722.0,51388.5,19.481975755162146,13.719022738550454,Urban
Fredericia,Southern Denmark,2019,1946540.6742857145,1600000.0,15775.858,12222.22265625,135.20285,4.46,-1.8271428,0.0,0.76,1.35,700,377509.0,51426.5,23.929538412427394,13.61165935850194,Urban
Fredericia,Southern Denmark,2020,2133863.741656366,1827500.0,17282.537,13483.146484375,132.58096,4.3943139678615575,-2.0,0.0,0.42,1.1,809,392035.6666666667,51363.0,22.68391884054214,15.750637618519168,Urban
Fredericia,Southern Denmark,2021,2187340.068821689,1831000.0,17945.006,14110.4296875,133.57559,4.476538060479666,-1.7716371,0.0,1.85,1.47,959,409747.0,51425.5,22.83348358869314,18.648335942285442,Urban
Fredericia,Southern Denmark,2022,2192134.725,1856500.0,17438.025,14358.88134765625,132.36806,4.376388888888889,-2.1569445,0.12097222,7.7,3.73,720,413085.0,51839.25,23.68874915593939,13.889089830582039,Urban
Fredericia,Southern Denmark,2023,2132029.796357616,1800000.0,18703.457,14418.47802734375,125.57781,4.312913907284768,-2.7599337,2.7767382,3.31,4.79,604,427564.3333333333,52338.5,22.860176775519808,11.54026194866112,Urban
Fredericia,Southern Denmark,2024,2256533.0343434345,1895000.0,18541.848,14545.4541015625,128.78586,4.391919191919192,-2.8828282,3.5348485,1.13,4.34,495,440805.6666666667,52488.25,23.773556264007052,9.430682105042557,Urban
Frederiksberg,Capital Region,2008,3149761.763888889,2960000.0,26479.299,27481.09375,122.19444,4.166666666666667,-3.4166667,4.0416665,3.42,6.52,72,300337.6666666667,94054.5,11.342357162350359,0.7655136117889095,Urban
Frederiksberg,Capital Region,2009,3602533.379310345,3250000.0,30419.23,26022.3046875,122.25288,4.011494252873563,-2.4367816,1.6942528,1.3,5.5,87,309295.6666666667,95685.75,10.16776777935098,0.909226295451517,Urban
Frederiksberg,Capital Region,2010,3823923.0,3575000.0,27284.371,27393.55078125,145.74039,4.413461538461538,-2.5480769,0.82211536,2.31,4.53,104,342117.3333333333,97598.0,12.538948885181679,1.0655956064673457,Urban
Frederiksberg,Capital Region,2011,3254186.626262626,3200000.0,26642.309,28424.658203125,119.79798,3.8585858585858586,-3.89899,0.99747473,2.76,4.75,99,351272.0,99358.25,13.1847431091652,0.9963943608105014,Urban
Frederiksberg,Capital Region,2012,4041172.131147541,3700000.0,29162.904,29480.095703125,140.0246,4.5,-2.9836066,0.42418033,2.4,3.66,122,362634.6666666667,100904.25,12.434792730746798,1.2090670115480766,Urban
Frederiksberg,Capital Region,2013,4330251.25,3995000.0,32102.533,32278.453125,135.39394,4.340909090909091,-2.5454545,0.0,0.79,3.48,132,375562.6666666667,102261.25,11.698848395130275,1.2908115244044054,Urban
Frederiksberg,Capital Region,2014,4314561.180232558,3825000.0,36198.777,36173.1484375,119.156975,3.9127906976744184,-1.6337209,0.0,0.56,3.06,172,387452.3333333333,102865.5,10.703464742284892,1.6720863652050493,Urban
Frederiksberg,Capital Region,2015,4538200.056497175,4195000.0,36692.637,37974.68359375,125.18644,4.135593220338983,-2.141243,0.0,0.45000002,2.78,177,400008.0,103800.5,10.901587694555722,1.7051940982943243,Urban
Frederiksberg,Capital Region,2016,5046135.53125,4762500.0,41973.65,42921.626953125,117.99375,3.84375,-1.69375,0.0,0.25,2.55,160,409694.3333333333,104597.75,9.760750693192831,1.5296696152641907,Urban
Frederiksberg,Capital Region,2017,5351868.840707964,5100000.0,43481.49,45833.33203125,122.06195,4.097345132743363,-1.221239,0.0,1.15,2.26,113,425448.6666666667,104953.0,9.784592631638583,1.0766724152715978,Urban
Frederiksberg,Capital Region,2018,4955345.27756654,4549000.0,44041.707,46517.4140625,112.51711,3.832699619771863,-1.730038,0.0,0.81,2.12,263,440374.0,104403.0,9.999022063336463,2.519084700631208,Urban
Frederiksberg,Capital Region,2019,5025343.4948453605,4750000.0,44088.062,48106.0625,115.316154,3.8419243986254297,-1.6735395,0.0,0.76,1.35,291,456590.6666666667,104224.5,10.356333346352733,2.792049853921103,Urban
Frederiksberg,Capital Region,2020,5768934.593085106,5542500.0,51887.9,52643.736328125,111.960106,3.789893617021277,-1.2234043,0.0,0.42,1.1,376,480061.0,104267.0,9.251887241534153,3.6061265788792234,Urban
Frederiksberg,Capital Region,2021,6194356.052785924,5900000.0,57541.836,59950.0,109.284454,3.5865102639296187,-0.8680352,0.0,1.8500001,1.47,341,511208.0,103420.75,8.884109989121654,3.2972106661380813,Urban
Frederiksberg,Capital Region,2022,6136631.3046875,5930000.0,59217.836,61837.083984375,101.79297,3.47265625,-2.4335938,0.14218749,7.7,3.73,256,502172.3333333333,104110.75,8.480085853413037,2.458919948228209,Urban
Frederiksberg,Capital Region,2023,5804269.617021277,5500000.0,56708.543,58956.04296875,102.66261,3.465045592705167,-2.1550152,2.9101822,3.31,4.79,329,530505.0,104872.75,9.354939695770353,3.137135242472425,Urban
Frederiksberg,Capital Region,2024,6067428.487951808,5827500.0,61979.387,63958.9609375,97.710846,3.3855421686746987,-1.8373494,3.5367467,1.13,4.34,166,556530.6666666666,105421.25,8.979286398341864,1.5746350949168217,Urban
Frederikshavn,North Jutland,2008,1563783.176551724,1145000.0,12377.827,9400.0,132.7338,4.383448275862069,-2.4124138,4.0506897,3.42,6.52,725,269032.6666666667,62679.75,21.735048216998564,11.566734072806609,Urban
Frederikshavn,North Jutland,2009,1368263.9037656905,1000000.0,11505.216,9191.369140625,125.43096,4.2761506276150625,-4.205021,1.8564854,1.3,5.5,478,277895.3333333333,62350.5,24.15385624514423,7.666337880209461,Urban
Frederikshavn,North Jutland,2010,1396329.8533519553,1080000.0,12406.89,8916.34033203125,127.68994,4.304469273743017,-3.547486,0.8118017,2.31,4.53,716,298924.6666666667,61851.25,24.093440553326957,11.576160546472384,Urban
Frederikshavn,North Jutland,2011,1285808.0,950000.0,10815.382,7918.10205078125,128.16551,4.348275862068966,-4.85,1.0116379,2.76,4.75,580,306576.3333333333,61495.25,28.346325014995617,9.431622767612133,Urban
Frederikshavn,North Jutland,2012,1265906.2623762377,985005.5,10783.836,8234.802734375,128.9934,4.419141914191419,-5.0264025,0.45049506,2.4,3.6599998,606,319327.0,61017.0,29.61163355970918,9.931658390284676,Urban
Frederikshavn,North Jutland,2013,1493120.526392962,1050000.0,13002.044,8703.4267578125,132.65543,4.4178885630498534,-4.629032,0.0,0.79,3.4800003,682,322913.6666666667,60671.0,24.835607898778584,11.2409553163785,Urban
Frederikshavn,North Jutland,2014,1400039.3052039382,1050000.0,11499.231,8280.2548828125,133.90295,4.479606188466948,-4.2236285,0.0,0.56,3.06,711,325131.0,60465.25,28.274151549786243,11.758820148763132,Urban
Frederikshavn,North Jutland,2015,1314628.9597238204,990000.0,10885.407,8223.140625,128.89758,4.377445339470656,-4.6846952,0.0,0.45,2.78,869,330302.0,60337.5,30.34355996059679,14.402320281748498,Urban
Frederikshavn,North Jutland,2016,1359029.407004831,995000.0,11815.02,8333.3330078125,128.6727,4.276570048309178,-4.1062803,0.0,0.25,2.55,828,334594.0,60366.5,28.319376522426538,13.716216775860783,Urban
Frederikshavn,North Jutland,2017,1591865.0336283187,1110000.0,13759.632,9722.22265625,128.04248,4.357522123893805,-3.99823,0.0,1.15,2.26,565,344190.6666666667,60286.5,25.014525582273325,9.371915768870311,Urban
Frederikshavn,North Jutland,2018,1526451.5324675324,1100000.0,13103.71,9333.3330078125,129.70996,4.36969696969697,-3.7722943,0.0,0.81,2.12,1155,348903.6666666667,60124.0,26.626326946083722,19.210298715986962,Urban
Frederikshavn,North Jutland,2019,1492989.7922506183,1100000.0,12345.799,9565.2177734375,128.65045,4.370156636438582,-3.8252268,0.0,0.76,1.35,1213,360684.0,59903.5,29.21512005824815,20.249234184980846,Urban
Frederikshavn,North Jutland,2020,1834989.749075216,1350000.0,16380.512,11929.2802734375,122.51479,4.215782983970407,-3.2527742,0.0,0.42,1.1,1622,374584.3333333333,59423.75,22.867681628836344,27.295483708113338,Urban
Frederikshavn,North Jutland,2021,1713300.5213270143,1345000.0,15049.232,11627.00634765625,125.303314,4.3045023696682465,-3.0402844,0.0,1.85,1.47,1688,388490.3333333333,58969.5,25.814628502858707,28.624967144032087,Urban
Frederikshavn,North Jutland,2022,1754861.6666666667,1325000.0,15115.726,11250.0,127.40075,4.292134831460674,-3.4322097,0.12756553,7.7,3.7299998,1335,394945.0,58936.25,26.12808673562884,22.651593883221278,Urban
Frederikshavn,North Jutland,2023,1750777.8397873957,1315000.0,15182.607,11820.65234375,125.78892,4.294608959757023,-3.433561,2.8111238,3.31,4.79,1317,407399.0,58719.75,26.83327046534235,22.428569603923723,Urban
Frederikshavn,North Jutland,2024,1723437.9213362068,1297500.0,14440.131,11593.044921875,123.84375,4.268318965517241,-3.7974138,3.517834,1.13,4.34,928,420256.6666666667,58267.75,29.10338324954716,15.926477339523151,Urban
Frederikssund,Capital Region,2008,1302582.8562091505,1000000.0,14017.313,12840.9091796875,97.62745,3.758169934640523,-4.48366,4.0604577,3.42,6.52,153,314123.0,44192.0,22.409644416158788,3.46216509775525,Urban
Frederikssund,Capital Region,2009,1181021.0218978105,1000000.0,12008.122,11695.90625,98.56934,3.6934306569343063,-6.036496,1.8051095,1.3,5.5,137,315400.6666666667,44251.25,26.265611447540813,3.095957741306743,Urban
Frederikssund,Capital Region,2010,1171629.2536585366,980000.0,12980.761,11666.6669921875,99.892685,3.7414634146341466,-4.414634,0.8073171,2.31,4.53,205,339176.0,44282.0,26.12913064187839,4.629420532044623,Urban
Frederikssund,Capital Region,2011,985106.8353658536,750000.0,9979.474,9539.41162109375,102.51219,3.7439024390243905,-5.030488,1.0060976,2.76,4.75,164,345654.3333333333,44339.0,34.636528271262925,3.698775344504838,Urban
Frederikssund,Capital Region,2012,1055332.3846153845,850000.0,10017.186,8609.375,108.43787,4.047337278106509,-6.248521,0.44378698,2.4,3.6600003,169,353354.3333333333,44384.25,35.27481004479036,3.8076569954432036,Urban
Frederikssund,Capital Region,2013,1166698.612149533,861500.0,12230.218,9385.34814453125,102.6215,3.883177570093458,-4.8364487,0.0,0.78999996,3.4800003,214,365130.6666666667,44370.75,29.8547962650107,4.8229971321196965,Urban
Frederikssund,Capital Region,2014,1170866.163934426,865000.0,11158.184,9410.74365234375,109.81148,4.110655737704918,-4.4262295,0.0,0.56,3.06,244,372599.6666666667,44452.25,33.39250066737264,5.489035988054598,Urban
Frederikssund,Capital Region,2015,1100541.608695652,810000.0,10516.395,9416.7890625,103.916145,3.9037267080745344,-3.2422361,0.0,0.45,2.78,322,380900.6666666667,44608.0,36.219699494614524,7.218436154949785,Urban
Frederikssund,Capital Region,2016,1197428.1401273883,968750.0,11636.149,10725.490234375,103.52229,3.8152866242038215,-4.05414,0.0,0.25,2.55,314,388046.0,44857.75,33.34831824515138,6.999905256059432,Urban
Frederikssund,Capital Region,2017,1192539.9783549784,930000.0,12293.934,11340.9091796875,96.49351,3.735930735930736,-3.121212,0.0,1.15,2.26,231,395123.3333333333,45118.0,32.139698597156396,5.119907797331442,Urban
Frederikssund,Capital Region,2018,1303568.773019272,1000000.0,12866.927,11961.72265625,104.738754,3.8779443254817982,-2.6702356,0.0,0.81,2.12,467,406439.6666666667,45252.5,31.587936005750766,10.319871830285619,Urban
Frederikssund,Capital Region,2019,1446300.313131313,1028500.0,13448.077,12342.0478515625,102.765656,3.8767676767676766,-2.9979799,0.0,0.76,1.35,495,414934.6666666667,45334.5,30.854572491417674,10.918836647586275,Urban
Frederikssund,Capital Region,2020,1429113.6339779005,1182500.5,14884.206,14201.16015625,97.68232,3.75414364640884,-2.1892266,0.0,0.42,1.1,724,434039.6666666667,45366.0,29.161089726026816,15.959088304016225,Urban
Frederikssund,Capital Region,2021,1800286.0420757362,1495000.0,17549.193,16842.10546875,107.46564,3.903225806451613,-1.4263674,0.0,1.85,1.47,713,449992.3333333333,45676.75,25.641767876923648,15.609692020557505,Urban
Frederikssund,Capital Region,2022,1820074.2446351931,1547500.0,18321.58,17663.6904296875,103.23176,3.976394849785408,-3.2339056,0.10182403,7.7,3.73,466,454313.6666666667,46045.25,24.796642356536207,10.120479311112438,Urban
Frederikssund,Capital Region,2023,1606894.3524752476,1350000.0,17606.387,17222.22265625,93.03366,3.732673267326733,-2.950495,2.8352473,3.31,4.79,505,467642.3333333333,46236.5,26.560948213471246,10.922106993392665,Urban
Frederikssund,Capital Region,2024,1759304.3021077283,1575000.0,19055.553,17692.30859375,97.800934,3.7868852459016393,-3.5199063,3.4987118,1.13,4.34,427,473019.3333333333,46720.0,24.82317534071739,9.139554794520548,Urban
Furesø,Capital Region,2008,2948143.418604651,2997500.0,22093.594,21484.298828125,134.65117,4.6395348837209305,-5.360465,4.043605,3.4199998,6.5199995,172,375850.0,37747.5,17.011718419375317,4.556593151864361,Rural
Furesø,Capital Region,2009,2858348.7649769587,2740000.0,19941.207,19060.7734375,143.84793,4.7373271889400925,-6.797235,1.7317972,1.2999998,5.5,217,376497.6666666667,38073.0,18.88038505726693,5.699577128148557,Rural
Furesø,Capital Region,2010,3073627.736654804,2850000.0,20846.547,19942.197265625,146.76868,4.967971530249111,-3.3950179,0.81049824,2.31,4.53,281,423334.6666666667,38243.75,20.307184046675292,7.347605817944109,Rural
Furesø,Capital Region,2011,2957258.923076923,2800000.0,20565.36,19878.787109375,146.17409,4.923076923076923,-4.7327933,0.95951414,2.76,4.75,247,433623.6666666667,38289.5,21.085148359506796,6.450854672952115,Rural
Furesø,Capital Region,2012,2756812.645038168,2662500.0,19178.547,18910.375,148.29007,4.8816793893129775,-4.4198475,0.3683206,2.4,3.66,262,451643.6666666667,38191.5,23.549420436629884,6.860165220009688,Rural
Furesø,Capital Region,2013,2945040.613636364,2850000.0,20420.076,20498.5234375,145.26704,4.90625,-4.0823865,0.0,0.79,3.4799998,352,466009.3333333333,38254.0,22.821136088491212,9.201652114811523,Rural
Furesø,Capital Region,2014,2927742.0375,2853663.0,20951.549,20789.091796875,140.945,4.685,-3.0175,0.0,0.56,3.06,400,482754.3333333333,38654.5,23.041462630440037,10.348083664256425,Rural
Furesø,Capital Region,2015,3020565.3559670784,2995000.0,22131.06,22607.8896484375,137.4856,4.567901234567901,-2.1687243,0.0,0.45,2.78,486,486470.0,39476.5,21.981323985385245,12.31112180664446,Rural
Furesø,Capital Region,2016,3305443.5965665234,3145000.0,23643.715,23939.39453125,140.84764,4.641630901287554,-2.087983,0.0,0.25,2.55,466,498536.0,40392.75,21.08534974305011,11.536723793254978,Rural
Furesø,Capital Region,2017,3329900.0152671756,3292500.0,25121.11,24451.0244140625,134.66031,4.568702290076335,-2.534351,0.0,1.15,2.26,262,512154.0,40647.25,20.38739530219803,6.445700508644496,Rural
Furesø,Capital Region,2018,3541459.3014184395,3475000.0,26444.336,26321.7939453125,135.31915,4.599290780141844,-2.3687944,0.0,0.81,2.12,564,522997.6666666667,40935.0,19.777303792640765,13.777940637596188,Rural
Furesø,Capital Region,2019,3625313.212765957,3495000.0,26260.49,26282.89453125,137.72504,4.541734860883797,-2.9443536,0.0,0.76,1.35,611,541465.6666666666,41120.25,20.619023737434702,14.858859077948212,Rural
Furesø,Capital Region,2020,3908514.4813614264,3600000.0,28791.994,27638.298828125,134.93842,4.452188006482982,-2.230146,0.0,0.42,1.1,617,557873.0,40976.0,19.375976530142374,15.057594689574385,Rural
Furesø,Capital Region,2021,4367064.271448663,4147500.0,32875.01,31538.4609375,131.46414,4.405063291139241,-1.1195499,0.0,1.85,1.47,711,587433.0,41124.0,17.868678975306775,17.289174204843885,Rural
Furesø,Capital Region,2022,4582933.058064516,4325000.0,35108.66,33433.734375,128.93549,4.318279569892473,-2.544086,0.1216129,7.7,3.7299998,465,581215.3333333334,41671.5,16.554756955501386,11.158705590151541,Rural
Furesø,Capital Region,2023,4343110.551845343,4100000.0,33019.168,31818.181640625,130.86995,4.453427065026362,-3.7609842,2.8136203,3.31,4.79,569,619632.0,42242.5,18.76582717044839,13.46984671835237,Rural
Furesø,Capital Region,2024,4465162.098850574,4195000.0,33959.06,32589.28515625,129.50575,4.4206896551724135,-2.8574712,3.5017242,1.13,4.34,435,630426.0,42507.25,18.564294771410047,10.233548394685613,Rural
Gentofte,Capital Region,2008,4070028.544554456,3467500.0,29755.324,28086.890625,134.9307,4.596534653465347,-5.420792,4.0402226,3.42,6.52,404,453256.0,69186.0,15.232769772562381,5.839331656693551,Urban
Gentofte,Capital Region,2009,3783819.9371633753,3125000.0,25518.299,25000.0,141.80252,4.806104129263914,-6.4506283,1.8066427,1.3,5.5,557,452807.0,70232.75,17.744403731612362,7.930773036795512,Urban
Gentofte,Capital Region,2010,4045388.6783536584,3600000.0,28606.896,27695.4375,138.22865,4.551829268292683,-4.0960364,0.8075457,2.31,4.53,656,533115.6666666666,71397.0,18.635914454566013,9.188061123016373,Urban
Gentofte,Capital Region,2011,3842384.449056604,3300000.0,27401.504,26336.8994140625,132.67924,4.5452830188679245,-5.216981,0.98396224,2.76,4.75,530,563977.3333333334,72050.0,20.58198459958013,7.356002775850104,Urban
Gentofte,Capital Region,2012,3943030.587797619,3412500.0,27942.473,26153.9638671875,136.0119,4.613095238095238,-4.839286,0.4174107,2.4,3.66,672,586696.0,73041.0,20.996566767730258,9.200312153448063,Urban
Gentofte,Capital Region,2013,4063266.834002678,3500000.0,29062.994,27682.927734375,135.97456,4.593038821954485,-3.797858,0.0,0.79,3.48,747,609968.3333333334,73673.0,20.987800958611952,10.139399780109402,Urban
Gentofte,Capital Region,2014,4233565.459096459,3750000.0,30663.867,29615.384765625,133.17216,4.440781440781441,-2.941392,0.0,0.56,3.06,819,637447.3333333334,74615.0,20.788223916224702,10.976345238892984,Urban
Gentofte,Capital Region,2015,4330650.504892368,3850000.0,32561.234,31551.2490234375,129.70352,4.332681017612525,-2.2739725,0.0,0.45,2.78,1022,717204.3333333334,75135.5,22.02632533316561,13.602092220055766,Urban
Gentofte,Capital Region,2016,4589815.919068736,4050000.0,34895.656,33998.298828125,126.266075,4.228381374722838,-2.4268293,0.0,0.25,2.55,902,693988.0,75553.25,19.88751837764563,11.938599596972997,Urban
Gentofte,Capital Region,2017,4670568.035650624,3975000.0,35952.71,34653.46484375,126.08378,4.237076648841355,-2.167558,0.0,1.15,2.26,561,706121.0,75845.25,19.64027190161743,7.396639868679977,Urban
Gentofte,Capital Region,2018,5036034.308736217,4300000.0,38550.87,37151.703125,127.09415,4.269720101781171,-2.385072,0.0,0.81,2.12,1179,718840.3333333334,75472.75,18.646539840302783,15.62153227489392,Urban
Gentofte,Capital Region,2019,5055626.884522855,4450000.0,38692.453,37943.26171875,127.663994,4.290296712109062,-2.36247,0.0,0.76,1.35,1247,787246.3333333334,75112.0,20.34625029675253,16.601874534029186,Urban
Gentofte,Capital Region,2020,5846589.723388849,5110000.0,43259.05,41810.34375,128.76321,4.286748732802317,-2.2005794,0.0,0.41999996,1.1,1381,785724.3333333334,74754.5,18.163235977982257,18.473804252586802,Urban
Gentofte,Capital Region,2021,5720730.493679308,4903000.0,46022.55,44000.0,118.63473,3.964737192282102,-1.4238191,0.0,1.85,1.4700001,1503,893424.3333333334,74360.5,19.412751647471367,20.212343919150623,Urban
Gentofte,Capital Region,2022,4904788.413714286,4000000.0,45032.465,43349.25,102.786285,3.581714285714286,-3.3897142,0.13297142,7.7,3.73,875,872606.3333333334,74410.75,19.37727222645559,11.759053631363749,Urban
Gentofte,Capital Region,2023,5005654.10411419,3995000.0,43978.816,41780.8203125,107.53904,3.696893366918556,-3.9143577,2.8716624,3.31,4.79,1191,1008805.0,74957.5,22.93843017510976,15.889003768802322,Urban
Gentofte,Capital Region,2024,5168784.415465268,4350000.0,46740.41,44910.1796875,104.70642,3.648754914809961,-3.0563564,3.5269332,1.13,4.34,763,974135.6666666666,75043.25,20.841401833374302,10.167470092246804,Urban
Gladsaxe,Capital Region,2008,3100976.037735849,2850000.0,24322.422,23660.71484375,126.90566,4.660377358490566,-5.4716983,4.0283017,3.42,6.52,53,311599.3333333333,62816.5,12.811196735807533,0.8437273646255363,Urban
Gladsaxe,Capital Region,2009,2633121.685185185,2700000.0,19979.01,20240.9638671875,135.2037,4.703703703703703,-7.5740743,1.875926,1.3,5.5,54,313879.6666666667,63434.75,15.7104714731444,0.8512684293703372,Urban
Gladsaxe,Capital Region,2010,2871091.736263736,2700000.0,22239.021,22402.59765625,134.45055,4.813186813186813,-4.4175825,0.7994506,2.31,4.53,91,343452.0,64454.25,15.443665438330221,1.4118541446064456,Urban
Gladsaxe,Capital Region,2011,2731416.7391304346,2545000.0,20281.69,18973.01171875,126.847824,4.163043478260869,-5.0326085,0.9375,2.76,4.75,92,353780.3333333333,65075.75,17.443336000763907,1.4137370679554213,Urban
Gladsaxe,Capital Region,2012,2697896.97,2625000.0,19372.14,19605.9111328125,145.44,4.64,-6.97,0.455,2.4,3.66,100,360178.0,65587.75,18.592576762298847,1.5246749583573151,Urban
Gladsaxe,Capital Region,2013,2984761.226190476,2785000.0,23075.11,23790.8408203125,131.82143,4.607142857142857,-5.3690476,0.0,0.79,3.48,84,371299.3333333333,66231.5,16.090901986310502,1.2682786891433835,Urban
Gladsaxe,Capital Region,2014,2597878.8670886075,2600000.0,22828.379,21745.8515625,120.99367,4.063291139240507,-3.4810126,0.0,0.56,3.06,158,382113.6666666667,66884.0,16.738537005481934,2.3622989055678487,Urban
Gladsaxe,Capital Region,2015,3095343.473053892,3115000.0,24863.822,23602.484375,122.11976,4.18562874251497,-2.772455,0.0,0.45000002,2.78,167,390693.3333333333,67496.0,15.713325704042335,2.4742206945596776,Urban
Gladsaxe,Capital Region,2016,3216019.8011049726,3220000.0,26960.4,28095.23828125,119.640884,4.060773480662983,-1.4254143,0.0,0.25,2.55,181,395736.6666666667,68191.75,14.678441961790874,2.6542800265428004,Urban
Gladsaxe,Capital Region,2017,3250010.638297872,3525000.0,27228.652,27853.8642578125,116.19149,4.01063829787234,-2.180851,0.0,1.15,2.26,94,406023.0,69110.5,14.911608551168822,1.3601406443304562,Urban
Gladsaxe,Capital Region,2018,3434481.3829787234,3350000.0,29035.37,29115.310546875,120.32447,4.042553191489362,-2.2765958,0.0,0.81,2.12,188,414629.0,69453.25,14.280134883764182,2.7068567705614925,Urban
Gladsaxe,Capital Region,2019,3617712.376190476,3700000.0,30720.783,30045.4541015625,118.328575,4.085714285714285,-2.5,0.0,0.75999993,1.35,210,429249.3333333333,69551.5,13.972603931785637,3.01934537716656,Urban
Gladsaxe,Capital Region,2020,3839289.245136187,3795000.0,33726.094,32837.8359375,114.058365,3.9688715953307394,-2.1984437,0.0,0.42,1.1,257,453867.3333333333,69180.75,13.45745325068872,3.714906241982054,Urban
Gladsaxe,Capital Region,2021,4244286.884773662,4200000.0,37161.836,36818.18359375,112.954735,4.0,-1.1069959,0.0,1.85,1.4700001,243,474001.0,69117.25,12.755047947577186,3.515764877798234,Urban
Gladsaxe,Capital Region,2022,4057648.7988505745,3825000.0,38578.55,37293.3359375,101.36781,3.6494252873563218,-2.3793104,0.12327585,7.7,3.73,174,474603.3333333333,69482.5,12.30225950258196,2.50422768322959,Urban
Gladsaxe,Capital Region,2023,3966799.4736842103,3850000.0,36165.31,36159.8671875,108.23158,3.694736842105263,-3.2526317,2.883421,3.3099997,4.79,190,503998.3333333333,70240.75,13.93596054709149,2.7049825065933946,Urban
Gladsaxe,Capital Region,2024,4115882.575539568,4210000.0,37800.766,37500.0,107.40288,3.6546762589928057,-3.3741007,3.522662,1.13,4.34,139,520347.3333333333,70807.25,13.765523516992573,1.9630758149765735,Urban
Glostrup,Capital Region,2008,2510288.294736842,2550000.0,20305.957,20153.060546875,125.357895,4.4,-5.042105,4.0526314,3.4199998,6.5200005,95,297435.0,20788.0,14.64767210922391,4.569944198576102,Rural
Glostrup,Capital Region,2009,2194111.2153846156,2200000.0,17427.854,17218.54296875,129.87692,4.661538461538462,-6.7846155,1.7569231,1.3,5.5,65,302014.3333333333,21129.75,17.32940460330534,3.076231379926407,Rural
Glostrup,Capital Region,2010,2358388.989361702,2307500.0,18081.291,18922.421875,134.2766,4.617021276595745,-4.4787235,0.8111702,2.31,4.53,94,325790.0,21372.0,18.01807182905247,4.398278120905858,Rural
Glostrup,Capital Region,2011,2536112.676056338,2475000.0,19355.682,19959.677734375,133.69014,4.746478873239437,-5.7605634,0.97183096,2.76,4.75,71,329246.6666666667,21480.25,17.010336637410486,3.3053619022124976,Rural
Glostrup,Capital Region,2012,2282604.3,2300000.0,17345.02,16659.306640625,139.725,4.6875,-5.4875,0.41875,2.4,3.6600003,80,333086.6666666667,21727.0,19.203590809734823,3.682054586459244,Rural
Glostrup,Capital Region,2013,2391131.967391304,2295000.0,17341.615,18171.09765625,142.96739,4.5978260869565215,-4.521739,0.0,0.79,3.48,92,342027.0,21973.5,19.72290354733397,4.186861446742667,Rural
Glostrup,Capital Region,2014,2634888.488372093,2572500.0,19140.914,19614.3505859375,142.02325,4.837209302325581,-3.6860466,0.0,0.56,3.06,86,347303.6666666667,22197.75,18.14457066505114,3.874266536022795,Rural
Glostrup,Capital Region,2015,2658825.8157894737,2597500.0,20805.984,22378.9013671875,131.38158,4.368421052631579,-2.4671052,0.0,0.45000002,2.78,152,356900.6666666667,22398.25,17.153750895255264,6.7862444610628065,Rural
Glostrup,Capital Region,2016,2810040.614379085,2800000.0,22561.06,22675.16015625,129.03268,4.470588235294118,-2.745098,0.0,0.25,2.55,153,360911.3333333333,22480.5,15.997091153223,6.805898445319277,Rural
Glostrup,Capital Region,2017,2959744.9545454546,2912500.0,24440.086,25568.517578125,125.378784,4.257575757575758,-2.7727273,0.0,1.15,2.26,66,370226.0,22555.0,15.148310034588258,2.9261804477942808,Rural
Glostrup,Capital Region,2018,3115792.4840764333,3150000.0,25300.824,26463.767578125,127.49682,4.382165605095541,-2.1592357,0.0,0.81,2.12,157,379574.6666666667,22586.25,15.002462633891556,6.951131772649289,Rural
Glostrup,Capital Region,2019,3170852.971962617,3123750.0,25150.135,26248.9287109375,128.77103,4.331775700934579,-2.1261683,0.0,0.76,1.35,214,388524.6666666667,22841.75,15.448213962536055,9.368809307518033,Rural
Glostrup,Capital Region,2020,3146790.5829787236,3250000.0,27205.395,28370.787109375,117.12766,4.034042553191489,-2.080851,0.0,0.42,1.1,235,407453.6666666667,23275.0,14.976943604996976,10.096670247046188,Rural
Glostrup,Capital Region,2021,3342576.331914894,3548000.0,29898.2,30687.5,112.2383,3.9191489361702128,-1.174468,0.0,1.85,1.47,235,425724.0,23480.5,14.239118073997766,10.008304763527182,Rural
Glostrup,Capital Region,2022,3454424.026666667,3700000.0,30725.104,31729.232421875,110.71333,3.8733333333333335,-2.8866668,0.14733332,7.7,3.73,150,427269.3333333333,23553.75,13.906196487840475,6.368412673141219,Rural
Glostrup,Capital Region,2023,3219693.011494253,3250000.0,29428.66,29643.75,107.10919,3.7586206896551726,-4.172414,2.743678,3.31,4.79,174,442074.6666666667,23668.25,15.02190948098441,7.351620842267595,Rural
Glostrup,Capital Region,2024,3156504.3076923075,3362500.0,30648.08,30527.77734375,100.25,3.647435897435898,-2.9102564,3.5375,1.13,4.34,156,458829.3333333333,23913.5,14.97089975402483,6.523511823865181,Rural
Greve,Zealand Region,2008,2762281.118811881,2494000.0,20237.082,19497.287109375,141.84653,4.787128712871287,-4.292079,4.0470295,3.42,6.52,202,344906.0,47793.0,17.043267403867812,4.2265603749503065,Urban
Greve,Zealand Region,2009,2279634.535,2100000.0,16376.674,16411.0078125,141.255,4.71,-5.545,1.7839999,1.3,5.5,200,336269.0,47902.0,20.533412340014827,4.175191014988935,Urban
Greve,Zealand Region,2010,2323909.964157706,2200000.0,16283.319,16242.0380859375,146.37993,4.756272401433692,-3.716846,0.8100358,2.31,4.53,279,368453.6666666667,47873.5,22.627676007985023,5.827858836308188,Urban
Greve,Zealand Region,2011,2262880.0086580086,2150000.0,16034.139,16030.5341796875,144.14285,4.636363636363637,-5.047619,0.99891776,2.76,4.75,231,379544.0,47939.25,23.67099349706274,4.818598538775638,Urban
Greve,Zealand Region,2012,2192876.8803088805,2051000.0,15586.921,15447.154296875,144.5444,4.637065637065637,-4.7297297,0.42181468,2.4,3.66,259,388789.0,47973.0,24.943284180371478,5.398870197819607,Urban
Greve,Zealand Region,2013,2218904.631205674,2115555.5,15801.98,15950.712890625,145.34398,4.773049645390071,-3.7304964,0.0,0.79,3.48,282,400067.3333333333,48033.5,25.31754459462253,5.870902599227622,Urban
Greve,Zealand Region,2014,2340906.055882353,2218750.0,16720.234,16782.158203125,142.86177,4.605882352941176,-3.15,0.0,0.56,3.0600002,340,408327.0,48431.0,24.421129512900357,7.020296917263736,Urban
Greve,Zealand Region,2015,2470155.3371428573,2395000.0,18128.473,18382.353515625,140.84572,4.565714285714286,-3.0019047,0.0,0.45,2.78,525,414156.0,49057.75,22.84560867316293,10.701673028216746,Urban
Greve,Zealand Region,2016,2850903.096837945,2787500.0,20617.537,20703.853515625,142.02371,4.507905138339921,-1.7391304,0.0,0.25,2.55,506,419534.3333333333,49666.75,20.348421508026554,10.187902369291328,Urban
Greve,Zealand Region,2017,2959483.13229572,2795000.0,21217.81,20975.0,142.28015,4.77431906614786,-1.6459144,0.0,1.15,2.26,257,429847.3333333333,49971.0,20.25879830827655,5.142982930099458,Urban
Greve,Zealand Region,2018,3122613.2111613876,2975000.0,22636.752,22292.994140625,142.59276,4.686274509803922,-1.9064857,0.0,0.81000006,2.12,663,438739.0,50056.25,19.381711651918966,13.245099263328754,Urban
Greve,Zealand Region,2019,3118348.3540983605,2996500.0,23140.422,22803.5087890625,138.23279,4.573770491803279,-1.9885246,0.0,0.76,1.35,610,446215.6666666667,50325.5,19.282952863464057,12.121091693078062,Urban
Greve,Zealand Region,2020,3372322.581818182,3152500.0,24934.291,24233.0126953125,138.74156,4.511688311688312,-1.6402597,0.0,0.42,1.1,770,466533.0,50522.75,18.710497924324375,15.240658911084612,Urban
Greve,Zealand Region,2021,3966383.675862069,3600000.0,28753.287,27982.6611328125,140.62184,4.573563218390805,-0.8597701,0.0,1.85,1.47,870,484932.6666666667,50609.25,16.865294971898923,17.190533351116642,Urban
Greve,Zealand Region,2022,3926078.8681541584,3695000.0,29503.555,28695.65234375,134.43002,4.519269776876268,-2.158215,0.10943204,7.7,3.73,493,482075.3333333333,51131.25,16.33956766678908,9.641853074196307,Urban
Greve,Zealand Region,2023,3591018.712241654,3340000.0,27080.111,26050.419921875,134.66455,4.480127186009539,-3.6772654,2.8050873,3.31,4.79,629,506002.0,51588.75,18.685373926273787,12.192580746771341,Urban
Greve,Zealand Region,2024,3818598.400432901,3600000.0,29241.959,28648.0947265625,132.52814,4.541125541125541,-3.017316,3.5199132,1.13,4.34,462,518801.6666666667,52574.75,17.74168641255077,8.787488290481647,Urban
Gribskov,Capital Region,2008,1960387.3028846155,1600000.0,20946.514,18728.146484375,96.98558,3.9471153846153846,-4.4038463,4.045673,3.4199998,6.52,208,320581.6666666667,40607.0,15.304774181836018,5.122269559435566,Rural
Gribskov,Capital Region,2009,1659659.605263158,1308750.0,17428.605,16249.5,97.15414,3.951127819548872,-6.274436,1.8000001,1.3,5.5,266,316212.3333333333,40707.0,18.143295652941433,6.534502665389245,Rural
Gribskov,Capital Region,2010,1844734.6453488371,1347500.0,18072.424,15937.05712890625,101.32268,4.002906976744186,-4.502907,0.8059593,2.31,4.53,344,348475.3333333333,40758.5,19.282157907170248,8.43995730951826,Rural
Gribskov,Capital Region,2011,1789032.892086331,1450000.0,17148.834,15411.45849609375,105.66907,4.179856115107913,-6.172662,0.9739209,2.76,4.75,278,350857.6666666667,40651.75,20.459563995235285,6.838573985129791,Rural
Gribskov,Capital Region,2012,1484984.8653846155,1195000.0,16133.217,14631.52978515625,96.06319,3.9148351648351647,-5.510989,0.41826922,2.4,3.66,364,362704.3333333333,40657.25,22.481835664476172,8.952892780500402,Rural
Gribskov,Capital Region,2013,1626893.281690141,1275000.0,16949.133,14854.98779296875,102.16432,4.145539906103286,-5.3896713,0.0,0.79,3.48,426,368251.6666666667,40739.25,21.726873384418344,10.456746258215357,Rural
Gribskov,Capital Region,2014,1747206.5815324164,1340000.0,16764.95,15189.873046875,105.24951,4.147347740667977,-4.5206285,0.0,0.56,3.06,509,380720.3333333333,40867.75,22.70930323880079,12.4548084981434,Rural
Gribskov,Capital Region,2015,1740566.698245614,1401250.0,17401.059,15625.0,102.833336,4.068421052631579,-4.0894737,0.0,0.45,2.78,570,386051.0,40985.5,22.185488825708823,13.907357480084421,Rural
Gribskov,Capital Region,2016,1807729.069097889,1495000.0,18127.316,16575.0,105.00576,4.113243761996161,-3.1708252,0.0,0.25,2.55,521,391570.3333333333,41190.25,21.601120283517613,12.648624371058684,Rural
Gribskov,Capital Region,2017,1945949.148036254,1575000.0,19743.191,17772.7265625,102.37764,3.930513595166163,-3.0120845,0.0,1.15,2.26,331,400354.0,41235.0,20.27807966807392,8.027161392021341,Rural
Gribskov,Capital Region,2018,2052751.3585397652,1650000.0,20145.564,17857.142578125,106.48762,4.121251629726206,-3.4928293,0.0,0.81,2.12,767,408393.0,41251.25,20.27210556130372,18.593375958304293,Rural
Gribskov,Capital Region,2019,2131397.590184049,1755000.0,21720.006,19402.984375,102.40981,4.0184049079754605,-2.4417179,0.0,0.75999993,1.35,815,416524.3333333333,41202.75,19.17698979150067,19.780233115508064,Rural
Gribskov,Capital Region,2020,2567019.9748062016,2100000.0,25961.148,23554.078125,102.07946,3.98062015503876,-1.992248,0.0,0.42,1.1,1032,439708.6666666667,41094.25,16.937181154957656,25.113002427346892,Rural
Gribskov,Capital Region,2021,3012282.424498416,2595000.0,28816.465,26041.666015625,109.448784,4.096092925026399,-1.4413939,0.0,1.85,1.4700001,947,456989.3333333333,41112.5,15.858618790796626,23.034356947400425,Rural
Gribskov,Capital Region,2022,2786357.5270506106,2500000.0,29329.56,26984.126953125,100.65096,4.003490401396161,-3.4572425,0.10209423,7.7000003,3.73,573,456514.3333333333,41403.5,15.564990860187923,13.839409711739345,Rural
Gribskov,Capital Region,2023,2807745.292349727,2300000.0,29000.76,26019.2431640625,100.25273,3.9945355191256833,-3.3333333,2.8915982,3.31,4.79,732,472444.6666666667,41826.5,16.290768471814765,17.50086667543304,Rural
Gribskov,Capital Region,2024,2756607.385229541,2375000.0,31917.523,29761.904296875,91.73054,3.730538922155689,-3.9061875,3.4862275,1.13,4.34,501,481954.6666666667,41910.0,15.100002173309836,11.954187544738726,Rural
Guldborgsund,Zealand Region,2008,1323272.6009036144,1100000.0,12095.864,9936.0283203125,121.23644,4.296686746987952,-3.0722892,4.040663,3.42,6.5199995,664,260288.66666666663,63401.5,21.518815577512,10.472938337421038,Urban
Guldborgsund,Zealand Region,2009,1140700.5513833992,882943.0,9702.096,8766.66650390625,123.12648,4.25098814229249,-4.9189725,1.7980237,1.3,5.5,506,266619.3333333333,63052.0,27.48059113549622,8.025122121423587,Urban
Guldborgsund,Zealand Region,2010,1251182.6101426308,900000.0,11671.838,8757.9619140625,120.88431,4.163232963549921,-4.4706817,0.8042789,2.31,4.53,631,286823.0,62806.5,24.573935998769002,10.046730831999872,Urban
Guldborgsund,Zealand Region,2011,1107305.580392157,777500.0,9921.557,7507.861572265625,123.42549,4.26078431372549,-5.427451,0.95735294,2.76,4.75,510,281968.6666666667,62245.75,28.419800104627395,8.193330468345227,Urban
Guldborgsund,Zealand Region,2012,1245635.9498381878,780603.0,12678.968,8205.595703125,113.33819,4.038834951456311,-5.305825,0.46359223,2.4,3.6600003,618,293565.3333333333,61712.5,23.15372460387417,10.014178651002632,Urban
Guldborgsund,Zealand Region,2013,1222631.4828282828,788000.0,10782.0,8053.69140625,122.561615,4.35959595959596,-6.6747475,0.0,0.79,3.48,495,303367.3333333333,61191.0,28.136462004575524,8.08942491542874,Urban
Guldborgsund,Zealand Region,2014,1113154.690117253,745000.0,9252.018,6969.69677734375,125.88442,4.437185929648241,-6.289782,0.0,0.56,3.06,597,306502.6666666667,60917.75,33.12819610453273,9.800099314239281,Urban
Guldborgsund,Zealand Region,2015,1004926.1940085592,750000.0,8391.973,6914.8935546875,127.48217,4.523537803138374,-5.841655,0.0,0.45,2.78,701,313070.6666666667,60870.0,37.30596686460582,11.51634631181206,Urban
Guldborgsund,Zealand Region,2016,1142178.8507246375,800000.0,10378.126,7500.0,123.41159,4.259420289855073,-4.55942,0.0,0.25,2.55,690,315515.6666666667,61121.0,30.40198843863205,11.289082312134946,Urban
Guldborgsund,Zealand Region,2017,1160790.7090558766,875000.0,10516.776,8190.47607421875,125.63391,4.38728323699422,-3.5722544,0.0,1.15,2.26,519,322046.3333333333,61266.0,30.622153912314317,8.471256488101067,Urban
Guldborgsund,Zealand Region,2018,1172846.213691027,845000.0,10329.3125,8040.88037109375,123.84551,4.3413506012950975,-3.7511563,0.0,0.81,2.12,1081,328340.0,61102.25,31.787207522281857,17.691656199239798,Urban
Guldborgsund,Zealand Region,2019,1218422.6146938775,900000.0,10843.338,8840.0,120.46123,4.342040816326531,-3.6506124,0.0,0.76,1.35,1225,338835.3333333333,60858.0,31.248249693344736,20.128824476650564,Urban
Guldborgsund,Zealand Region,2020,1253129.6848086123,995000.0,11658.406,9981.4814453125,117.7195,4.269736842105263,-3.1447368,0.0,0.42,1.1,1672,356928.3333333333,60503.75,30.615534690877407,27.634650744788548,Urban
Guldborgsund,Zealand Region,2021,1406408.3152815013,1125000.0,12900.515,10600.0,121.856834,4.298659517426273,-1.7361931,0.0,1.85,1.47,1865,375970.0,60367.0,29.1437977476093,30.894362814120296,Urban
Guldborgsund,Zealand Region,2022,1461502.5629949605,1200000.0,13331.421,10357.142578125,120.56444,4.200143988480922,-2.8581715,0.13383728,7.7,3.7300003,1389,377170.0,60350.5,28.291807752526907,23.015550823936834,Urban
Guldborgsund,Zealand Region,2023,1435575.1021341465,1125000.0,13915.696,11085.9306640625,115.256096,4.154725609756097,-3.6981707,2.8896341,3.3099997,4.79,1312,388890.6666666667,60040.5,27.946188725786097,21.851916622946177,Urban
Guldborgsund,Zealand Region,2024,1526851.1458910434,1221000.0,13779.363,10914.6337890625,120.52816,4.328716528162512,-3.3896585,3.504432,1.13,4.34,1083,396069.6666666667,59582.75,28.74368478910576,18.176401727009917,Urban
Haderslev,Southern Denmark,2008,1508435.3789329685,1070000.0,11121.124,8285.7138671875,141.33789,4.786593707250342,-1.9548564,4.0482216,3.42,6.52,731,271780.0,56443.0,24.438177292151405,12.95111882784402,Urban
Haderslev,Southern Denmark,2009,1295021.368948247,1025000.0,10220.158,8119.658203125,137.42905,4.629382303839733,-3.863105,1.9903171,1.3,5.5,599,284829.0,56445.5,27.86933430970441,10.612006271536261,Urban
Haderslev,Southern Denmark,2010,1579372.811881188,1075000.0,13001.609,8076.9228515625,140.47667,4.643564356435643,-3.3281472,0.8069307,2.31,4.53,707,302811.6666666667,56303.25,23.290322502904576,12.557001594046525,Urban
Haderslev,Southern Denmark,2011,1521795.913897281,1150000.0,13396.439,8679.4873046875,138.60876,4.620845921450151,-3.68429,0.973565,2.76,4.75,662,304951.3333333333,56123.5,22.763611533881004,11.795415467673969,Urban
Haderslev,Southern Denmark,2012,1467588.1136712749,1050000.0,12347.757,8101.85205078125,137.22119,4.634408602150538,-4.6482334,0.45890936,2.4,3.6600003,651,309904.0,56212.75,25.097999580004693,11.581002530564685,Urban
Haderslev,Southern Denmark,2013,1471105.6342342342,900000.0,11612.299,7246.376953125,141.45766,4.713513513513513,-5.6576576,0.0,0.79,3.48,555,317030.3333333333,56034.25,27.301254758711714,9.904656527034804,Urban
Haderslev,Southern Denmark,2014,1397523.1809523809,975000.0,11552.219,7673.953369140625,138.06349,4.655555555555556,-4.868254,0.0,0.56,3.06,630,321750.3333333333,55912.25,27.85182079160145,11.267656014558527,Urban
Haderslev,Southern Denmark,2015,1370401.731543624,980000.0,11269.351,7608.69580078125,140.19865,4.748993288590604,-4.0966444,0.0,0.45,2.7800002,745,328290.3333333333,55964.5,29.13125461557931,13.31201029223883,Urban
Haderslev,Southern Denmark,2016,1446173.457333333,1015000.0,11134.639,7813.729248046875,144.32933,4.809333333333333,-4.544,0.0,0.25,2.55,750,331422.3333333333,56045.25,29.764982352219352,13.382043973396497,Urban
Haderslev,Southern Denmark,2017,1477741.569416499,1050000.0,12389.091,7897.72705078125,137.7183,4.625754527162978,-3.44668,0.0,1.15,2.26,497,343295.3333333333,56006.75,27.70948516992355,8.873930374463791,Urban
Haderslev,Southern Denmark,2018,1505140.6540642723,1054955.5,11529.936,7956.864501953125,143.02364,4.741020793950851,-3.395085,0.0,0.81,2.12,1058,350153.3333333333,55921.25,30.369061314246093,18.91946263719069,Urban
Haderslev,Southern Denmark,2019,1558080.1026894865,1025000.0,12088.992,8248.7314453125,136.61858,4.592502037489813,-3.0603096,0.0,0.76,1.35,1227,362098.3333333333,55798.75,29.952731653171192,21.989739913528528,Urban
Haderslev,Southern Denmark,2020,1464505.876821192,1125000.0,12247.445,8903.44140625,133.56226,4.552317880794702,-3.7006621,0.0,0.41999996,1.1,1510,377098.3333333333,55572.25,30.789959320767174,27.17183486362348,Urban
Haderslev,Southern Denmark,2021,1719012.4815426995,1240900.0,14083.561,9954.7509765625,136.41708,4.6,-2.5008264,0.0,1.85,1.47,1815,392382.6666666667,55367.25,27.861040731578235,32.78111157769259,Urban
Haderslev,Southern Denmark,2022,1609055.343350864,1200000.0,13189.372,9482.7587890625,136.53719,4.575507137490608,-3.2111194,0.13429752,7.7000003,3.73,1331,396005.3333333333,55404.25,30.0245783751746,24.02342780562863,Urban
Haderslev,Southern Denmark,2023,1630030.9350073854,1200000.0,13799.214,9701.28955078125,134.40178,4.573116691285081,-3.7171345,2.8026586,3.3099997,4.79,1354,407556.6666666667,55440.75,29.53477398543618,24.422469032255155,Urban
Haderslev,Southern Denmark,2024,1681094.161190965,1200000.0,13207.693,9443.7802734375,137.8152,4.666324435318275,-3.771047,3.525051,1.13,4.34,974,413902.3333333333,55361.0,31.337973507813466,17.59361283213815,Urban
Halsnæs,Capital Region,2008,1757139.808,1572500.0,17765.715,15885.41650390625,109.676,4.072,-5.064,4.044,3.42,6.52,250,292179.6666666667,30882.25,16.446265555124953,8.095265079455027,Rural
Halsnæs,Capital Region,2009,1459191.3766666667,1300000.0,15503.788,12960.67431640625,103.71667,3.9566666666666666,-6.4133334,1.8846668,1.3,5.5,300,289165.6666666667,31075.25,18.651291327426993,9.653985084593044,Rural
Halsnæs,Capital Region,2010,1385515.342948718,1212500.0,14747.601,13056.40869140625,101.339745,3.9455128205128207,-4.150641,0.806891,2.31,4.53,312,311398.6666666667,31081.5,21.1152082746656,10.038125573090102,Rural
Halsnæs,Capital Region,2011,1286737.25,1150000.0,13770.473,12015.712890625,103.295456,3.9318181818181817,-5.035714,1.0121753,2.76,4.75,308,314927.3333333333,31083.5,22.869754243977916,9.908794054723568,Rural
Halsnæs,Capital Region,2012,1362531.7020057307,1125000.0,14833.037,11875.0,102.126076,4.005730659025788,-5.183381,0.42979944,2.4,3.6600003,349,322641.3333333333,30896.0,21.75153566551026,11.295960642154323,Rural
Halsnæs,Capital Region,2013,1220198.4516129033,1098000.0,12638.532,11419.0478515625,103.42432,3.9751861042183623,-4.280397,0.0,0.78999996,3.4800003,403,331447.6666666667,30756.0,26.225171298902968,13.103134347769542,Rural
Halsnæs,Capital Region,2014,1260021.8125,1061250.0,13006.966,10704.365234375,106.23884,4.082589285714286,-3.9776785,0.0,0.56,3.06,448,338261.3333333333,30696.25,26.006167259400332,14.59461660626298,Rural
Halsnæs,Capital Region,2015,1361992.4305799648,1150000.0,14071.638,11777.77734375,106.128296,4.059753954305799,-3.1546574,0.0,0.45,2.78,569,345479.0,30849.0,24.55144170138544,18.44468216149632,Rural
Halsnæs,Capital Region,2016,1372812.7509505705,1200000.0,14068.312,12268.439453125,108.56084,4.0418250950570345,-2.4315588,0.0,0.25,2.55,526,350242.3333333333,31114.25,24.895832089403,16.905437219280554,Rural
Halsnæs,Capital Region,2017,1493617.489028213,1335000.0,15061.284,13267.9736328125,108.68965,4.175548589341693,-2.3730407,0.0,1.15,2.26,319,360698.3333333333,31243.0,23.94871070310694,10.210287104311366,Rural
Halsnæs,Capital Region,2018,1580502.583094556,1368500.0,15928.8955,14259.83154296875,110.48424,4.114613180515759,-1.8108883,0.0,0.81,2.12,698,368864.6666666667,31282.75,23.156951884496113,22.31261637803582,Rural
Halsnæs,Capital Region,2019,1703984.9847133758,1470000.0,17054.855,15217.3916015625,105.8535,3.989808917197452,-2.0726116,0.0,0.76,1.35,785,376558.3333333333,31359.5,22.07924566543271,25.032286866818666,Rural
Halsnæs,Capital Region,2020,1889219.814612868,1675000.0,19643.89,17031.25,104.485275,3.921483097055616,-1.0796074,0.0,0.42,1.1,917,395043.6666666667,31478.5,20.110256505542775,29.130994170624394,Rural
Halsnæs,Capital Region,2021,2263762.737777778,1995000.0,22273.941,18843.419921875,109.03889,4.04,-0.34888887,0.0,1.85,1.47,900,409246.6666666667,31443.25,18.37333890157412,28.62299539646824,Rural
Halsnæs,Capital Region,2022,2254133.3004354136,2000000.0,22699.24,19479.166015625,105.97968,4.029027576197388,-1.7822932,0.12924528,7.7,3.73,689,409178.6666666667,31495.5,18.026095440493457,21.876141036021018,Rural
Halsnæs,Capital Region,2023,2193902.2296587927,1962500.0,22492.01,18750.0,105.761154,4.086614173228346,-2.71916,2.9063647,3.31,4.79,762,427414.6666666667,31501.0,19.002955568073585,24.189708263229736,Rural
Halsnæs,Capital Region,2024,2281765.748490946,2050000.0,23441.84,20000.0,106.014084,4.0261569416499,-2.8812878,3.5164988,1.13,4.34,497,438877.6666666667,31601.5,18.721980299612433,15.727101561634733,Rural
Hedensted,Central Jutland,2008,1631715.8273615637,1317500.0,12997.713,11140.8447265625,137.11726,4.612377850162867,-2.0130293,4.038274,3.4200003,6.52,307,297722.0,45745.0,22.905721952777384,6.711115968958357,Urban
Hedensted,Central Jutland,2009,1668190.501901141,1415000.0,13069.191,10852.712890625,137.327,4.593155893536122,-3.4030418,1.7836502,1.3,5.5,263,306252.3333333333,45976.0,23.43315154957436,5.720375848268661,Urban
Hedensted,Central Jutland,2010,1639300.2402402402,1300000.0,14370.048,10000.0,134.64565,4.378378378378378,-2.957958,0.8025526,2.31,4.53,333,329208.3333333333,45977.75,22.90934124460359,7.2426336651967524,Urban
Hedensted,Central Jutland,2011,2332273.2682926827,1555000.0,21392.61,12964.5166015625,128.47386,4.146341463414634,-2.7770035,1.0078397,2.76,4.75,287,330878.3333333333,46054.0,15.466945516855274,6.231814826073739,Urban
Hedensted,Central Jutland,2012,1181897.5236220472,1000000.0,9320.714,8157.79052734375,136.1811,4.582677165354331,-4.0669293,0.38779527,2.4,3.66,254,341955.3333333333,45945.25,36.68767578678343,5.528319031891218,Urban
Hedensted,Central Jutland,2013,1277097.0,1000000.0,9609.158,8076.9228515625,146.04292,4.836909871244635,-4.502146,0.0,0.79,3.48,233,351741.0,45834.25,36.60476807645374,5.0835346929425045,Urban
Hedensted,Central Jutland,2014,1503709.1683848798,1100000.0,11978.683,9532.3740234375,136.8591,4.6048109965635735,-4.484536,0.0,0.56,3.06,291,360421.6666666667,45861.75,30.088588759437634,6.3451569118055895,Urban
Hedensted,Central Jutland,2015,1439863.9652173913,1150000.0,10683.668,9056.603515625,141.23479,4.576811594202899,-3.9507246,0.0,0.45,2.78,345,370074.6666666667,46207.75,34.63928930276256,7.466280007141659,Urban
Hedensted,Central Jutland,2016,1370138.003030303,1190000.0,10536.578,8731.25,141.88788,4.648484848484848,-4.3121214,0.0,0.25,2.55,330,371271.6666666667,46318.75,35.23645596005332,7.1245445958710025,Urban
Hedensted,Central Jutland,2017,1564041.902542373,1318828.0,12298.377,11148.06201171875,137.52966,4.487288135593221,-3.220339,0.0,1.15,2.26,236,382504.6666666667,46603.5,31.102044332082734,5.063997339255636,Urban
Hedensted,Central Jutland,2018,1502348.9298597197,1250000.0,11486.202,9651.8984375,143.42084,4.667334669338677,-3.1202404,0.0,0.81,2.1199996,499,396677.6666666667,46651.5,34.53514631439241,10.696333451228792,Urban
Hedensted,Central Jutland,2019,1659340.1884057971,1350000.0,12557.814,10277.77734375,142.31723,4.605475040257649,-2.8985507,0.0,0.76,1.35,621,406377.3333333333,46703.0,32.36051539968129,13.29679035607991,Urban
Hedensted,Central Jutland,2020,1658783.6539923954,1350000.0,13762.366,10975.609375,135.891,4.523447401774398,-2.7262356,0.0,0.42000002,1.1,789,424811.0,46719.25,30.86758483243361,16.88811357202866,Urban
Hedensted,Central Jutland,2021,1946820.2127016129,1600000.0,15518.338,12981.3779296875,137.5504,4.602822580645161,-2.0695565,0.0,1.85,1.47,992,442159.6666666667,46925.25,28.492720461860458,21.140004581755026,Urban
Hedensted,Central Jutland,2022,2034836.577746077,1650000.0,15736.266,12500.0,139.1726,4.646219686162625,-2.6690443,0.13537802,7.7,3.73,701,448243.6666666667,47366.25,28.48475404944646,14.799567202385665,Urban
Hedensted,Central Jutland,2023,2034595.8605504588,1545000.0,15353.944,12413.79296875,135.3266,4.521100917431193,-3.1761467,2.827523,3.31,4.79,545,455639.0,47641.0,29.675697657878654,11.43972628618207,Urban
Hedensted,Central Jutland,2024,1912896.9428571428,1630000.0,15452.866,13456.7900390625,131.83736,4.498901098901099,-3.5824175,3.5153847,1.13,4.34,455,465727.6666666667,47803.75,30.13859478666719,9.518081740449233,Urban
Helsingør,Capital Region,2008,2551727.682352941,2350000.0,24255.162,20268.091796875,112.23529,3.902941176470588,-3.9029412,4.0536766,3.42,6.52,340,314940.3333333333,60859.0,12.984466289416385,5.586683974432705,Urban
Helsingør,Capital Region,2009,2014323.151282051,1787500.0,17586.793,15985.9599609375,118.292305,4.305128205128205,-5.0615387,1.9607693,1.3,5.5,390,312683.0,61071.25,17.77942118270227,6.385983584747324,Urban
Helsingør,Capital Region,2010,2361875.110552764,1900000.0,20028.041,17517.30078125,123.987434,4.28391959798995,-3.7562814,0.8021357,2.31,4.53,398,344897.0,61274.25,17.220705709559912,6.495387540443171,Urban
Helsingør,Capital Region,2011,2257939.5592286503,1725000.0,18761.715,15625.0,122.03306,4.203856749311295,-5.2258954,0.9958678,2.76,4.75,363,354027.0,61360.5,18.86965024252847,5.915857921627105,Urban
Helsingør,Capital Region,2012,1995137.869017632,1651400.0,16773.363,14743.58984375,123.84887,4.226700251889169,-5.183879,0.4200252,2.4,3.66,397,364013.3333333333,61601.5,21.70186940647104,6.444648263435143,Urban
Helsingør,Capital Region,2013,1950956.0300925928,1600000.0,17658.72,14798.6484375,116.68519,4.085648148148148,-4.6041665,0.0,0.79,3.48,432,379183.6666666667,61572.25,21.47288516192944,7.016147696405443,Urban
Helsingør,Capital Region,2014,2238587.566666667,1795000.0,19456.152,16513.0537109375,121.47593,4.25,-3.6648147,0.0,0.56,3.06,540,388045.0,61593.75,19.94459130459096,8.767123287671232,Urban
Helsingør,Capital Region,2015,2299784.195862069,1950000.0,19854.693,17000.0,121.16138,4.092413793103448,-3.0068965,0.0,0.45,2.78,725,399633.3333333333,61867.25,20.12790292619147,11.718639506362413,Urban
Helsingør,Capital Region,2016,2354281.4812680115,1995000.0,20366.947,17998.5615234375,118.04179,4.061959654178675,-3.1945245,0.0,0.25,2.55,694,404019.3333333333,62319.0,19.83701009941909,11.136250581684559,Urban
Helsingør,Capital Region,2017,2522186.075242718,2285000.0,21763.979,19658.4697265625,121.81311,4.211165048543689,-2.6553397,0.0,1.15,2.26,412,414194.6666666667,62567.5,19.031201356455394,6.584888320613738,Urban
Helsingør,Capital Region,2018,2683180.536157025,2275000.0,22673.166,20195.23828125,121.40392,4.151859504132231,-2.5960743,0.0,0.81,2.12,968,424092.3333333333,62666.75,18.704592615487986,15.44678796969685,Urban
Helsingør,Capital Region,2019,2741888.9454209064,2395000.0,22990.305,21495.326171875,124.35708,4.20259019426457,-2.2488437,0.0,0.76,1.35,1081,438119.6666666667,62637.5,19.056713978638676,17.25803232887647,Urban
Helsingør,Capital Region,2020,3049938.878066378,2630000.0,25974.66,23223.2900390625,122.19625,4.1731601731601735,-2.2316017,0.0,0.42,1.1,1386,460255.6666666667,62881.0,17.719410635853045,22.041634197929422,Urban
Helsingør,Capital Region,2021,3401586.9326465926,2927500.0,28641.857,26261.36328125,121.27813,4.136291600633914,-1.415214,0.0,1.8499999,1.47,1262,486562.0,63079.5,16.987795169845306,20.006499734462068,Urban
Helsingør,Capital Region,2022,3383837.9866989115,2900000.0,30181.78,27619.046875,112.68077,3.9189842805320434,-2.7049577,0.121825874,7.7,3.73,827,477365.0,63121.0,15.816330249574413,13.101820313366392,Urban
Helsingør,Capital Region,2023,3290812.5564334085,2848750.0,29098.03,26031.498046875,115.205414,3.981941309255079,-3.527088,2.8571105,3.31,4.79,886,497936.3333333333,63585.25,17.112372670360617,13.9340491702085,Urban
Helsingør,Capital Region,2024,3233799.083815029,2850000.0,29039.674,26686.1787109375,112.92197,3.992774566473989,-3.450867,3.5194364,1.13,4.34,692,515631.0,63940.75,17.75608775773447,10.822519285432216,Urban
Herlev,Capital Region,2008,2555754.1375,2605000.0,19646.895,20295.3037109375,136.7625,4.6375,-4.8375,4.040625,3.42,6.5199995,80,302558.0,26606.5,15.399787091039068,3.00678405652754,Rural
Herlev,Capital Region,2009,2193070.682352941,2150000.0,17354.559,17338.708984375,131.11765,4.658823529411765,-6.882353,1.7223529,1.3,5.5,85,306988.0,26603.5,17.68918472661852,3.195068318078448,Rural
Herlev,Capital Region,2010,2421311.7021276597,2497500.0,18197.936,19261.740234375,137.2766,4.595744680851064,-3.393617,0.79521275,2.31,4.53,94,330349.6666666667,26636.75,18.15313927176503,3.528959050935268,Rural
Herlev,Capital Region,2011,2349786.1549295774,2400000.0,18776.537,19587.62890625,130.0845,4.436619718309859,-4.0,1.0035211,2.76,4.75,71,336797.3333333333,26580.5,17.937137893602706,2.6711310923421308,Rural
Herlev,Capital Region,2012,2396460.594059406,2430000.0,18877.992,19672.130859375,130.69307,4.445544554455446,-6.356436,0.42079207,2.4,3.66,101,343826.3333333333,26696.0,18.2130776055702,3.7833383278393766,Rural
Herlev,Capital Region,2013,2312610.072072072,2300000.0,18076.592,18787.87890625,131.97298,4.4774774774774775,-4.792793,0.0,0.79,3.48,111,353603.6666666667,27109.5,19.561412165892037,4.094505616112433,Rural
Herlev,Capital Region,2014,2443861.888157895,2412500.0,19316.555,19592.0419921875,130.60527,4.381578947368421,-4.2894735,0.0,0.56,3.06,152,358294.3333333333,27897.75,18.548562791519156,5.448468066421127,Rural
Herlev,Capital Region,2015,2835020.121546962,2850000.0,22321.848,23282.443359375,131.64088,4.54696132596685,-2.6740332,0.0,0.45,2.78,181,366347.0,28205.75,16.412037211255985,6.4171312586972515,Rural
Herlev,Capital Region,2016,2857798.364864865,2882500.0,22329.186,23982.001953125,131.34459,4.554054054054054,-2.858108,0.0,0.25,2.55,148,373297.0,28426.5,16.717895582937953,5.206409512250892,Rural
Herlev,Capital Region,2017,3052870.2978723403,3012599.5,24040.002,25713.37109375,133.39362,4.468085106382978,-2.06383,0.0,1.15,2.26,94,379320.6666666667,28482.5,15.778728581913873,3.3002720969016064,Rural
Herlev,Capital Region,2018,3032538.770491803,3100000.0,24611.166,25700.935546875,131.27322,4.4316939890710385,-2.431694,0.0,0.81,2.12,183,392364.6666666667,28595.5,15.942546836938432,6.39960832998199,Rural
Herlev,Capital Region,2019,3326861.0142180095,3210000.0,27217.838,28769.009765625,126.51659,4.3364928909952605,-2.4218009,0.0,0.76,1.35,211,401393.0,28900.25,14.747424097387897,7.300974905061375,Rural
Herlev,Capital Region,2020,3671034.086363637,3565000.0,28691.52,28898.0703125,132.51819,4.536363636363636,-2.8136363,0.0,0.42,1.1,220,427799.3333333333,28932.5,14.910305669875047,7.603905642443618,Rural
Herlev,Capital Region,2021,4196726.666666667,4172500.0,33223.883,33731.060546875,130.73643,4.503875968992248,-1.4147286,0.0,1.85,1.47,258,439882.6666666667,28866.0,13.23995351978174,8.93785075867803,Rural
Herlev,Capital Region,2022,4034038.709677419,4000000.0,34410.824,34950.0,119.535484,4.167741935483871,-3.1032257,0.10903226,7.7,3.7300003,155,438917.6666666667,28891.25,12.755221050988686,5.364946134210184,Rural
Herlev,Capital Region,2023,4044958.379888268,3850000.0,32332.34,32061.068359375,124.28492,4.329608938547486,-3.301676,2.8405027,3.31,4.79,179,463303.6666666667,29349.5,14.329419604849717,6.098911395424113,Rural
Herlev,Capital Region,2024,4137539.41509434,4000000.0,34875.117,33695.65234375,119.54717,4.176100628930818,-2.9056604,3.5418236,1.13,4.34,159,485942.6666666667,30117.0,13.93379315879189,5.27941029983066,Rural
Herning,Central Jutland,2008,1617492.3628246754,1300000.0,12539.074,10311.40185546875,139.30925,4.6314935064935066,-1.8116883,4.04444,3.4199998,6.52,1232,284710.6666666667,84597.25,22.70587657961558,14.563121141644675,Urban
Herning,Central Jutland,2009,1592404.4302325582,1262500.0,12637.5625,10364.88330078125,137.21141,4.618393234672304,-3.6765327,1.8945031,1.3,5.5,946,291192.3333333333,85298.25,23.041811530770534,11.090497167292412,Urban
Herning,Central Jutland,2010,1438514.475826972,1135000.0,11597.475,9035.087890625,140.83969,4.6547921967769295,-2.8880408,0.8083121,2.31,4.53,1179,317854.6666666667,85658.25,27.407230165761657,13.763998213832293,Urban
Herning,Central Jutland,2011,1553764.4161434977,1196000.0,12564.796,9898.734375,138.7417,4.634080717488789,-3.4950674,1.0056053,2.76,4.75,1115,331932.3333333333,86004.75,26.417646043225318,12.964400222080757,Urban
Herning,Central Jutland,2012,1538727.4511873352,1219486.0,11372.625,9367.0888671875,144.18909,4.8372911169744945,-3.7291117,0.42282322,2.4,3.6599998,1137,332227.3333333333,86431.25,29.212897931069854,13.154964205654784,Urban
Herning,Central Jutland,2013,1409396.632792485,1190000.0,11334.566,9158.416015625,139.79163,4.646456020495303,-3.7967548,0.0,0.79,3.48,1171,339262.0,86660.75,29.931626848350433,13.512460946853103,Urban
Herning,Central Jutland,2014,1439192.582572614,1200000.0,11325.484,9699.248046875,140.74771,4.706224066390042,-3.9087136,0.0,0.56,3.06,1205,347645.0,86844.25,30.69581838621643,13.875414895056378,Urban
Herning,Central Jutland,2015,1437905.1352593566,1200000.0,11270.985,9447.8525390625,142.99213,4.762967826657912,-3.3197637,0.0,0.45,2.78,1523,352884.6666666667,87134.25,31.309123973340988,17.478775567586798,Urban
Herning,Central Jutland,2016,1534860.1955495616,1247000.0,11479.567,9738.3720703125,143.10316,4.770734996628456,-3.3850303,0.0,0.25,2.55,1483,359871.6666666667,87990.25,31.348888565802763,16.854140089384902,Urban
Herning,Central Jutland,2017,1558511.284768212,1300000.0,12260.184,10141.908203125,139.2627,4.657836644591612,-2.96468,0.0,1.15,2.26,906,372733.0,88572.25,30.40190913937344,10.22893739291934,Urban
Herning,Central Jutland,2018,1587517.4334806087,1325000.0,12373.187,10416.6669921875,141.676,4.684830633284242,-2.6966126,0.0,0.81,2.12,2037,381603.6666666667,88800.5,30.841178321047494,22.939060027815156,Urban
Herning,Central Jutland,2019,1642045.1079894644,1355000.0,12643.952,10655.7373046875,139.43327,4.652765583845478,-2.5623355,0.0,0.76,1.35,2278,393442.0,89025.75,31.11701151665239,25.588102318711158,Urban
Herning,Central Jutland,2020,1787763.6637102736,1500000.0,13940.248,11570.83837890625,138.94272,4.643015521064301,-2.4774575,0.0,0.42000002,1.1,2706,414914.6666666667,89262.5,29.763793776600437,30.315081921299537,Urban
Herning,Central Jutland,2021,1913630.889423077,1595000.0,14497.607,12500.0,139.8843,4.674038461538461,-2.025,0.0,1.85,1.4699999,3120,430240.6666666667,89271.5,29.676667788461,34.949563970584116,Urban
Herning,Central Jutland,2022,1938620.0242214536,1600000.0,14839.39,12737.63427734375,136.93599,4.60856401384083,-2.5778546,0.12791955,7.7000003,3.7299998,2312,435240.0,89641.0,29.330046585472854,25.791769391238386,Urban
Herning,Central Jutland,2023,1878028.6898215148,1550000.0,14313.536,12307.6923828125,137.80174,4.612638687891944,-3.1934395,2.753642,3.31,4.79,2073,445474.3333333333,89978.0,31.122591464005353,23.038965080352977,Urban
Herning,Central Jutland,2024,1921722.355835962,1520000.0,14709.672,12622.951171875,135.8593,4.5968454258675076,-3.1917982,3.5201893,1.13,4.34,1585,455578.0,89939.75,30.971322813996125,17.6229086694148,Urban
Hillerød,Capital Region,2008,2302438.353448276,2250000.0,18433.133,18001.353515625,131.91379,4.491379310344827,-3.9310346,4.042026,3.42,6.52,232,334218.6666666667,46720.75,18.13140862525468,4.965673710289325,Urban
Hillerød,Capital Region,2009,1815545.7287449392,1645000.0,13699.923,12711.8642578125,134.88664,4.550607287449393,-5.639676,1.8016194,1.3,5.5,247,333925.6666666667,47194.5,24.374273247131875,5.23366070198858,Urban
Hillerød,Capital Region,2010,2014323.201754386,1800000.0,16019.341,14023.82763671875,137.33041,4.482456140350878,-3.505848,0.80774856,2.31,4.53,342,368956.3333333333,47640.25,23.031929548995386,7.178803637680323,Urban
Hillerød,Capital Region,2011,2040610.8828125,1750000.0,15868.363,14052.34326171875,134.83984,4.46484375,-5.21875,0.9580078,2.76,4.75,256,376178.0,48059.5,23.70616301126966,5.326730407099533,Urban
Hillerød,Capital Region,2012,1967633.246875,1650000.0,15849.55,13150.6201171875,132.79688,4.490625,-4.6875,0.425,2.4,3.6600003,320,388268.6666666667,48241.5,24.497141348913168,6.633292911704652,Urban
Hillerød,Capital Region,2013,1837454.2730263155,1625000.0,13938.663,12588.0283203125,138.04605,4.5855263157894735,-3.944079,0.0,0.79,3.4800003,304,397276.3333333333,48352.25,28.501753240847655,6.287194494568506,Urban
Hillerød,Capital Region,2014,1941653.7525,1672500.0,14629.12,13133.9287109375,135.2775,4.465,-3.2875,0.0,0.56,3.06,400,404865.6666666667,48790.75,27.675326107562633,8.198275287836323,Urban
Hillerød,Capital Region,2015,1916066.941838649,1750000.0,14967.977,14077.669921875,133.80487,4.49155722326454,-2.6941838,0.0,0.45,2.78,533,424584.6666666667,49332.75,28.3662025046315,10.80418180620379,Urban
Hillerød,Capital Region,2016,2236112.168560606,1955000.0,17467.377,15433.75146484375,133.80682,4.401515151515151,-2.5208333,0.0,0.25,2.55,528,426061.3333333333,49834.0,24.39183246192793,10.59517598426777,Urban
Hillerød,Capital Region,2017,2242969.9041533545,1930000.0,17432.06,16329.4794921875,131.9936,4.456869009584665,-2.223642,0.0,1.15,2.26,313,433152.3333333333,50265.5,24.84802905298245,6.226934975281257,Urban
Hillerød,Capital Region,2018,2347514.8129973477,2100000.0,21004.408,17476.8515625,125.395226,4.241379310344827,-2.168435,0.0,0.81,2.12,754,441888.3333333333,50748.75,21.037885634926408,14.857508805635607,Urban
Hillerød,Capital Region,2019,2276003.0516759777,2120000.0,17800.08,17258.771484375,132.69972,4.412011173184357,-2.8756983,0.0,0.76,1.35,716,455316.3333333333,51143.25,25.57945432454985,13.999892458926643,Urban
Hillerød,Capital Region,2020,2571263.0805860804,2335000.0,20127.326,18840.580078125,130.72284,4.365079365079365,-1.948718,0.0,0.42,1.1,819,474026.3333333333,51213.5,23.551381506581315,15.991877141769262,Urban
Hillerød,Capital Region,2021,2728579.367309458,2505000.0,21301.516,20731.70703125,134.06429,4.442607897153351,-1.087236,0.0,1.85,1.47,1089,493993.6666666667,52024.0,23.190540366547935,20.932646470859606,Urban
Hillerød,Capital Region,2022,2802666.9651515153,2512500.0,22398.23,21694.64453125,129.0106,4.375757575757576,-2.409091,0.10242424,7.7,3.73,660,492869.3333333333,53609.75,22.004834012925723,12.311193392992879,Urban
Hillerød,Capital Region,2023,2760024.204747774,2500000.0,21818.54,20975.298828125,126.111275,4.363501483679525,-3.3605342,2.8128338,3.31,4.79,674,512780.3333333333,54200.5,23.50204611918732,12.435309637364968,Urban
Hillerød,Capital Region,2024,2878610.123076923,2575000.0,23039.383,22285.01171875,126.47115,4.263461538461539,-2.85,3.520673,1.13,4.34,520,537738.6666666666,54591.5,23.339976885087008,9.525292398999845,Urban
Hjørring,North Jutland,2008,1396980.434298441,1095000.0,12945.138,9346.154296875,126.51225,4.363028953229398,-1.9977728,4.053452,3.42,6.52,449,266425.6666666667,67159.25,20.581137618360398,6.68560175999583,Urban
Hjørring,North Jutland,2009,1286582.5405405406,1095000.0,11239.107,8846.154296875,133.39383,4.555984555984556,-4.5637064,1.7220078,1.3,5.5,259,273484.6666666667,67012.25,24.333309280414067,3.864964987744778,Urban
Hjørring,North Jutland,2010,1670891.9035639414,1200000.0,16491.791,9451.2197265625,131.20335,4.20125786163522,-2.9496856,0.7929769,2.31,4.53,477,296289.6666666667,66682.5,17.965887796338595,7.153301090990889,Urban
Hjørring,North Jutland,2011,1330227.12987013,999877.0,11621.298,8437.5,132.64676,4.405194805194805,-3.5636363,0.9896104,2.76,4.75,385,307776.6666666667,66417.0,26.483846009857647,5.79670867398407,Urban
Hjørring,North Jutland,2012,1315652.49002849,1057000.0,10325.531,8474.576171875,140.46153,4.5754985754985755,-4.7521367,0.4522792,2.4,3.66,351,316502.0,66033.0,30.65237032361822,5.315524056153742,Urban
Hjørring,North Jutland,2013,1363539.443708609,1150000.0,14656.927,9600.0,120.63135,4.112582781456954,-3.6490066,0.0,0.78999996,3.4800003,453,325100.0,65609.0,22.18063854722071,6.90454053559725,Urban
Hjørring,North Jutland,2014,1282403.9923664122,1095000.0,10461.926,8800.0,135.82697,4.585241730279898,-5.3587785,0.0,0.56,3.06,393,328967.0,65441.5,31.44421017697889,6.005363568989097,Urban
Hjørring,North Jutland,2015,1446680.003929273,1150000.0,13029.443,9408.6025390625,129.2338,4.25343811394892,-3.373281,0.0,0.45,2.78,509,334069.3333333333,65362.0,25.639571341102865,7.787399406382914,Urban
Hjørring,North Jutland,2016,1433377.021089631,1195000.0,13255.25,9772.7275390625,128.03867,4.3110720562390155,-4.5676627,0.0,0.25,2.55,569,337851.3333333333,65347.25,25.48811477213431,8.707328923558373,Urban
Hjørring,North Jutland,2017,1506688.756329114,1212500.0,14627.778,10312.15283203125,124.177216,4.1265822784810124,-3.6170886,0.0,1.15,2.26,316,354031.3333333333,65340.5,24.20267338848958,4.836204191887114,Urban
Hjørring,North Jutland,2018,1451186.0665634675,1150000.0,12339.658,10034.2001953125,132.24612,4.421052631578948,-3.6099072,0.0,0.81,2.12,646,359429.6666666667,65099.75,29.128008788141997,9.923233192139756,Urban
Hjørring,North Jutland,2019,1509583.5974212035,1200000.0,12972.671,10296.43603515625,131.72063,4.425501432664756,-3.547278,0.0,0.76,1.35,698,368405.0,64650.5,28.398546451998975,10.796513561380035,Urban
Hjørring,North Jutland,2020,1625334.6987179487,1325000.0,15534.311,12124.96240234375,120.60577,4.166666666666667,-3.4903846,0.0,0.42,1.1,936,384748.0,64393.25,24.767625677122084,14.535685029098547,Urban
Hjørring,North Jutland,2021,1747595.2767419035,1435000.0,15978.65,12893.2587890625,124.728165,4.304219823356232,-2.834151,0.0,1.85,1.47,1019,399644.3333333333,64033.0,25.011145080049523,15.913669514156764,Urban
Hjørring,North Jutland,2022,1823512.3225,1408500.0,16228.593,12409.017578125,124.6125,4.2525,-3.4925,0.1291875,7.7,3.73,800,401149.3333333333,63915.75,24.718676063496897,12.516476768245699,Urban
Hjørring,North Jutland,2023,1705889.148849797,1375000.0,14718.41,12128.3779296875,128.79703,4.407307171853857,-3.8673882,2.8197565,3.3099997,4.79,739,413844.3333333333,63920.0,28.117461963169482,11.561326658322903,Urban
Hjørring,North Jutland,2024,1704716.298791019,1400000.0,15034.069,11842.10546875,128.27634,4.333333333333333,-4.041451,3.521416,1.13,4.34,579,421572.6666666667,63538.75,28.041155502656448,9.112549428498358,Urban
Holbæk,Zealand Region,2008,1920634.7447552448,1650000.0,16036.808,13842.5927734375,129.54546,4.365384615384615,-3.006993,4.0428324,3.42,6.52,572,290631.0,69229.0,18.122746122545085,8.262433373297318,Urban
Holbæk,Zealand Region,2009,1678786.6696035245,1400000.0,13360.536,11383.57275390625,134.07489,4.473568281938326,-6.2753305,1.8207048,1.2999998,5.5,454,299109.0,69512.5,22.387500022454187,6.531199424563927,Urban
Holbæk,Zealand Region,2010,1606851.012658228,1300000.0,12996.215,10845.587890625,134.5226,4.38878842676311,-5.307414,0.81057864,2.31,4.53,553,323363.6666666667,69557.75,24.881372512432787,7.9502284073305995,Urban
Holbæk,Zealand Region,2011,1509036.3479212257,1270000.0,12206.931,10074.626953125,130.8731,4.341356673960613,-5.16849,0.987965,2.76,4.75,457,325319.0,69502.25,26.650351345477418,6.5753266980565375,Urban
Holbæk,Zealand Region,2012,1386851.537313433,1050000.0,11410.619,9013.158203125,134.55437,4.535181236673774,-5.390192,0.42697227,2.4,3.66,469,335591.6666666667,69368.75,29.410469902348563,6.760969456707811,Urban
Holbæk,Zealand Region,2013,1425668.167266187,1153250.0,11449.076,9425.05712890625,129.28418,4.347122302158273,-5.282374,0.0,0.79,3.48,556,344280.3333333333,69208.0,30.070578039077855,8.033753323315223,Urban
Holbæk,Zealand Region,2014,1582059.0299003322,1152500.0,12453.897,9358.5791015625,137.54651,4.441860465116279,-5.1594687,0.0,0.56,3.06,602,351421.6666666667,68982.5,28.217807379221675,8.726851012938065,Urban
Holbæk,Zealand Region,2015,1658158.443653618,1385000.0,13337.076,10431.654296875,137.01305,4.529062870699882,-4.156584,0.0,0.44999996,2.78,843,360842.3333333333,69440.75,27.055580498554058,12.139845839798676,Urban
Holbæk,Zealand Region,2016,1632079.7255813954,1375000.0,12751.982,10495.53564453125,135.83023,4.463953488372093,-4.105814,0.0,0.25,2.55,860,363646.6666666667,70332.5,28.51687421348828,12.227633028827356,Urban
Holbæk,Zealand Region,2017,1811697.6752293576,1500000.0,14098.901,11296.2958984375,138.22935,4.614678899082569,-3.678899,0.0,1.15,2.26,545,374179.0,70971.5,26.539586312436693,7.679138809240329,Urban
Holbæk,Zealand Region,2018,1743984.691582003,1450000.0,14922.525,12170.2900390625,128.63063,4.33599419448476,-2.9158201,0.0,0.81000006,2.12,1378,381779.6666666667,71111.0,25.58411975631917,19.378155278367622,Urban
Holbæk,Zealand Region,2019,1871092.286229272,1600000.0,14750.342,12301.5869140625,134.08363,4.4852198990627254,-3.0072098,0.0,0.76,1.35,1387,393507.0,71346.25,26.67782211422623,19.44040506683953,Urban
Holbæk,Zealand Region,2020,2028369.1386018237,1695000.0,15995.488,14070.9462890625,131.18054,4.432218844984803,-2.449848,0.0,0.42,1.1,1645,411311.6666666667,71649.0,25.714230579690142,22.959148069058887,Urban
Holbæk,Zealand Region,2021,2272727.667826952,2000000.0,18114.818,15823.1708984375,134.43462,4.480358030830432,-1.5305818,0.0,1.85,1.47,2011,432605.6666666667,72275.0,23.88131454959507,27.82428225527499,Urban
Holbæk,Zealand Region,2022,2221166.02750191,1935000.0,17885.469,15714.2861328125,129.77388,4.365928189457601,-2.9266615,0.11073338,7.7,3.7299998,1309,434921.6666666667,73101.0,24.317040088055094,17.906731782054965,Urban
Holbæk,Zealand Region,2023,2289626.1055350555,1995000.0,18653.918,16250.0,129.71587,4.370479704797048,-3.5512915,2.8350184,3.31,4.79,1355,449978.6666666667,73701.5,24.122474788763768,18.384971811971262,Urban
Holbæk,Zealand Region,2024,2362772.5878962534,1900000.0,18334.234,16153.845703125,131.26993,4.41402497598463,-3.461095,3.520269,1.13,4.34,1041,461350.0,74221.5,25.16330924978922,14.025585578302783,Urban
Holstebro,Central Jutland,2008,1612790.603938731,1225000.0,14399.773,9201.6806640625,131.93216,4.330415754923414,-1.6345733,4.0497813,3.42,6.52,457,283184.6666666667,57119.5,19.665911863101364,8.000770314866202,Urban
Holstebro,Central Jutland,2009,1484653.1495327102,1121250.0,13999.322,9243.697265625,128.4486,4.29595015576324,-3.9470406,1.7803738,1.3,5.5,321,288652.6666666667,57208.0,20.61904616999785,5.611103342189903,Urban
Holstebro,Central Jutland,2010,1252227.7720588236,1017500.0,11157.321,8781.24658203125,130.18628,4.2254901960784315,-3.259804,0.80514705,2.31,4.53,408,315140.6666666667,57141.0,28.245191356120944,7.14023205754187,Urban
Holstebro,Central Jutland,2011,1254797.1346153845,969162.0,11165.988,8049.30029296875,131.57692,4.413461538461538,-4.5160255,0.9775641,2.76,4.75,312,324355.3333333333,57182.0,29.048511724473762,5.456262460214752,Urban
Holstebro,Central Jutland,2012,1324230.067961165,925000.0,11856.12,7162.92138671875,136.37216,4.53074433656958,-4.307443,0.40938511,2.4,3.6600003,309,334960.0,57218.0,28.25207572123089,5.400398476004055,Urban
Holstebro,Central Jutland,2013,1504453.8870967743,1095000.0,12628.668,8349.35888671875,136.84515,4.567741935483871,-3.4580646,0.0,0.79,3.4800003,310,346662.0,57302.5,27.45040094489775,5.409886130622573,Urban
Holstebro,Central Jutland,2014,1227527.549295775,955000.0,10497.759,7395.83349609375,135.5831,4.55774647887324,-3.971831,0.0,0.56,3.0599997,355,345951.0,57424.25,32.95474777045272,6.182057231918571,Urban
Holstebro,Central Jutland,2015,1353591.5786666668,1110000.0,12013.043,8333.3330078125,133.06667,4.458666666666667,-3.3813334,0.0,0.45,2.78,375,353472.6666666667,57577.5,29.424074039081248,6.512960791976033,Urban
Holstebro,Central Jutland,2016,1595111.3562945367,1106750.0,13960.916,8333.3330078125,138.93349,4.596199524940618,-4.2280283,0.0,0.25,2.5499997,421,353206.3333333333,57865.0,25.29965321282166,7.275555171519917,Urban
Holstebro,Central Jutland,2017,1385063.1538461538,1150000.0,12867.504,8794.1171875,128.32776,4.327759197324415,-3.715719,0.0,1.15,2.26,299,365755.6666666667,58293.5,28.42475639927267,5.129216808048924,Urban
Holstebro,Central Jutland,2018,1461821.6474820145,1100000.0,12247.385,8416.51708984375,137.01979,4.625899280575539,-3.4766188,0.0,0.81,2.12,556,371534.6666666667,58467.75,30.335836316623237,9.50951592972194,Urban
Holstebro,Central Jutland,2019,1452695.7182608696,1051174.0,12055.057,8628.318359375,134.72174,4.507826086956522,-3.7426088,0.0,0.76,1.35,575,383871.6666666667,58534.5,31.843206271581018,9.823266620540023,Urban
Holstebro,Central Jutland,2020,1460460.5408163266,1177500.0,12850.602,9467.72021484375,130.98543,4.348396501457726,-2.8454812,0.0,0.42,1.1,686,401562.0,58638.75,31.248497152117853,11.698748694336084,Urban
Holstebro,Central Jutland,2021,1516474.5906735752,1206875.0,12920.333,9297.01416015625,134.8627,4.401554404145077,-2.4365284,0.0,1.8500001,1.4699999,772,427166.3333333333,58619.75,33.06155757234224,13.169622866013588,Urban
Holstebro,Central Jutland,2022,1669555.9042207792,1299000.0,13536.203,9442.0498046875,136.42532,4.487012987012987,-2.8961039,0.14667207,7.6999993,3.7299998,616,426231.3333333333,58776.0,31.488249203512485,10.480468218320404,Urban
Holstebro,Central Jutland,2023,1606347.0702402955,1205000.0,11962.733,9210.5263671875,138.5767,4.589648798521257,-3.7874308,2.808133,3.31,4.79,541,436944.3333333333,59005.0,36.525460639582384,9.168714515719007,Urban
Holstebro,Central Jutland,2024,1380110.0784313723,1200000.0,11791.77,9473.06005859375,133.24754,4.482843137254902,-3.112745,3.5136027,1.13,4.34,408,448652.0,59053.25,38.047892725180354,6.909018555286966,Urban
Horsens,Central Jutland,2008,1834551.458432304,1550000.0,14252.487,12500.0,139.7494,4.504750593824228,-2.7054632,4.0445366,3.42,6.52,842,276558.0,80453.0,19.40419240515708,10.465737759934372,Urban
Horsens,Central Jutland,2009,1763731.3922114046,1520000.0,14977.944,11833.3330078125,138.04729,4.535465924895688,-4.396384,1.854242,1.3,5.5,719,289294.3333333333,81553.5,19.314689207900184,8.816298503436395,Urban
Horsens,Central Jutland,2010,1723650.7244258872,1436250.0,13443.4795,11548.14453125,140.54802,4.536534446764092,-3.421712,0.8102818,2.31,4.53,958,311311.6666666667,82215.5,23.157075269588255,11.65230400593562,Urban
Horsens,Central Jutland,2011,1955792.975609756,1650000.0,17623.166,13214.2861328125,131.46765,4.288441145281018,-3.5694592,0.978526,2.76,4.75,943,318452.3333333333,83039.25,18.070097809515797,11.356075590759792,Urban
Horsens,Central Jutland,2012,1715840.4389965793,1450000.0,13616.631,11212.455078125,143.6488,4.604332953249715,-3.9201825,0.45153934,2.4,3.66,877,326934.6666666667,83974.75,24.00995273108794,10.44361549156145,Urban
Horsens,Central Jutland,2013,1735180.761581921,1410000.0,14230.127,11052.6318359375,139.6226,4.537853107344633,-4.5898304,0.0,0.79,3.48,885,336028.0,85118.75,23.613844064778903,10.397239151185843,Urban
Horsens,Central Jutland,2014,1791528.4450811844,1445000.0,14283.882,11450.3818359375,138.55588,4.506208213944603,-4.2664757,0.0,0.56,3.06,1047,343745.3333333333,86008.25,24.065259943573697,12.173250821868832,Urban
Horsens,Central Jutland,2015,1941440.0068965517,1600000.0,14306.148,12121.2119140625,144.66437,4.612260536398467,-3.02682,0.0,0.45,2.78,1305,349007.3333333333,86802.0,24.395618816003676,15.03421580147923,Urban
Horsens,Central Jutland,2016,1903056.718959108,1575000.0,14990.173,12461.5380859375,140.63495,4.529368029739777,-2.9122677,0.0,0.25,2.55,1345,355822.6666666667,88213.75,23.73706205169658,15.247056156211475,Urban
Horsens,Central Jutland,2017,1973818.1496149616,1665000.0,15907.524,12962.962890625,139.73598,4.557755775577558,-2.7172718,0.0,1.15,2.26,909,367608.3333333333,89255.0,23.10908557066036,10.184303400369727,Urban
Horsens,Central Jutland,2018,2165351.830776383,1795000.0,17020.234,13698.6298828125,139.27754,4.512319851231985,-2.088796,0.0,0.81,2.12,2151,378652.3333333333,89878.0,22.24718727917215,23.932441754378157,Urban
Horsens,Central Jutland,2019,2235806.6681053084,1810000.0,17048.898,13932.583984375,141.60466,4.57358653431161,-2.2145016,0.0,0.76,1.35,2317,390988.6666666667,90818.75,22.933368870332068,25.512352900695067,Urban
Horsens,Central Jutland,2020,2289938.977859779,1950000.0,17881.764,14844.8203125,139.76753,4.480442804428044,-2.2335794,0.0,0.42,1.1,2710,407879.0,91335.25,22.80977424822294,29.670910190753297,Urban
Horsens,Central Jutland,2021,2428737.1773095625,2070000.0,18682.775,15901.6396484375,139.63469,4.505348460291734,-1.4901135,0.0,1.85,1.47,3085,423264.6666666667,92945.25,22.655342510235585,33.19158321700141,Urban
Horsens,Central Jutland,2022,2391302.3148914166,2054000.0,18307.078,16231.25,136.57343,4.467425025853154,-2.4576008,0.11124612,7.7,3.73,1934,424147.3333333333,95314.25,23.168488894477495,20.290774989049382,Urban
Horsens,Central Jutland,2023,2485175.80561674,2100000.0,18429.291,16275.68603515625,138.22192,4.540748898678414,-3.1888766,2.772522,3.31,4.79,1816,433769.3333333333,96771.25,23.536951765172805,18.76590412958394,Urban
Horsens,Central Jutland,2024,2516692.326968974,2125000.0,18818.64,16583.333984375,138.08273,4.533810660302307,-3.4033413,3.531384,1.13,4.34,1257,447478.0,97482.5,23.778445201140997,12.894622111661068,Urban
Hvidovre,Capital Region,2008,2543413.7933333335,2600000.0,20620.158,20996.404296875,126.28,4.346666666666667,-5.5666666,4.035,3.42,6.52,150,293764.3333333333,49313.75,14.246463743552951,3.0417479911789305,Urban
Hvidovre,Capital Region,2009,2165611.6744186045,2200000.0,17568.883,17404.33203125,128.57558,4.366279069767442,-7.773256,1.702907,1.3,5.5,172,295185.6666666667,49440.75,16.801618330924434,3.478911626542882,Urban
Hvidovre,Capital Region,2010,2230193.6650717705,2335000.0,18338.04,18480.392578125,126.42105,4.330143540669856,-4.7942586,0.81100476,2.31,4.53,209,319074.0,49858.5,17.39956941963263,4.191862972211358,Urban
Hvidovre,Capital Region,2011,2052103.5857142855,2100000.0,16949.74,17266.5,124.11905,4.319047619047619,-4.919048,1.0178572,2.76,4.75,210,325074.3333333333,50271.25,19.178720932199155,4.17733794166646,Urban
Hvidovre,Capital Region,2012,2054327.885844749,2025000.0,17714.791,16843.75,122.84475,4.242009132420091,-5.447489,0.41666666,2.4,3.66,219,331906.3333333333,50925.25,18.736113416936913,4.30042071467494,Urban
Hvidovre,Capital Region,2013,2249886.214285714,2250000.0,17603.467,17509.1240234375,132.40602,4.492481203007519,-4.43985,0.0,0.79,3.48,266,338570.6666666667,51561.25,19.233180978875733,5.158912943344081,Urban
Hvidovre,Capital Region,2014,2353634.124661247,2400000.0,19440.617,19666.666015625,123.48509,4.289972899728998,-2.9430895,0.0,0.56,3.06,369,347810.6666666667,52045.0,17.89092736442813,7.090018253434527,Urban
Hvidovre,Capital Region,2015,2554346.540942928,2600000.0,22305.383,21959.458984375,116.63275,4.054590570719603,-2.096774,0.0,0.45,2.78,403,353967.0,52567.0,15.869128990073829,7.666406680997585,Urban
Hvidovre,Capital Region,2016,2662496.486263736,2750000.0,22613.059,22607.470703125,121.09066,4.134615384615385,-1.8983517,0.0,0.25,2.55,364,360605.3333333333,52946.0,15.946773646738077,6.874929173119782,Urban
Hvidovre,Capital Region,2017,2903689.160194175,2990000.0,25022.723,25511.46484375,119.94175,4.106796116504855,-1.9223301,0.0,1.15,2.26,206,368266.3333333333,53096.75,14.71727650637116,3.879710151751284,Urban
Hvidovre,Capital Region,2018,2877011.160751566,2925000.0,26046.502,25769.23046875,114.02923,3.9248434237995826,-1.7056367,0.0,0.81,2.12,479,379556.0,53416.25,14.57224467224044,8.967308637352865,Urban
Hvidovre,Capital Region,2019,3195367.546413502,3247500.0,27744.79,27310.7138671875,118.63291,4.1265822784810124,-2.2869198,0.0,0.76,1.35,474,390635.0,53491.5,14.079580346436213,8.861220941644934,Urban
Hvidovre,Capital Region,2020,3519374.2606837605,3535000.0,31059.902,30101.7353515625,117.333336,4.047008547008547,-1.982906,0.0,0.42,1.1,468,407630.6666666667,53467.25,13.124016510633766,8.753021709551174,Urban
Hvidovre,Capital Region,2021,3876600.1340206186,3900000.0,35071.887,34168.765625,113.02749,3.927835051546392,-1.0326461,0.0,1.8500001,1.47,582,426758.0,53326.0,12.168093493230062,10.914000675092826,Urban
Hvidovre,Capital Region,2022,3739957.084210526,3665000.0,35542.047,34193.11328125,107.163155,3.726315789473684,-2.7368422,0.123157896,7.7,3.73,380,431541.6666666667,53322.0,12.141722356809295,7.126514384306665,Urban
Hvidovre,Capital Region,2023,3896575.91321499,3750000.0,35014.39,33557.046875,110.81657,3.8500986193293887,-3.4122288,2.8006902,3.31,4.79,507,452093.6666666667,53597.5,12.911653370704636,9.459396427072159,Urban
Hvidovre,Capital Region,2024,4189753.747058824,4197500.0,37234.54,36237.251953125,112.16765,3.8323529411764703,-2.817647,3.5264707,1.13,4.34,340,474445.6666666667,53776.75,12.742084813365942,6.322434881245148,Urban
Høje-Taastrup,Capital Region,2008,2551646.4836956523,2400000.0,21220.05,20976.375,124.25,4.241847826086956,-3.6576087,4.040761,3.42,6.5200005,368,303906.6666666667,47250.0,14.321675333784166,7.788359788359788,Urban
Høje-Taastrup,Capital Region,2009,2287476.154761905,2100000.0,17966.959,17137.8623046875,132.88393,4.443452380952381,-4.196429,1.7434523,1.3,5.5,336,306745.3333333333,47521.5,17.07274633026843,7.070483886240965,Urban
Høje-Taastrup,Capital Region,2010,2254765.483870968,2045000.0,17882.287,16904.76171875,133.72296,4.466793168880455,-3.2979126,0.7983871,2.31,4.53,527,326310.3333333333,47625.25,18.24768461289841,11.065558710977896,Urban
Høje-Taastrup,Capital Region,2011,2248945.396514161,2000000.0,18706.555,17500.0,127.152504,4.235294117647059,-3.6884532,1.0108932,2.76,4.75,459,331940.6666666667,47897.0,17.744617684371423,9.583063657431572,Urban
Høje-Taastrup,Capital Region,2012,2249943.466,2050500.0,17352.945,16235.8818359375,135.038,4.452,-3.832,0.4265,2.4,3.66,500,336539.6666666667,48205.5,19.39380702622331,10.372260426714794,Urban
Høje-Taastrup,Capital Region,2013,2302882.2844036696,2170000.0,18262.521,17272.7265625,136.32294,4.4568807339449545,-3.3669724,0.0,0.79,3.48,545,342800.3333333333,48606.0,18.770701664536528,11.21260749701683,Urban
Høje-Taastrup,Capital Region,2014,2468567.228748068,2300000.0,19024.686,18029.197265625,135.61824,4.460587326120557,-2.8840804,0.0,0.56,3.06,647,349617.3333333333,48948.25,18.37703567529752,13.21804150301594,Urban
Høje-Taastrup,Capital Region,2015,2710038.164194915,2495000.0,21342.89,20244.208984375,130.64088,4.33792372881356,-2.0603814,0.0,0.45,2.78,944,354607.6666666667,49518.5,16.614791467634735,19.063582297525166,Urban
Høje-Taastrup,Capital Region,2016,2780409.4334170856,2550000.0,22933.734,22607.142578125,126.96985,4.25,-1.6231155,0.0,0.25,2.55,796,359740.6666666667,50121.25,15.686092228446823,15.8814873930718,Urban
Høje-Taastrup,Capital Region,2017,2771420.995475113,2685000.0,22624.238,22142.857421875,127.33258,4.33710407239819,-1.6108598,0.0,1.15,2.26,442,368748.6666666667,50373.25,16.298832547052708,8.774498369670411,Urban
Høje-Taastrup,Capital Region,2018,2937342.730450782,2700000.0,24580.396,23679.24609375,126.21711,4.220791168353266,-1.6623735,0.0,0.81,2.12,1087,374852.6666666667,50657.25,15.250066218081543,21.45793543865883,Urban
Høje-Taastrup,Capital Region,2019,2846700.6157407407,2697500.0,24027.584,23710.2890625,118.49769,3.885030864197531,-1.5347222,0.0,0.76,1.35,1296,385207.3333333333,50826.0,16.031879581956026,25.498760476921262,Urban
Høje-Taastrup,Capital Region,2020,3268722.108955224,3000000.0,26650.146,26066.0166015625,123.31791,4.114179104477612,-1.6865672,0.0,0.42,1.1,1340,398791.6666666667,50937.25,14.963958046108516,26.30687757976726,Urban
Høje-Taastrup,Capital Region,2021,3486428.6968553457,3195000.0,29663.414,29598.927734375,118.88994,4.032704402515724,-0.7842767,0.0,1.85,1.47,1590,415065.6666666667,52286.75,13.992511673358525,30.40923369687349,Urban
Høje-Taastrup,Capital Region,2022,3725575.8013371537,3495000.0,31266.686,30630.630859375,118.821396,4.042024832855779,-1.8844317,0.12602673,7.7,3.73,1047,412895.0,53857.75,13.205588849422673,19.440099150075895,Urban
Høje-Taastrup,Capital Region,2023,3507056.0366328917,3250000.0,29791.504,28969.46484375,118.41699,3.963367108339829,-2.5759938,2.7911923,3.31,4.79,1283,429114.3333333333,56133.0,14.403916409635892,22.85643026383767,Urban
Høje-Taastrup,Capital Region,2024,3587390.596944771,3310000.0,30808.975,29605.263671875,116.7403,3.925969447708578,-2.2303174,3.520975,1.13,4.34,851,444733.0,58237.75,14.43517676261544,14.612515078278266,Urban
Hørsholm,Capital Region,2008,5409327.868852459,4900000.0,31193.719,31065.087890625,174.93443,5.655737704918033,-4.491803,4.045082,3.42,6.52,61,430324.3333333333,24236.0,13.795223754286345,2.516916983000495,Rural
Hørsholm,Capital Region,2009,4505828.651515151,4300000.0,26672.957,26014.43359375,177.21213,5.4393939393939394,-6.090909,1.7651515,1.3,5.5,66,415990.0,24321.25,15.59594611126168,2.7136763118671943,Rural
Hørsholm,Capital Region,2010,5889420.416666667,4425000.0,29338.336,27715.7041015625,192.40625,5.635416666666667,-4.2708335,0.8125,2.31,4.53,96,504336.3333333333,24414.25,17.190352354453005,3.932129801243126,Rural
Hørsholm,Capital Region,2011,5489320.3,4375000.0,29001.19,27902.541015625,187.16667,5.566666666666666,-5.5333333,0.9916667,2.76,4.75,90,523674.0,24401.5,18.056983178966107,3.688297850541975,Rural
Hørsholm,Capital Region,2012,4688800.6,3900000.0,25550.81,24778.76171875,182.75789,5.347368421052631,-4.968421,0.48947367,2.4,3.66,95,540550.6666666666,24395.75,21.15591116941759,3.894120902206327,Rural
Hørsholm,Capital Region,2013,5499262.03539823,4550000.0,28639.344,27272.7265625,195.15929,5.6902654867256635,-4.1504426,0.0,0.79,3.48,113,562936.6666666666,24596.75,19.656060092251646,4.594102879445455,Rural
Hørsholm,Capital Region,2014,5851577.296774194,5250000.0,32519.61,32386.36328125,182.91612,5.509677419354839,-3.5419354,0.0,0.56,3.06,155,573633.3333333334,24788.5,17.639612939187565,6.252899530024003,Rural
Hørsholm,Capital Region,2015,5819128.323353293,5100000.0,31941.512,30538.921875,179.99402,5.401197604790419,-2.8203592,0.0,0.45000002,2.78,167,598423.0,24923.5,18.734961576020574,6.700503540834955,Rural
Hørsholm,Capital Region,2016,5608765.650887574,5000000.0,31620.85,31546.052734375,180.3077,5.449704142011834,-3.6153846,0.0,0.25,2.55,169,604229.3333333334,24968.75,19.10857340436242,6.76846057571965,Rural
Hørsholm,Capital Region,2017,6198243.5566037735,5850000.0,34004.395,34519.091796875,186.25471,5.632075471698113,-2.7547169,0.0,1.15,2.26,106,637699.3333333334,25044.0,18.753438587374763,4.232550710749082,Rural
Hørsholm,Capital Region,2018,6259215.8125,5615650.0,34067.8,34261.904296875,182.65384,5.4951923076923075,-2.8269231,0.0,0.81,2.12,208,628994.3333333334,25051.25,18.46301590749427,8.302978893268799,Rural
Hørsholm,Capital Region,2019,6563819.31092437,5862500.0,36102.82,35670.529296875,184.7731,5.5,-3.142857,0.0,0.76000005,1.35,238,657310.6666666666,24992.75,18.206629472896207,9.52276160086425,Rural
Hørsholm,Capital Region,2020,7601381.945619335,6400000.0,39872.594,39250.0,191.30815,5.676737160120846,-2.181269,0.0,0.41999996,1.1,331,708107.6666666666,24856.25,17.7592575659027,13.316570279104853,Rural
Hørsholm,Capital Region,2021,8690401.251533743,7795000.0,46785.234,46552.62890625,185.96626,5.656441717791411,-1.797546,0.0,1.8500001,1.47,326,725319.6666666666,24819.0,15.503174926231354,13.135098110318706,Rural
Hørsholm,Capital Region,2022,8515569.537878787,7713000.0,48661.184,48883.328125,173.21213,5.196969696969697,-4.318182,0.14280301,7.7,3.73,132,713231.6666666666,24776.0,14.65709643782335,5.327736519212141,Rural
Hørsholm,Capital Region,2023,7926579.587628866,7100000.0,47391.305,46224.541015625,166.1701,5.216494845360825,-4.9329896,2.8662372,3.3100002,4.79,194,738002.0,24746.25,15.572519051754325,7.839571652270546,Rural
Hørsholm,Capital Region,2024,8246403.598484849,7825000.0,49629.203,48168.822265625,165.69698,5.325757575757576,-4.3939395,3.5280302,1.13,4.34,132,760604.0,24916.0,15.32573472920772,5.297800610049767,Rural
Ikast-Brande,Central Jutland,2008,1624529.5147928994,1400000.0,13754.522,10395.8330078125,139.85207,4.769230769230769,-1.5088757,4.029586,3.4200003,6.52,169,281988.3333333333,40031.5,20.50150004001108,4.2216754305984034,Rural
Ikast-Brande,Central Jutland,2009,1413581.7281553398,1150000.0,11280.529,9444.4443359375,141.19417,4.864077669902913,-3.252427,1.8650486,1.3,5.5,103,284030.3333333333,40259.5,25.178813274921175,2.5584023646592726,Rural
Ikast-Brande,Central Jutland,2010,1498149.9075144508,1350000.0,13354.358,10096.7744140625,145.68208,4.682080924855492,-3.352601,0.8135838,2.31,4.53,173,309705.0,40390.75,23.19130578946588,4.283158891577899,Rural
Ikast-Brande,Central Jutland,2011,1441921.5483870967,1250000.0,12163.724,10302.66552734375,142.45967,4.669354838709677,-2.6290324,0.9858871,2.76,4.75,124,320685.3333333333,40604.75,26.364075124800046,3.053829909062363,Rural
Ikast-Brande,Central Jutland,2012,1265133.9115646258,1095000.0,9058.544,8709.677734375,144.38776,4.714285714285714,-3.4557824,0.44387755,2.4,3.66,147,326760.3333333333,40601.5,36.07205896812262,3.6205558907922124,Rural
Ikast-Brande,Central Jutland,2013,1235269.5563909777,1095000.0,8742.474,8916.083984375,147.99248,4.879699248120301,-5.037594,0.0,0.79,3.48,133,338598.3333333333,40498.5,38.73026483502648,3.284072249589491,Rural
Ikast-Brande,Central Jutland,2014,1335778.49704142,1100000.0,11492.514,9965.03515625,129.46153,4.384615384615385,-3.3254437,0.0,0.56,3.0600002,169,339729.6666666667,40650.25,29.560953040097814,4.157416006051624,Rural
Ikast-Brande,Central Jutland,2015,1580102.982352941,1300000.0,11272.435,9573.22412109375,146.31177,4.752941176470588,-3.2117648,0.0,0.45,2.78,170,349281.6666666667,40751.5,30.98546735170056,4.171625584334318,Rural
Ikast-Brande,Central Jutland,2016,1504941.8514285714,1325000.0,11126.14,9465.0205078125,149.71428,4.9314285714285715,-3.44,0.0,0.25,2.55,175,356099.3333333333,40946.75,32.005649158947605,4.27384346743026,Rural
Ikast-Brande,Central Jutland,2017,1436696.6989247312,1275000.0,10374.519,9191.1767578125,144.30107,4.838709677419355,-4.16129,0.0,1.15,2.26,93,366199.6666666667,41203.25,35.29798987949867,2.2571035051846637,Rural
Ikast-Brande,Central Jutland,2018,2001517.1647727273,1550000.0,17872.875,11432.7587890625,134.875,4.548295454545454,-1.9971591,0.0,0.81,2.12,352,371193.0,41341.0,20.76851094186022,8.514549720616337,Rural
Ikast-Brande,Central Jutland,2019,1774728.159375,1563750.0,12947.406,11295.60791015625,141.675,4.734375,-2.8125,0.0,0.76,1.35,320,393208.0,41472.0,30.36963543122074,7.716049382716049,Rural
Ikast-Brande,Central Jutland,2020,1887174.913888889,1550000.0,14902.621,11791.78857421875,138.59723,4.65,-2.4083333,0.0,0.42,1.1,360,424574.0,41381.25,28.48988778551102,8.699592206615314,Rural
Ikast-Brande,Central Jutland,2021,1952766.8287037036,1625000.0,14241.043,11852.32421875,146.80788,4.833333333333333,-2.7060184,0.0,1.85,1.4700001,432,414560.6666666667,41687.5,29.1102742029967,10.362818590704649,Rural
Ikast-Brande,Central Jutland,2022,1942103.3172205435,1625000.0,15213.439,12111.80078125,138.26585,4.664652567975831,-2.6223564,0.12960725,7.7,3.73,331,421180.6666666667,42248.25,27.684777036057834,7.834644038510471,Rural
Ikast-Brande,Central Jutland,2023,2278390.1530944626,1600000.0,18770.465,11700.6806640625,138.94136,4.710097719869707,-2.9250815,2.7042344,3.31,4.79,307,426259.3333333333,42648.75,22.70904494552124,7.1983352384302,Rural
Ikast-Brande,Central Jutland,2024,2001080.9095477387,1645000.0,14782.938,11940.298828125,142.68341,4.738693467336684,-3.7336683,3.5221105,1.13,4.34,199,443206.6666666667,42864.5,29.98095958101608,4.642536364590746,Rural
Ishøj,Capital Region,2008,1917734.035087719,1995000.0,16355.407,16517.857421875,118.63158,3.8421052631578942,-4.736842,4.0438595,3.42,6.5199995,57,284138.3333333333,20695.75,17.37274610979313,2.754188661923342,Rural
Ishøj,Capital Region,2009,1673947.6285714286,1600000.0,14631.575,14210.40283203125,114.12857,3.8142857142857145,-5.4714284,1.9671428,1.3,5.5,70,283045.6666666667,20740.5,19.34485294075769,3.3750391745618473,Rural
Ishøj,Capital Region,2010,1679194.24,1695000.0,13459.272,13939.3935546875,126.16,4.0,-4.0133333,0.78,2.31,4.53,75,302491.6666666667,20680.75,22.47459347479319,3.6265609322679304,Rural
Ishøj,Capital Region,2011,1616202.96875,1600000.0,14576.269,13629.77587890625,122.09375,3.8125,-5.609375,1.0390625,2.76,4.75,64,307553.6666666667,20972.75,21.099615180446154,3.051578834439928,Rural
Ishøj,Capital Region,2012,2049428.423076923,1762500.0,14174.212,14194.13916015625,132.44872,4.141025641025641,-5.1282053,0.43589744,2.4,3.66,78,312755.0,21097.0,22.06507141278824,3.6972081338578944,Rural
Ishøj,Capital Region,2013,1705780.9404761903,1700000.0,13571.341,13140.77197265625,127.40476,4.214285714285714,-3.5833333,0.0,0.79,3.48,84,317266.0,21262.25,23.377645584176243,3.950663735023339,Rural
Ishøj,Capital Region,2014,1724210.1403508773,1775000.0,14139.901,14366.18310546875,123.429825,3.973684210526316,-3.3421052,0.0,0.56,3.06,114,319921.3333333333,21721.75,22.625429508547008,5.248195932648152,Rural
Ishøj,Capital Region,2015,1937762.4122807016,1897500.0,15998.2,16134.0048828125,122.710526,4.078947368421052,-2.491228,0.0,0.45,2.7799997,114,325588.6666666667,22153.0,20.351581219553868,5.146029883085813,Rural
Ishøj,Capital Region,2016,2095541.9166666667,2080000.0,17977.986,17753.66015625,115.045456,3.734848484848485,-2.0378788,0.0,0.25,2.55,132,329065.3333333333,22493.0,18.303792946180586,5.868492419863958,Rural
Ishøj,Capital Region,2017,2410380.010526316,2325000.0,20306.48,20168.06640625,119.89474,3.863157894736842,-2.463158,0.0,1.15,2.26,95,334938.0,22835.0,16.494143741308193,4.160280271513028,Rural
Ishøj,Capital Region,2018,2330076.767676768,2407500.0,20409.07,20742.1201171875,118.39899,3.8383838383838382,-2.131313,0.0,0.81,2.12,198,342434.0,22996.0,16.778520530332838,8.610193077056879,Rural
Ishøj,Capital Region,2019,2391185.75,2350000.0,20662.479,21037.775390625,121.640625,3.8177083333333335,-2.3541667,0.0,0.76,1.35,192,348970.3333333333,22959.25,16.88908350896973,8.362642507921644,Rural
Ishøj,Capital Region,2020,2504687.591666667,2505000.0,22231.232,22229.5322265625,116.15833,3.7375,-2.6916666,0.0,0.42,1.1,240,364820.6666666667,22998.5,16.410276617448222,10.43546318238146,Rural
Ishøj,Capital Region,2021,2633276.178181818,2500000.0,24389.523,23888.888671875,112.33455,3.647272727272727,-1.4945455,0.0,1.85,1.47,275,380444.0,23101.75,15.598665049742875,11.903860097178784,Rural
Ishøj,Capital Region,2022,2828207.866972477,2672500.0,25853.357,25084.033203125,108.30275,3.660550458715597,-2.082569,0.14311926,7.7,3.73,218,383894.0,23330.5,14.84890337452115,9.343991770429266,Rural
Ishøj,Capital Region,2023,2693271.4787234045,2500000.0,24599.354,24764.95703125,109.82447,3.5691489361702127,-3.8244681,2.8438828,3.31,4.79,188,401193.0,23600.75,16.309086815857036,7.965848542948847,Rural
Ishøj,Capital Region,2024,2706257.8587570623,2800000.0,25432.879,24875.0,107.38418,3.5480225988700567,-3.2937853,3.5180793,1.13,4.34,177,412798.0,23837.5,16.230879720695402,7.425275301520713,Rural
Jammerbugt,North Jutland,2008,1532479.4595842955,1100000.0,15104.914,8870.3701171875,130.0739,4.496535796766744,-3.344111,4.0606236,3.42,6.52,433,268493.6666666667,39021.75,17.775252918796273,11.096375739171103,Rural
Jammerbugt,North Jutland,2009,1298164.3742138364,1081000.0,11221.329,8188.775634765625,134.95598,4.685534591194968,-5.1069183,1.8437107,1.3,5.5,318,279328.6666666667,38968.75,24.89265457475373,8.160384923817162,Rural
Jammerbugt,North Jutland,2010,1189275.9897172237,945100.0,10295.078,8263.5986328125,130.64781,4.570694087403599,-5.6940875,0.80205655,2.31,4.53,389,301366.0,38845.0,29.272823382202642,10.01415883640108,Rural
Jammerbugt,North Jutland,2011,1564324.759590793,1100000.0,12741.367,8857.142578125,132.90536,4.580562659846548,-4.659847,0.9878517,2.76,4.75,391,311240.3333333333,38709.0,24.427546379704257,10.101010101010102,Rural
Jammerbugt,North Jutland,2012,1080848.4854166666,800000.0,9920.333,7692.3076171875,119.504166,4.48125,-5.147917,0.47708333,2.4,3.66,480,320622.0,38649.25,32.319681204249896,12.419387180863795,Rural
Jammerbugt,North Jutland,2013,1150504.5,940666.5,10856.904,10381.1591796875,115.907486,4.3017621145374445,-5.174009,0.0,0.79,3.48,454,329151.3333333333,38480.25,30.317237154655995,11.798260146438759,Rural
Jammerbugt,North Jutland,2014,1143389.52,950000.0,10848.961,8750.0,123.68421,4.442105263157894,-5.4547367,0.0,0.56,3.06,475,330485.0,38366.5,30.462364091824096,12.380592443928949,Rural
Jammerbugt,North Jutland,2015,1242793.895049505,930000.0,10802.343,8750.0,124.10891,4.483168316831684,-5.516832,0.0,0.45,2.78,505,334519.6666666667,38396.75,30.967325020753986,13.152154804768633,Rural
Jammerbugt,North Jutland,2016,1275686.673076923,995000.0,11637.612,10000.0,117.72115,4.319230769230769,-5.0134616,0.0,0.25,2.55,520,337460.3333333333,38546.25,28.997386519960738,13.490287641469662,Rural
Jammerbugt,North Jutland,2017,1404077.9804469277,1150000.0,12588.451,10503.23046875,121.2933,4.391061452513966,-4.282123,0.0,1.15,2.26,358,345616.0,38636.5,27.455006179870743,9.265849649942412,Rural
Jammerbugt,North Jutland,2018,1287738.599458728,1062144.0,11995.869,10000.0,119.983765,4.322056833558864,-4.4018946,0.0,0.81000006,2.12,739,353856.3333333333,38592.75,29.498182527112732,19.148674297633622,Rural
Jammerbugt,North Jutland,2019,1366368.032438479,1137500.0,12786.345,10406.185546875,123.22036,4.430648769574944,-4.181208,0.0,0.76,1.35,894,366533.0,38460.25,28.665971393701643,23.244778700086453,Rural
Jammerbugt,North Jutland,2020,1493406.0958772772,1245000.0,13713.828,11743.4208984375,120.869606,4.469798657718121,-3.511026,0.0,0.42,1.1,1043,384450.6666666667,38341.5,28.03379673907728,27.202900251685513,Rural
Jammerbugt,North Jutland,2021,1581394.166083916,1350000.0,14837.914,12572.26416015625,119.437935,4.3575174825174825,-2.7972028,0.0,1.8500001,1.47,1144,405860.0,38178.25,27.352901492757,29.964705034934813,Rural
Jammerbugt,North Jutland,2022,1692724.3694267515,1400000.0,15181.008,12335.1650390625,125.053505,4.448407643312102,-3.1528661,0.13414012,7.7,3.73,785,404317.0,38292.0,26.633079964123596,20.500365611616004,Rural
Jammerbugt,North Jutland,2023,1603570.508838384,1266250.0,14983.85,12159.0908203125,118.77146,4.424242424242424,-3.8320706,2.8073864,3.31,4.79,792,410261.0,38343.25,27.380212695669,20.655526070429605,Rural
Jammerbugt,North Jutland,2024,1768421.8828671328,1465000.0,17014.709,13811.4453125,118.48951,4.311188811188811,-3.8583915,3.5204544,1.13,4.34,572,421106.3333333333,38160.0,24.74954660307933,14.9895178197065,Rural
Kalundborg,Zealand Region,2008,1575964.6442748092,1350000.0,14150.25,12500.0,118.9313,4.148091603053435,-2.5160306,4.050763,3.42,6.52,655,271766.0,49769.0,19.205738414515643,13.160802909441621,Urban
Kalundborg,Zealand Region,2009,1428869.711568938,1200000.0,13109.226,10966.8505859375,121.81458,4.19175911251981,-4.694136,1.8161649,1.3,5.5,631,285429.6666666667,49574.0,21.773189863891787,12.72844636301287,Urban
Kalundborg,Zealand Region,2010,1419779.087988827,1100000.0,13243.717,10187.16552734375,123.14805,4.270949720670391,-3.5446928,0.8023743,2.31,4.53,716,309408.3333333333,49229.5,23.362650631490638,14.544124965721771,Urban
Kalundborg,Zealand Region,2011,1370774.2368,1046300.0,12375.499,9513.5078125,119.24,4.0976,-4.8848,0.9816,2.76,4.75,625,312260.6666666667,48979.0,25.232167742623282,12.760570856897854,Urban
Kalundborg,Zealand Region,2012,1424596.1615168538,995000.0,13328.631,9036.26416015625,121.83146,4.146067415730337,-4.783708,0.4287219,2.4,3.6600003,712,321373.6666666667,48520.25,24.111528533325494,14.674285478743412,Urban
Kalundborg,Zealand Region,2013,1375708.0557103064,1000000.0,12309.87,9366.9873046875,122.94429,4.13091922005571,-5.0557103,0.0,0.79,3.4799998,718,330579.6666666667,48337.0,26.854846287301708,14.854045555164781,Urban
Kalundborg,Zealand Region,2014,1447044.7324766356,1000000.0,14300.642,9652.14794921875,115.69743,4.02803738317757,-4.843458,0.0,0.56,3.06,856,337092.0,48387.25,23.571808874035167,17.69061064639962,Urban
Kalundborg,Zealand Region,2015,1420545.7816764133,1100000.0,12291.054,9543.71923828125,122.5653,4.209551656920078,-4.7504873,0.0,0.45,2.78,1026,347875.3333333333,48554.75,28.303132777167306,21.130785350557876,Urban
Kalundborg,Zealand Region,2016,1511387.271310724,1065000.0,12895.667,9715.189453125,125.307976,4.209899175068744,-4.124656,0.0,0.25,2.55,1091,351495.3333333333,48752.75,27.25685560377244,22.378224818087183,Urban
Kalundborg,Zealand Region,2017,1487231.566347469,1100000.0,15325.987,10638.2978515625,113.987686,4.07250341997264,-3.5567715,0.0,1.15,2.26,731,357326.6666666667,48823.25,23.315083502724274,14.972374841904216,Urban
Kalundborg,Zealand Region,2018,1431848.0598885794,1125000.0,12987.5205,10345.6513671875,122.191505,4.217270194986073,-3.7806406,0.0,0.81,2.12,1436,365714.0,48879.0,28.15887759330197,29.378669776386587,Urban
Kalundborg,Zealand Region,2019,1498757.9392009266,1200000.0,13223.02,10915.4931640625,121.316734,4.1742906774753905,-3.5773017,0.0,0.76,1.35,1727,376955.0,48603.75,28.50748164942653,35.5322377388576,Urban
Kalundborg,Zealand Region,2020,1494629.9830734967,1205000.0,14105.135,11900.0,113.77951,4.01380846325167,-2.9028952,0.0,0.42,1.1,2245,390999.3333333333,48400.25,27.72035385222001,46.384057933585055,Urban
Kalundborg,Zealand Region,2021,1722927.237322515,1400000.0,15825.293,13043.478515625,119.84868,4.124949290060852,-1.8892494,0.0,1.85,1.47,2465,410675.0,48447.25,25.95054638166889,50.880080912745306,Urban
Kalundborg,Zealand Region,2022,1855960.6037424323,1465000.0,16877.87,13529.412109375,119.177216,4.0952118877270225,-2.8998349,0.12949917,7.7,3.73,1817,419165.0,48528.5,24.835183586554464,37.44191557538354,Urban
Kalundborg,Zealand Region,2023,1677223.3836930457,1415000.0,15235.549,13043.478515625,119.01559,4.140887290167866,-3.634892,2.792416,3.31,4.79,1668,438911.3333333333,48526.0,28.808370038607293,34.37332563986317,Urban
Kalundborg,Zealand Region,2024,1764478.8159126365,1495000.0,16100.016,14000.0,118.11154,4.110764430577223,-3.2636507,3.5110762,1.13,4.34,1282,447125.0,48301.5,27.771711531218354,26.541618790306718,Urban
Kerteminde,Southern Denmark,2008,1428065.7251184834,1195000.0,12798.684,10000.0,126.80569,4.308056872037914,-3.042654,4.056872,3.42,6.52,211,281182.6666666667,23654.25,21.96965458844571,8.920172907617024,Rural
Kerteminde,Southern Denmark,2009,2096269.9492753623,1425000.0,17135.982,12645.216796875,129.32608,4.572463768115942,-4.5507245,1.8608695,1.3,5.5,138,291595.6666666667,23756.75,17.01657171830985,5.808875372262619,Rural
Kerteminde,Southern Denmark,2010,1448310.4891304348,1192900.0,11810.994,9273.640625,134.94022,4.467391304347826,-3.7391305,0.8043478,2.31,4.53,184,313568.6666666667,23748.75,26.548880362369726,7.747776198747302,Rural
Kerteminde,Southern Denmark,2011,1715396.0,1232500.0,13084.753,9722.22265625,144.05142,4.748571428571428,-4.737143,1.0028571,2.76,4.75,175,320372.3333333333,23743.25,24.48440053345549,7.370515830815074,Rural
Kerteminde,Southern Denmark,2012,1550913.892857143,1245000.0,12237.789,9594.92626953125,143.71428,4.8428571428571425,-5.6928573,0.4375,2.4,3.66,140,324327.6666666667,23763.75,26.502145662641077,5.891326074377991,Rural
Kerteminde,Southern Denmark,2013,1619116.5379310346,1200000.0,12053.249,9601.44921875,142.6069,4.7379310344827585,-5.6689653,0.0,0.79,3.48,145,332828.3333333333,23720.5,27.61316333325009,6.112855968466095,Rural
Kerteminde,Southern Denmark,2014,1614132.6345177663,1245000.0,12307.345,9491.525390625,142.56853,4.7055837563451774,-5.0812182,0.0,0.56,3.06,197,343008.3333333333,23735.75,27.870213545921832,8.299716672108529,Rural
Kerteminde,Southern Denmark,2015,1572494.0753138077,1325000.0,14302.836,10576.9228515625,126.76569,4.2426778242677825,-3.9916317,0.0,0.45,2.78,239,348427.3333333333,23809.25,24.36071652736096,10.03811543832754,Rural
Kerteminde,Southern Denmark,2016,1555931.7783018867,1280000.0,12371.519,9606.8212890625,138.30188,4.759433962264151,-5.0896225,0.0,0.25,2.55,212,354416.0,23843.0,28.647735173021193,8.891498553034433,Rural
Kerteminde,Southern Denmark,2017,1624659.3525179855,1295000.0,13828.34,9800.0,133.46043,4.561151079136691,-3.1654677,0.0,1.15,2.26,139,360881.3333333333,23778.0,26.097227384728267,5.845739759441501,Rural
Kerteminde,Southern Denmark,2018,1592596.602006689,1295000.0,13335.997,10000.0,137.52509,4.5719063545150505,-3.4481606,0.0,0.81,2.12,299,369192.3333333333,23787.0,27.683894449986255,12.56989111699668,Rural
Kerteminde,Southern Denmark,2019,1744275.1456043955,1367500.0,14455.358,11056.98046875,135.0522,4.615384615384615,-2.8406594,0.0,0.75999993,1.35,364,380193.3333333333,23814.0,26.301204946521096,15.285126396237507,Rural
Kerteminde,Southern Denmark,2020,1699244.8997555012,1350000.0,15276.282,12500.0,126.89487,4.408312958435208,-3.0220048,0.0,0.42,1.1,409,392939.6666666667,23827.0,25.722205616960114,17.165400595962566,Rural
Kerteminde,Southern Denmark,2021,1965360.056261343,1590000.0,16870.182,13303.0302734375,129.49184,4.419237749546279,-1.3466425,0.0,1.85,1.47,551,421152.3333333333,23900.5,24.964302894499497,23.0539110060459,Rural
Kerteminde,Southern Denmark,2022,1841630.124277457,1500000.0,15893.668,12066.61181640625,129.94508,4.609826589595376,-3.1213872,0.12023121,7.7,3.7299998,346,417230.0,24047.25,26.251334808302275,14.388339623033819,Rural
Kerteminde,Southern Denmark,2023,2001313.4095477387,1575000.0,18072.664,14294.49609375,125.404526,4.459798994974874,-3.5075376,2.842211,3.31,4.79,398,435589.6666666667,23963.0,24.102128311944863,16.608938780620125,Rural
Kerteminde,Southern Denmark,2024,2141476.3131672596,1595000.0,18469.924,13541.6669921875,127.24199,4.387900355871886,-4.0427046,3.5172596,1.13,4.34,281,441612.0,23919.75,23.909789774987704,11.747614419047022,Rural
Kolding,Southern Denmark,2008,1892421.5664939552,1700000.0,17094.883,13309.3525390625,132.6684,4.297063903281519,-2.2003455,4.0388603,3.42,6.52,579,293238.6666666667,88054.0,17.15359307616593,6.575510482204102,Urban
Kolding,Southern Denmark,2009,1881766.9919678716,1600000.0,14476.342,12389.134765625,141.26907,4.718875502008032,-3.8674698,1.9267068,1.3,5.5,498,296389.0,88723.0,20.474025827795447,5.612975214994985,Urban
Kolding,Southern Denmark,2010,1691164.8787346222,1440000.0,13890.755,11944.4443359375,136.93146,4.481546572934974,-3.370826,0.80448157,2.31,4.53,569,323142.3333333333,89106.0,23.263122366878786,6.385653042443831,Urban
Kolding,Southern Denmark,2011,1851006.8524871352,1550000.0,16830.342,12025.31640625,132.36192,4.382504288164665,-3.6157804,1.0102916,2.76,4.75,583,328698.6666666667,89270.0,19.530124026396294,6.530749411896494,Urban
Kolding,Southern Denmark,2012,1678181.1188455008,1400000.0,12747.748,10730.0,143.97284,4.6400679117147705,-3.7181664,0.43166384,2.4,3.66,589,336988.6666666667,89455.75,26.43515283379203,6.5842609334782844,Urban
Kolding,Southern Denmark,2013,2157438.9402515725,1470000.0,18545.996,11893.5263671875,132.72798,4.371069182389937,-3.710692,0.0,0.79,3.48,636,342509.0,89674.75,18.468083353409547,7.092297441587514,Urban
Kolding,Southern Denmark,2014,1959589.7733333337,1685385.5,17374.848,12288.6904296875,138.32133,4.546666666666667,-3.532,0.0,0.56,3.06,750,350726.6666666667,90314.5,20.185884024232422,8.30431436812472,Urban
Kolding,Southern Denmark,2015,1679830.8590852905,1450000.0,13150.205,11419.7529296875,141.0853,4.573547589616811,-3.7058096,0.0,0.45,2.78,809,359223.3333333333,91072.25,27.316937898179788,8.883057133210173,Urban
Kolding,Southern Denmark,2016,1733118.8005050505,1420000.0,13758.094,11377.0869140625,141.36743,4.612373737373737,-3.2121212,0.0,0.25,2.55,792,364700.0,91898.0,26.508032289937837,8.618250669220222,Urban
Kolding,Southern Denmark,2017,1664845.0398550725,1375000.0,13340.52,11574.07421875,139.61414,4.519927536231884,-2.7789855,0.0,1.15,2.26,552,375685.3333333333,92395.25,28.161221101826115,5.9743330961277765,Urban
Kolding,Southern Denmark,2018,2024069.1890881911,1672500.0,16036.992,13431.3720703125,137.87967,4.436472346786248,-2.502242,0.0,0.81,2.12,1338,385436.6666666667,92615.0,24.034224539531273,14.446903849268477,Urban
Kolding,Southern Denmark,2019,1923329.250181818,1550000.0,15267.046,12480.0,141.80508,4.466181818181818,-2.4014544,0.0,0.76,1.35,1375,396445.3333333333,93054.5,25.967389718569873,14.776287014598973,Urban
Kolding,Southern Denmark,2020,2055270.2171545269,1700000.0,16680.72,14218.75,135.63309,4.430905377808033,-2.3219876,0.0,0.42,1.1,1469,418637.6666666667,93113.75,25.097098126859432,15.776402518425044,Urban
Kolding,Southern Denmark,2021,2172280.109007458,1850000.0,17324.635,14768.5185546875,136.71773,4.456683878370625,-2.0946643,0.0,1.85,1.47,1743,436718.3333333333,93164.75,25.207938483744872,18.70879275691718,Urban
Kolding,Southern Denmark,2022,2245645.642063492,1866250.0,18413.207,15181.380859375,132.52539,4.375396825396826,-2.5960317,0.12587301,7.7,3.7299998,1260,434222.3333333333,94044.75,23.58211328061067,13.397877074477842,Urban
Kolding,Southern Denmark,2023,2234278.538796861,1850000.0,16818.768,14500.0,139.45685,4.610287707061901,-3.2632957,2.7921097,3.31,4.79,1147,449470.0,94672.25,26.724311792635465,12.115482625584583,Urban
Kolding,Southern Denmark,2024,2168984.8813186814,1825000.0,16823.516,14496.77880859375,134.9088,4.507692307692308,-3.234066,3.5195055,1.13,4.34,910,458616.0,95219.5,27.260413340469377,9.55686597808222,Urban
Københavns,Capital Region,2008,3041023.770941438,2735000.0,27451.502,25786.517578125,110.21794,3.806523350630096,-3.7842846,4.0433655,3.42,6.5199995,1349,259291.33333333337,512558.5,9.445433380415155,2.6318947008000064,Urban
Københavns,Capital Region,2009,2822266.122532335,2300000.0,23283.418,22222.22265625,116.45269,3.9639210347174942,-4.8618107,1.7669164,1.3,5.5,1469,266756.3333333333,521887.0,11.4569232632998,2.8147855761879486,Urban
Københavns,Capital Region,2010,2956528.8884078884,2674600.0,25084.89,24022.556640625,115.791725,3.9100529100529102,-3.1130352,0.80363154,2.31,4.53,2079,287346.3333333333,532085.0,11.454956881745677,3.9072704549085207,Urban
Københavns,Capital Region,2011,2992093.8005,2600000.0,25381.387,24558.80859375,115.7715,3.9025,-3.685,1.00525,2.76,4.75,2000,295723.0,542883.25,11.651175721799602,3.684033353395965,Urban
Københavns,Capital Region,2012,2848243.1975600156,2536500.0,24886.744,24107.142578125,112.62023,3.771743408107045,-3.5517514,0.4235537,2.4,3.6600003,2541,302645.3333333333,552612.5,12.160905152290445,4.598158745956706,Urban
Københavns,Capital Region,2013,3240069.6272845953,2900000.0,28365.117,27316.498046875,113.19582,3.7307441253263702,-2.3022194,0.0,0.79,3.48,3064,311350.6666666667,563268.0,10.976533841431598,5.43968412904692,Urban
Københavns,Capital Region,2014,3318824.5484785973,2900000.0,30249.06,29543.3701171875,107.26895,3.636410520887055,-1.7898401,0.0,0.56,3.06,3878,321058.6666666667,573433.25,10.613839460355683,6.762774917568872,Urban
Københavns,Capital Region,2015,3404143.4227642277,2995000.0,32462.432,31737.4775390625,102.79397,3.4606332905434316,-1.2535301,0.0,0.45000002,2.78,4674,330542.0,584189.25,10.182293181237931,8.0008319221896,Urban
Københavns,Capital Region,2016,3647103.0517699113,3200000.0,34931.832,34534.9296875,102.09137,3.4331858407079645,-1.4183629,0.0,0.25,2.55,4520,339689.3333333333,595423.75,9.72434922203145,7.591232294647299,Urban
Københavns,Capital Region,2017,3829520.333694475,3350000.0,37832.117,37755.1015625,99.99639,3.3893102202961356,-1.3297219,0.0,1.15,2.26,2769,349407.3333333333,606431.5,9.235733050131277,4.566055688070293,Urban
Københavns,Capital Region,2018,3780746.158344504,3350000.0,38165.516,38000.0,97.51458,3.3265750670241285,-1.7144772,0.0,0.81,2.12,5968,361578.6666666667,617019.25,9.473962481384154,9.672307630596615,Urban
Københavns,Capital Region,2019,3821896.225519735,3315000.0,38857.68,38636.36328125,97.29934,3.335040674902079,-1.9912624,0.0,0.76,1.35,6638,375453.0,627320.75,9.662259815820192,10.581508741740171,Urban
Københavns,Capital Region,2020,4182062.180617807,3700000.0,43132.625,42857.14453125,95.02447,3.2385221078134463,-1.4414295,0.0,0.42,1.1,8255,393663.6666666667,634190.0,9.126819122802441,13.016603856888313,Urban
Københavns,Capital Region,2021,4488631.585576923,3995000.0,48587.605,49206.34765625,91.20256,3.1294871794871795,-0.80331194,0.0,1.85,1.47,9360,419274.3333333333,639799.5,8.629244708261156,14.629583174103763,Urban
Københavns,Capital Region,2022,4188378.298907477,3650000.0,47966.727,48333.33203125,86.24291,2.9783202458176854,-2.5191193,0.12261011,7.7,3.73,5858,419209.3333333333,647829.0,8.739585949513156,9.042509674620925,Urban
Københavns,Capital Region,2023,4126144.4868503055,3560000.0,46526.73,46728.97265625,86.65973,2.9961361086875233,-2.477502,2.8773837,3.31,4.79,8023,444489.3333333333,656755.75,9.553418719375578,12.216109261319751,Urban
Københavns,Capital Region,2024,4326691.205588822,3900000.0,49782.207,50000.0,86.17664,2.9758483033932137,-1.9215568,3.525549,1.13,4.34,5010,473218.6666666667,662770.5,9.505779176617596,7.559177724415918,Urban
Køge,Zealand Region,2008,2245960.9536679536,2095000.0,17251.25,16315.43896484375,139.94981,4.5347490347490345,-3.3146718,4.0530887,3.42,6.52,518,308532.0,56740.75,17.88461705673502,9.12924133008464,Urban
Køge,Zealand Region,2009,1868090.0961923848,1650000.0,14433.011,13758.3896484375,137.31262,4.4509018036072145,-4.8476954,1.8286573,1.3,5.5,499,309064.3333333333,56907.75,21.413711479422645,8.768577214878466,Urban
Køge,Zealand Region,2010,1884370.3667180275,1680000.0,13774.245,12941.1767578125,144.04005,4.576271186440678,-3.4730353,0.81086284,2.31,4.53,649,335016.6666666667,57217.25,24.32196223217074,11.342733179242275,Urban
Køge,Zealand Region,2011,1958423.1666666667,1580000.0,15254.122,12448.98974609375,138.55496,4.443262411347518,-4.3794327,1.0053191,2.76,4.75,564,340135.0,57245.0,22.297907411518015,9.852388854921827,Urban
Køge,Zealand Region,2012,1793276.5220338984,1532500.0,13934.722,12174.4638671875,137.87457,4.452542372881356,-4.6559324,0.44067797,2.4,3.6600003,590,347353.0,57491.75,24.927156781455704,10.262341988198308,Urban
Køge,Zealand Region,2013,1823846.805111821,1550000.0,13702.118,11824.9091796875,145.71086,4.600638977635783,-3.7747605,0.0,0.79,3.48,626,355673.6666666667,58039.5,25.957568506319,10.78575797517208,Urban
Køge,Zealand Region,2014,1976786.020262217,1650000.0,16367.777,12893.2587890625,135.58522,4.401668653158522,-3.1489868,0.0,0.56,3.0599997,839,365721.3333333333,58690.75,22.343983140369843,14.295267993678731,Urban
Køge,Zealand Region,2015,2010051.7394438724,1775000.0,15188.324,13714.2861328125,139.59836,4.4624098867147275,-2.523172,0.0,0.45,2.78,971,372722.6666666667,59461.0,24.540078725385808,16.33003144918518,Urban
Køge,Zealand Region,2016,2134292.640883978,1950000.0,15995.582,14755.21484375,141.28453,4.558011049723757,-2.0911603,0.0,0.25,2.55,1086,376719.0,59955.25,23.551440641547146,18.11350965928755,Urban
Køge,Zealand Region,2017,2388146.370870871,2115000.0,18280.102,16023.1015625,139.6051,4.605105105105105,-1.7747748,0.0,1.15,2.26,666,387237.3333333333,60193.25,21.183543359513713,11.06436352913325,Urban
Køge,Zealand Region,2018,2478833.561563518,2250000.0,19407.445,18014.705078125,136.14072,4.3791530944625405,-1.7830619,0.0,0.81,2.12,1535,397873.0,60525.0,20.501049983653182,25.361420900454355,Urban
Køge,Zealand Region,2019,2521589.012795905,2307000.0,19164.258,18055.5546875,139.26039,4.442738323736404,-1.8336532,0.0,0.76,1.35,1563,408782.0,60736.5,21.33043710849645,25.734113753673654,Urban
Køge,Zealand Region,2020,2638808.1050304035,2400000.0,20735.443,18280.0,137.74959,4.399115533443892,-1.9375346,0.0,0.42,1.1,1809,430893.3333333333,61155.25,20.780522187702154,29.580453027336166,Urban
Køge,Zealand Region,2021,2905048.8175675673,2645000.0,22245.67,20776.5146484375,138.38176,4.395752895752896,-0.89285713,0.0,1.85,1.47,2072,445794.0,61590.25,20.039585231642835,33.64168841659191,Urban
Køge,Zealand Region,2022,2964084.6744186045,2695000.0,22896.006,21700.73046875,134.28125,4.373546511627907,-2.391715,0.10675871,7.7000003,3.73,1376,446539.3333333333,61986.0,19.50293572308346,22.19856096537928,Urban
Køge,Zealand Region,2023,2862805.967877095,2600000.0,21810.777,20195.1640625,135.875,4.407122905027933,-3.299581,2.8023045,3.31,4.79,1432,465224.0,62535.5,21.330005804011478,22.89899337176484,Urban
Køge,Zealand Region,2024,2920100.1190269333,2625000.0,22841.785,21790.123046875,133.38054,4.289313640312772,-2.666377,3.5344048,1.13,4.34,1151,487821.6666666667,62978.75,21.35654751442003,18.27600579560566,Urban
Langeland,Southern Denmark,2008,1238135.2,1050000.0,11131.602,8564.814453125,123.765854,4.434146341463415,-3.5853658,4.042683,3.42,6.52,205,244663.33333333337,13666.25,21.979166460796332,15.00045733101619,Rural
Langeland,Southern Denmark,2009,1479182.3842105262,1050000.0,14945.92,9508.28173828125,118.7579,4.073684210526316,-4.773684,1.8531579,1.3,5.5,190,248047.33333333337,13544.75,16.59632416962846,14.027575259787003,Rural
Langeland,Southern Denmark,2010,1180497.357142857,850000.0,12348.8955,7513.13720703125,121.46429,4.204081632653061,-4.4897957,0.81632656,2.31,4.53,196,265423.3333333333,13465.5,21.49369013069495,14.555716460584456,Rural
Langeland,Southern Denmark,2011,1076002.512658228,885000.0,10167.524,9419.95068359375,118.22152,4.310126582278481,-4.664557,1.0332278,2.76,4.75,158,268127.0,13228.5,26.37092373718518,11.943908984389763,Rural
Langeland,Southern Denmark,2012,1277965.053254438,825000.0,11719.647,9135.802734375,119.07101,4.242603550295858,-5.408284,0.4289941,2.4,3.6600003,169,277042.0,13013.5,23.63910790145812,12.986514004687441,Rural
Langeland,Southern Denmark,2013,1042929.9078947369,700000.0,10185.373,7496.059814453125,117.79605,4.157894736842105,-7.361842,0.0,0.79,3.4800003,152,280655.0,12803.5,27.554710072964436,11.871753817315579,Rural
Langeland,Southern Denmark,2014,971998.8835978836,785000.0,9993.32,8965.517578125,112.25926,4.2063492063492065,-7.846561,0.0,0.56,3.0599997,189,287482.6666666667,12666.5,28.767483345541493,14.921248963802157,Rural
Langeland,Southern Denmark,2015,1032843.2953367876,750000.0,9802.728,6754.966796875,121.78757,4.569948186528498,-6.626943,0.0,0.45,2.78,193,288977.0,12583.75,29.47924292095017,15.33724048872554,Rural
Langeland,Southern Denmark,2016,1082135.582914573,742500.0,8924.125,6927.7109375,124.407036,4.49748743718593,-6.693467,0.0,0.25,2.55,199,294342.0,12556.5,32.982729399240824,15.84836538844423,Rural
Langeland,Southern Denmark,2017,1105946.9054054054,798000.0,11224.597,7750.39453125,116.10135,4.216216216216216,-4.527027,0.0,1.15,2.26,148,300809.6666666667,12578.25,26.79915071041452,11.766342694730984,Rural
Langeland,Southern Denmark,2018,1063860.6617647058,877500.0,9764.662,8338.9033203125,118.488235,4.3617647058823525,-4.9882355,0.0,0.81,2.12,340,303701.3333333333,12603.5,31.10208354711441,26.976633474828418,Rural
Langeland,Southern Denmark,2019,1193776.684065934,838750.0,9991.163,8267.6083984375,125.84066,4.662087912087912,-5.0164833,0.0,0.75999993,1.35,364,318561.0,12545.0,31.88427613482034,29.015544041450777,Rural
Langeland,Southern Denmark,2020,1091027.5875,897500.0,10593.283,9238.04736328125,115.75208,4.297916666666667,-4.86875,0.0,0.42,1.1,480,340035.0,12415.25,32.099114127320114,38.66212923622158,Rural
Langeland,Southern Denmark,2021,1288966.7657657657,995000.0,12619.838,9568.9658203125,118.86487,4.27027027027027,-2.7567568,0.0,1.85,1.47,555,342923.6666666667,12355.25,27.17338104234513,44.92017563383986,Rural
Langeland,Southern Denmark,2022,1275217.7350993378,995000.0,11697.998,8917.197265625,123.38852,4.357615894039735,-4.1545253,0.113355406,7.7,3.7300003,453,350287.3333333333,12359.75,29.944212106493207,36.651226764295394,Rural
Langeland,Southern Denmark,2023,1218779.5143603133,950000.0,11893.586,8605.76953125,117.477806,4.308093994778068,-4.221932,2.7515664,3.31,4.79,383,365419.6666666667,12347.75,30.724095043048138,31.01779676459274,Rural
Langeland,Southern Denmark,2024,1230514.1195652173,1050000.0,11987.588,10213.63623046875,113.753624,4.278985507246377,-3.9492753,3.4967391,1.13,4.34,276,363779.6666666667,12167.75,30.346360474406254,22.682911795525055,Rural
Lejre,Zealand Region,2008,1729581.6875,1665000.0,14279.734,14175.5322265625,127.8375,4.325,-3.1375,4.040625,3.42,6.5199995,80,334285.6666666667,26653.75,23.40979647566731,3.001453829198518,Rural
Lejre,Zealand Region,2009,1512520.75,1225000.0,12178.385,11589.416015625,125.84722,4.361111111111111,-5.9166665,1.7888889,1.3,5.5,72,332329.0,26782.5,27.28842945924275,2.6883225987118453,Rural
Lejre,Zealand Region,2010,1685999.741935484,1300000.0,12229.572,11194.0302734375,138.98924,4.623655913978495,-5.4731183,0.7983871,2.31,4.53,93,368173.0,26819.0,30.105141864326896,3.4676908162123867,Rural
Lejre,Zealand Region,2011,1328956.7551020407,1210000.0,14184.608,10796.11865234375,110.734695,4.0,-8.0,0.97959185,2.7600002,4.75,98,369624.0,26811.5,26.05810467233215,3.655147977546948,Rural
Lejre,Zealand Region,2012,1077491.0952380951,935000.0,8625.34,8333.3330078125,128.5238,4.412698412698413,-5.2063494,0.46626985,2.4,3.66,126,378735.0,26943.75,43.90957341971447,4.676409185803758,Rural
Lejre,Zealand Region,2013,1220245.198019802,1150000.0,9755.99,9162.162109375,128.48515,4.425742574257426,-5.5247526,0.0,0.79,3.48,101,391832.6666666667,26911.75,40.16329113361808,3.7530075153046534,Rural
Lejre,Zealand Region,2014,1330442.25,1185000.0,10799.968,9415.49560546875,128.94167,4.45,-4.0833335,0.0,0.56,3.06,120,397837.3333333333,27018.5,36.83689926982499,4.441401262098192,Rural
Lejre,Zealand Region,2015,1337307.6620689656,1150000.0,10738.793,10192.3076171875,124.93104,4.36551724137931,-4.0827584,0.0,0.45,2.78,145,406045.6666666667,27209.25,37.81110844269619,5.329070077271516,Rural
Lejre,Zealand Region,2016,1773403.177514793,1450000.0,13925.572,11557.970703125,126.69231,4.295857988165681,-3.3254437,0.0,0.25,2.55,169,415362.3333333333,27379.75,29.827308589789585,6.1724449638875445,Rural
Lejre,Zealand Region,2017,1555996.7642276422,1470000.0,12736.855,11764.7060546875,124.72358,4.2439024390243905,-3.0487804,0.0,1.15,2.26,123,426999.6666666667,27484.0,33.52473327730171,4.475331101731917,Rural
Lejre,Zealand Region,2018,1610562.4658119658,1330000.0,13082.59,12168.1904296875,124.47863,4.397435897435898,-2.371795,0.0,0.80999994,2.12,234,438903.0,27652.0,33.54863218980339,8.46231737306524,Rural
Lejre,Zealand Region,2019,1599340.1673469387,1395000.0,13387.744,12406.0146484375,123.151024,4.244897959183674,-3.2204082,0.0,0.76,1.35,245,446826.6666666667,27930.0,33.37580003521629,8.771929824561402,Rural
Lejre,Zealand Region,2020,1827256.953125,1625000.0,14852.6875,13955.3515625,123.68125,4.196875,-2.36875,0.0,0.42,1.1,320,463643.3333333333,28055.5,31.216123905746574,11.40596318012511,Rural
Lejre,Zealand Region,2021,2097970.8725212463,1825000.0,17569.357,16414.140625,122.065155,4.291784702549575,-1.407932,0.0,1.85,1.4700001,353,485849.0,28422.5,27.653203244717492,12.419737883718884,Rural
Lejre,Zealand Region,2022,2190332.906122449,2000000.0,17807.498,16981.1328125,123.57551,4.224489795918367,-2.5959184,0.14061223,7.7,3.73,245,485372.3333333333,28780.0,27.256627142866073,8.51285615010424,Rural
Lejre,Zealand Region,2023,2247911.2334801764,1795000.0,19262.322,16423.357421875,115.88106,4.092511013215859,-3.0792952,2.8872244,3.31,4.79,227,500751.6666666667,29073.25,25.996433174913527,7.807864617818785,Rural
Lejre,Zealand Region,2024,1885859.142857143,1650000.0,17227.781,16496.0625,111.47429,4.131428571428572,-2.6571429,3.5057142,1.13,4.34,175,516267.0,29438.75,29.967121128368188,5.944545879155875,Rural
Lemvig,Central Jutland,2008,1107255.598253275,720000.0,7673.164,6056.91064453125,140.44106,4.720524017467249,-2.694323,4.036026,3.42,6.52,229,277657.0,22000.0,36.18546404064868,10.40909090909091,Rural
Lemvig,Central Jutland,2009,1323857.0555555555,837500.0,10393.25,6855.11865234375,142.18182,4.782828282828283,-3.7676768,2.0171716,1.3,5.5,198,279182.3333333333,21885.0,26.861889527658175,9.047292666209733,Rural
Lemvig,Central Jutland,2010,987507.6806282722,800000.0,8412.916,6454.54541015625,132.34555,4.602094240837697,-3.8586388,0.81806284,2.31,4.53,191,314882.6666666667,21704.0,37.4284810007216,8.800221157390343,Rural
Lemvig,Central Jutland,2011,1236332.240506329,807500.0,9983.331,6909.4609375,134.48734,4.7594936708860756,-4.924051,1.0,2.76,4.75,158,321128.0,21511.5,32.16641820250175,7.344908537294005,Rural
Lemvig,Central Jutland,2012,1280764.0751445086,800000.0,11564.774,7441.8603515625,133.23122,4.485549132947977,-3.3352602,0.45953757,2.4,3.6599998,173,323696.6666666667,21303.5,27.989882609609726,8.120731335226607,Rural
Lemvig,Central Jutland,2013,1314848.3664596274,800000.0,8627.592,6438.84912109375,147.95032,4.956521739130435,-4.1925464,0.0,0.79,3.4800003,161,342850.6666666667,21081.0,39.73885954118677,7.637208861059722,Rural
Lemvig,Central Jutland,2014,1080322.2124352332,750000.0,9242.439,6898.30517578125,132.48705,4.569948186528498,-3.5181348,0.0,0.56,3.0600002,193,339468.6666666667,20823.75,36.72933807479462,9.268263401164536,Rural
Lemvig,Central Jutland,2015,1184552.0384615385,880000.0,10065.396,7154.23095703125,136.22223,4.555555555555555,-3.7692308,0.0,0.45,2.78,234,350161.6666666667,20576.0,34.78866272789135,11.372472783825817,Rural
Lemvig,Central Jutland,2016,1142416.3512195123,750000.0,9265.847,6443.96533203125,132.61464,4.419512195121952,-3.6243901,0.0,0.25,2.55,205,362338.0,20346.25,39.104681957299746,10.075566750629722,Rural
Lemvig,Central Jutland,2017,1132099.7241379311,845000.0,8723.949,7731.958984375,139.76552,4.827586206896552,-4.0689654,0.0,1.15,2.26,145,368951.6666666667,20268.25,42.291818380261816,7.154046353286544,Rural
Lemvig,Central Jutland,2018,1076920.0489296636,760000.0,8519.098,7125.0,136.82875,4.648318042813456,-4.8746176,0.0,0.81,2.12,327,364711.6666666667,20094.25,42.81106599157172,16.273312017119324,Rural
Lemvig,Central Jutland,2019,1213574.5282051282,889250.0,10403.616,8502.5771484375,123.85384,4.371794871794871,-3.6794872,0.0,0.76,1.35,390,385789.0,19904.5,37.08220295712567,19.59355924539677,Rural
Lemvig,Central Jutland,2020,1115046.829787234,875000.0,10191.959,9049.5869140625,119.932304,4.326885880077369,-3.435203,0.0,0.42,1.1,517,406310.6666666667,19667.0,39.86580662919334,26.28769003915188,Rural
Lemvig,Central Jutland,2021,1364797.414944356,1045000.0,12342.31,9488.3720703125,127.496025,4.5675675675675675,-2.4785373,0.0,1.85,1.47,629,425369.3333333333,19513.75,34.46432096854911,32.23368137851515,Rural
Lemvig,Central Jutland,2022,1366156.3617463617,1000000.0,11905.333,9734.513671875,128.41164,4.478170478170478,-3.2557173,0.12567566,7.7,3.73,481,430831.0,19408.0,36.18806798600257,24.783594394064306,Rural
Lemvig,Central Jutland,2023,1493345.105,1000000.0,11938.522,9194.64013671875,129.0675,4.6325,-3.3825,2.811875,3.31,4.79,400,444761.3333333333,19300.5,37.25430445521927,20.72485168778011,Rural
Lemvig,Central Jutland,2024,1489176.6848484848,1097500.0,12970.522,9518.732421875,128.33636,4.4787878787878785,-3.8545454,3.5219698,1.13,4.34,330,454472.0,19004.0,35.03883652485227,17.364765312565776,Rural
Lolland,Zealand Region,2008,1080518.3696581195,753559.0,8797.984,6808.61865234375,128.52777,4.344017094017094,-3.181624,4.045406,3.42,6.5200005,468,243941.33333333337,48071.75,27.726958054633126,9.735447534154675,Rural
Lolland,Zealand Region,2009,1188128.9973333334,725000.0,9092.383,6264.36767578125,130.05066,4.322666666666667,-4.5546665,1.8954667,1.3,5.5,375,252702.66666666663,47450.75,27.792787288730207,7.90293093365226,Rural
Lolland,Zealand Region,2010,1010682.6102150538,656083.0,8572.853,5817.424560546875,127.645164,4.295698924731183,-5.177419,0.8017473,2.31,4.53,372,269655.0,46699.0,31.45452278255559,7.965909334246986,Rural
Lolland,Zealand Region,2011,1164543.09375,630000.0,9596.42,5572.349365234375,131.26562,4.53125,-6.328125,0.953125,2.76,4.75,320,272268.6666666667,45865.0,28.371899798744394,6.976997710672626,Rural
Lolland,Zealand Region,2012,1229276.4962406014,700000.0,10583.491,6250.0,126.6203,4.342105263157895,-5.1165414,0.45018798,2.4,3.66,266,279050.0,45022.25,26.366536334750037,5.908189839468262,Rural
Lolland,Zealand Region,2013,1141170.284789644,600000.0,9176.771,5317.46044921875,139.93527,4.514563106796117,-5.9482203,0.0,0.79,3.4799998,309,287717.3333333333,44100.5,31.35278556404353,7.006723279781409,Rural
Lolland,Zealand Region,2014,1041456.2005141388,615000.0,10672.57,6461.53857421875,114.053986,3.845758354755784,-5.8868895,0.0,0.56,3.06,389,294497.6666666667,43358.75,27.59388475940347,8.97166085276905,Rural
Lolland,Zealand Region,2015,1069757.4210526317,550000.0,7766.137,5468.75,133.38889,4.523391812865497,-5.8362575,0.0,0.45,2.78,342,296372.6666666667,42919.25,38.1621733774033,7.968452384419579,Rural
Lolland,Zealand Region,2016,1036926.9624277456,587500.0,7316.0107,4950.12841796875,136.93063,4.624277456647399,-5.9104047,0.0,0.25,2.55,346,296573.3333333333,42531.0,40.5375751204592,8.135242528978864,Rural
Lolland,Zealand Region,2017,790849.4448669201,560000.0,6565.883,4666.66650390625,128.88593,4.326996197718631,-5.1939163,0.0,1.15,2.26,263,303011.6666666667,42198.25,46.14941610544487,6.2324859443223355,Rural
Lolland,Zealand Region,2018,989607.5110701108,607500.0,7792.882,5808.82373046875,129.95941,4.453874538745388,-5.0608854,0.0,0.81,2.12,542,308400.6666666667,41859.25,39.57466142393363,12.948153633904095,Rural
Lolland,Zealand Region,2019,1284278.375527426,612500.0,10148.408,5839.416015625,126.5218,4.345991561181434,-4.175809,0.0,0.76,1.35,711,317962.3333333333,41472.25,31.331252481505803,17.143993875422723,Rural
Lolland,Zealand Region,2020,937991.9515151517,640000.0,9431.084,7128.48486328125,113.09697,4.041414141414141,-3.3525252,0.0,0.42,1.1,990,330777.6666666667,40876.25,35.07313333935597,24.21944283049448,Rural
Lolland,Zealand Region,2021,1035980.9762452109,725000.0,9564.516,7166.66650390625,118.40383,4.135632183908046,-2.0283525,0.0,1.85,1.47,1305,350181.0,40376.5,36.612516514165485,32.320780652112,Rural
Lolland,Zealand Region,2022,962326.914078675,715000.0,8769.914,6455.19091796875,122.04865,4.208074534161491,-3.7515528,0.13793996,7.7,3.73,966,354474.0,40062.25,40.419324522452555,24.11247496084219,Rural
Lolland,Zealand Region,2023,956985.6963855422,695000.0,9005.199,6461.92529296875,118.22651,4.1493975903614455,-3.906024,2.7503614,3.31,4.79,830,368683.0,39850.5,40.94112745315234,20.827844067201163,Rural
Lolland,Zealand Region,2024,1065882.0822281167,749950.0,10418.418,7167.39892578125,114.438995,4.083554376657825,-4.4084883,3.5071616,1.13,4.34,754,375788.6666666667,39479.5,36.06964768227448,19.098519484795908,Rural
Lyngby-Taarbæk,Capital Region,2008,3803063.502673797,3800000.0,26321.188,26136.36328125,145.59894,5.021390374331551,-6.042781,4.042781,3.4200003,6.52,187,368872.3333333333,51547.0,14.014273722498139,3.627757192465129,Urban
Lyngby-Taarbæk,Capital Region,2009,3655536.304347826,3470000.0,24513.94,23626.373046875,150.14624,4.996047430830039,-7.4624505,1.798419,1.3,5.5,253,364294.6666666667,51680.75,14.860714624685656,4.895439791411696,Urban
Lyngby-Taarbæk,Capital Region,2010,3844048.0788530465,3700000.0,25517.59,25657.89453125,152.23656,5.132616487455197,-4.5698924,0.8216846,2.31,4.53,279,417518.6666666667,52414.75,16.361994477796166,5.322929137313447,Urban
Lyngby-Taarbæk,Capital Region,2011,4297787.61637931,3912500.0,27506.857,27338.2861328125,158.58621,5.271551724137931,-5.547414,0.9773707,2.76,4.75,232,432320.6666666667,52896.0,15.716832594384254,4.385964912280701,Urban
Lyngby-Taarbæk,Capital Region,2012,3892994.467576792,3700000.0,25133.31,25347.22265625,154.70308,5.078498293515358,-5.235495,0.40870306,2.4,3.66,293,446488.6666666667,53438.75,17.764817553544148,5.482912680405137,Urban
Lyngby-Taarbæk,Capital Region,2013,3889736.904761905,3757500.0,25853.293,25547.0830078125,150.56613,5.097883597883598,-4.34127,0.0,0.78999996,3.4800003,378,466437.6666666667,53997.25,18.041712004218056,7.000356499636555,Urban
Lyngby-Taarbæk,Capital Region,2014,4092956.488431877,3975000.0,27842.121,28214.28515625,148.33932,4.904884318766067,-3.4652956,0.0,0.56,3.06,389,493591.6666666667,54467.0,17.728235096265358,7.14193915581912,Urban
Lyngby-Taarbæk,Capital Region,2015,4578257.084090909,4400000.0,30882.72,29940.88671875,147.16591,4.915909090909091,-2.8886364,0.0,0.45,2.78,440,531065.0,54823.75,17.196186087235837,8.025718780637954,Urban
Lyngby-Taarbæk,Capital Region,2016,4544553.565432099,4400000.0,31655.824,31250.0,144.87901,4.802469135802469,-2.8395061,0.0,0.25,2.55,405,513690.6666666667,55225.75,16.227366776700133,7.333535533695785,Urban
Lyngby-Taarbæk,Capital Region,2017,4644559.592760181,4460000.0,32079.098,31928.572265625,146.03168,5.0,-2.6244345,0.0,1.15,2.26,221,521163.0,55404.25,16.246186223814647,3.9888636702058053,Urban
Lyngby-Taarbæk,Capital Region,2018,4869474.335238095,4695000.0,33968.777,34210.52734375,143.58095,4.8342857142857145,-2.8019047,0.0,0.81,2.12,525,534723.0,55587.25,15.741602943196924,9.444611848940179,Urban
Lyngby-Taarbæk,Capital Region,2019,5101464.031598513,4930000.0,35164.977,34604.203125,143.69516,4.758364312267658,-2.6431227,0.0,0.76,1.35,538,557479.3333333334,56104.75,15.853254598555074,9.589205905025867,Urban
Lyngby-Taarbæk,Capital Region,2020,5774423.074650078,5450000.0,38631.14,37727.2734375,148.20062,4.828926905132193,-2.3888025,0.0,0.42,1.1,643,577207.3333333334,56273.25,14.941504012911174,11.426388203986797,Urban
Lyngby-Taarbæk,Capital Region,2021,6311900.3605220225,6200000.0,44191.523,43815.7890625,142.43393,4.6753670473083195,-1.4828712,0.0,1.85,1.47,613,624304.6666666666,57113.25,14.127249397280709,10.733061067265476,Urban
Lyngby-Taarbæk,Capital Region,2022,5949840.911931818,5900000.0,45162.336,44359.626953125,128.18182,4.463068181818182,-3.7897727,0.15696022,7.7,3.7299998,352,606330.0,58093.75,13.425567711997891,6.059171597633136,Urban
Lyngby-Taarbæk,Capital Region,2023,5817738.975524476,5500000.0,43771.25,43083.810546875,129.06993,4.449300699300699,-4.2395105,2.8427446,3.31,4.79,572,673711.6666666666,58507.75,15.391647866274475,9.776482602732116,Urban
Lyngby-Taarbæk,Capital Region,2024,5976604.671641791,6012500.0,45957.566,45945.9453125,126.41791,4.477611940298507,-3.1442785,3.525995,1.13,4.34,402,676190.6666666666,58649.75,14.713369865294142,6.854249165597466,Urban
Læsø,North Jutland,2008,964705.0681818182,837500.0,11366.024,7431.196533203125,108.75,4.068181818181818,-2.340909,4.034091,3.4200003,6.52,44,240512.33333333337,2001.25,21.160639229103634,21.98625858838226,Rural
Læsø,North Jutland,2009,824578.3333333334,857500.0,8645.576,8817.77099609375,106.433334,4.2,-5.766667,1.9833333,1.3,5.5,30,247791.0,1987.0,28.66101691778547,15.09813789632612,Rural
Læsø,North Jutland,2010,921107.894736842,825000.0,9283.252,8693.181640625,107.3421,4.368421052631579,-5.3421054,0.78289473,2.31,4.53,38,274156.0,1966.75,29.532323371163464,19.321215202745645,Rural
Læsø,North Jutland,2011,1058524.6666666667,960000.0,12264.793,10808.2705078125,106.90476,4.190476190476191,-5.2380953,1.1071428,2.76,4.75,21,284137.3333333333,1938.0,23.16690818453547,10.8359133126935,Rural
Læsø,North Jutland,2012,1158668.3333333333,925000.0,9851.214,7614.468994140625,119.80556,4.611111111111111,-6.361111,0.4861111,2.4,3.6600003,36,290312.3333333333,1877.75,29.469701230054824,19.17188124084676,Rural
Læsø,North Jutland,2013,959404.023255814,900000.0,11128.711,8695.65234375,112.48837,4.046511627906977,-5.27907,0.0,0.79,3.48,43,297667.6666666667,1845.5,26.747721876025597,23.29991872121376,Rural
Læsø,North Jutland,2014,934949.0784313724,789630.0,10840.7705,7021.7392578125,106.411766,3.823529411764706,-7.490196,0.0,0.56,3.06,51,296777.6666666667,1802.75,27.376067657429576,28.290112328387185,Rural
Læsø,North Jutland,2015,927458.566037736,700000.0,9037.155,7796.6103515625,104.79245,4.226415094339623,-5.6037736,0.0,0.44999996,2.78,53,300300.3333333333,1804.75,33.229521163832345,29.36694833079374,Rural
Læsø,North Jutland,2016,804471.0491803279,700000.0,8978.953,7142.85693359375,101.81967,3.704918032786886,-5.967213,0.0,0.25,2.55,61,309950.6666666667,1815.75,34.51968917385654,33.59493322318601,Rural
Læsø,North Jutland,2017,787240.3421052631,787500.0,8873.378,7031.609130859375,99.3421,4.0,-4.5789475,0.0,1.15,2.26,38,318793.3333333333,1798.5,35.92694161494453,21.1287183764248,Rural
Læsø,North Jutland,2018,1129294.8101265824,785000.0,11502.116,8536.5849609375,112.48101,4.3924050632911396,-3.164557,0.0,0.81,2.12,79,315192.3333333333,1811.0,27.402986835929433,43.622308117062396,Rural
Læsø,North Jutland,2019,1076272.43,893750.0,12108.608,10589.8994140625,97.13,4.07,-4.32,0.0,0.76,1.35,100,327495.3333333333,1808.0,27.046489021143746,55.309734513274336,Rural
Læsø,North Jutland,2020,1223511.9663865543,965000.0,13742.747,12313.4326171875,97.260506,3.941176470588235,-4.277311,0.0,0.42,1.1,119,338138.6666666667,1779.0,24.604881881814947,66.89151208544126,Rural
Læsø,North Jutland,2021,1115680.8905109488,950000.0,12466.206,10604.3955078125,104.78102,4.109489051094891,-3.2773724,0.0,1.85,1.47,137,365750.6666666667,1780.0,29.339372914795945,76.96629213483146,Rural
Læsø,North Jutland,2022,1097373.4939759036,900000.0,11463.666,9972.97265625,115.54217,4.192771084337349,-3.1566265,0.11746988,7.7,3.73,83,344803.0,1782.25,30.07790003651537,46.57034647215598,Rural
Læsø,North Jutland,2023,1293622.1341463414,1000000.0,14809.753,10526.62353515625,98.80488,3.951219512195122,-2.7317073,2.795122,3.3099997,4.79,82,368908.0,1780.5,24.909800993980113,46.05447907891042,Rural
Læsø,North Jutland,2024,1129310.0,1100000.0,11414.972,9076.29833984375,110.44,4.36,-4.46,3.475,1.13,4.34,50,372688.3333333333,1748.5,32.64907993934048,28.595939376608523,Rural
Mariagerfjord,North Jutland,2008,1393823.4478371502,1000000.0,11477.719,8888.888671875,132.9313,4.524173027989822,-2.3486006,4.0330787,3.42,6.5200005,393,274191.0,42695.25,23.888980031659603,9.204771022537635,Rural
Mariagerfjord,North Jutland,2009,1184366.0296052631,920000.0,10325.039,8061.929443359375,128.7533,4.292763157894737,-4.305921,1.9032894,1.3,5.5,304,279353.3333333333,42720.25,27.055910716979692,7.116063225285433,Rural
Mariagerfjord,North Jutland,2010,1259332.2562189056,975000.0,9791.41,7908.687744140625,138.43532,4.552238805970149,-4.4179106,0.8140547,2.31,4.53,402,302996.0,42556.0,30.945083496656764,9.446376539148416,Rural
Mariagerfjord,North Jutland,2011,1399309.0747922438,970000.0,11526.239,8545.91796875,130.69252,4.3185595567867034,-4.296399,1.0180055,2.76,4.75,361,309872.6666666667,42566.5,26.884109089414743,8.480847614908438,Rural
Mariagerfjord,North Jutland,2012,1707350.851851852,1100000.0,14190.304,8894.23046875,132.49858,4.6239316239316235,-4.3276353,0.43304843,2.4,3.66,351,319155.0,42349.75,22.491061502276484,8.288124487157539,Rural
Mariagerfjord,North Jutland,2013,1140790.0686567165,845000.0,9873.077,7870.37060546875,132.1403,4.4,-4.552239,0.0,0.78999996,3.4800003,335,323506.3333333333,42072.0,32.766515781587984,7.962540406921468,Rural
Mariagerfjord,North Jutland,2014,1249689.5366568917,940000.0,10060.947,7777.77783203125,139.57478,4.580645161290323,-3.9648094,0.0,0.56,3.06,341,330731.3333333333,42063.75,32.87278357925286,8.106742741671866,Rural
Mariagerfjord,North Jutland,2015,1312990.49543379,850000.0,9906.063,7469.4384765625,139.6621,4.4840182648401825,-5.2031965,0.0,0.45,2.78,438,334548.6666666667,42132.75,33.772111752839315,10.395713548249283,Rural
Mariagerfjord,North Jutland,2016,1382829.2653508773,965000.0,11325.676,8408.07958984375,133.9649,4.535087719298246,-3.745614,0.0,0.25,2.55,456,341532.0,42115.5,30.15555097991502,10.827367596253161,Rural
Mariagerfjord,North Jutland,2017,1341710.4108280255,1000000.0,11735.545,8666.6669921875,130.89172,4.3630573248407645,-3.557325,0.0,1.15,2.26,314,351401.6666666667,42075.25,29.943361528302834,7.462819591089773,Rural
Mariagerfjord,North Jutland,2018,1439446.6238410596,1170000.0,13007.83,9285.7138671875,129.84769,4.300662251655629,-4.6807947,0.0,0.81,2.12,755,358681.0,42126.0,27.57423797820236,17.922423206570762,Rural
Mariagerfjord,North Jutland,2019,1630672.0526992287,1135000.0,14781.147,9536.6171875,127.39332,4.246786632390745,-3.4678664,0.0,0.75999993,1.35,778,373301.3333333333,41943.0,25.255234477631085,18.548983143790384,Rural
Mariagerfjord,North Jutland,2020,1593365.5031120332,1097500.0,14310.255,9934.27734375,122.377594,4.255186721991701,-3.578838,0.0,0.42,1.1,964,390000.0,41693.25,27.253183119378377,23.121248643365533,Rural
Mariagerfjord,North Jutland,2021,1658524.1203079885,1200000.0,13737.389,10483.2216796875,131.20885,4.398460057747834,-3.0048122,0.0,1.85,1.47,1039,405417.6666666667,41563.5,29.511988534842153,24.997894787493834,Rural
Mariagerfjord,North Jutland,2022,1484587.7503267974,1130000.0,11525.428,9836.0654296875,135.0353,4.559477124183006,-3.6444445,0.123202614,7.7,3.73,765,412580.0,41775.75,35.79736908685734,18.31205902946087,Rural
Mariagerfjord,North Jutland,2023,1612653.3930481283,1185000.0,13045.528,10389.158203125,131.19786,4.4532085561497325,-4.30615,2.7919116,3.31,4.79,748,422829.6666666667,41853.0,32.411847697284976,17.87207607578907,Rural
Mariagerfjord,North Jutland,2024,1678303.2402957487,1185000.0,13326.428,10937.5,130.29759,4.489833641404806,-3.7467651,3.5274491,1.13,4.34,541,432727.6666666667,41760.5,32.47139193388256,12.954825732450521,Rural
Middelfart,Southern Denmark,2008,1709495.4103671706,1295000.0,13351.375,10975.609375,136.91145,4.572354211663067,-2.3434126,4.046976,3.42,6.52,463,293550.6666666667,37388.0,21.9865494502751,12.383652508826362,Rural
Middelfart,Southern Denmark,2009,1422605.4027303755,1225000.0,10574.319,9589.5517578125,142.53925,4.737201365187714,-4.8464165,2.0003412,1.3,5.5,293,302919.0,37647.75,28.64666745915269,7.782669615050036,Rural
Middelfart,Southern Denmark,2010,1496523.7451403888,1225000.0,11652.871,9313.7255859375,143.73434,4.792656587473002,-3.974082,0.80291575,2.3100002,4.53,463,329818.3333333333,37642.75,28.303611473372815,12.299845255726535,Rural
Middelfart,Southern Denmark,2011,1667704.0554216867,1250000.0,13041.27,10341.615234375,136.3518,4.5686746987951805,-4.325301,0.9506024,2.76,4.75,415,330062.6666666667,37657.0,25.309089273258408,11.020527391985555,Rural
Middelfart,Southern Denmark,2012,1558859.6949541285,1185000.0,13675.785,9189.81494140625,136.76605,4.575688073394495,-6.603211,0.4478211,2.4,3.66,436,343653.0,37622.5,25.128575800219146,11.58880988770018,Rural
Middelfart,Southern Denmark,2013,1397808.7892271662,1125000.0,11909.822,10132.7431640625,132.80093,4.437939110070258,-5.4215455,0.0,0.79,3.48,427,350617.6666666667,37586.5,29.439370854297124,11.36046186795791,Rural
Middelfart,Southern Denmark,2014,1665715.2176724137,1250000.0,14023.481,10112.1552734375,136.43535,4.577586206896552,-4.37069,0.0,0.56,3.06,464,356467.0,37776.75,25.419294966777507,12.282687102516759,Rural
Middelfart,Southern Denmark,2015,1791896.992063492,1282500.0,14936.705,10297.41357421875,135.73334,4.4222222222222225,-4.3095236,0.0,0.45,2.78,630,370589.0,37896.25,24.81062590444144,16.62433618102055,Rural
Middelfart,Southern Denmark,2016,1932042.9196290572,1335000.0,15531.337,11868.6865234375,137.29985,4.556414219474497,-3.4667697,0.0,0.25,2.55,647,371755.6666666667,37973.75,23.93584445863654,17.038085519602355,Rural
Middelfart,Southern Denmark,2017,1714611.7813411078,1375000.0,13903.436,10933.9619140625,134.87172,4.475218658892128,-3.7492712,0.0,1.15,2.26,343,389920.0,38124.25,28.04486603167735,8.996898299638682,Rural
Middelfart,Southern Denmark,2018,2051758.833518313,1445000.0,17259.941,11688.3115234375,134.46393,4.544950055493896,-3.4683685,0.0,0.81,2.12,901,394646.0,38319.75,22.864852203144846,23.512679492950763,Rural
Middelfart,Southern Denmark,2019,1890091.2848167536,1400000.0,15415.843,11616.1611328125,137.2199,4.559162303664921,-3.3895288,0.0,0.76,1.35,955,414836.6666666667,38729.25,26.909762032907746,24.65836544730404,Rural
Middelfart,Southern Denmark,2020,1912456.3047619048,1500000.0,15124.563,12269.06787109375,139.23619,4.649523809523809,-3.4561906,0.0,0.42,1.1,1050,432931.3333333333,38958.0,28.624386260504405,26.952102263976588,Rural
Middelfart,Southern Denmark,2021,2114466.1064150943,1655000.0,16693.805,12681.1591796875,140.92377,4.613584905660377,-2.034717,0.0,1.85,1.47,1325,447733.0,39339.75,26.820308491682994,33.680946116841106,Rural
Middelfart,Southern Denmark,2022,2114504.6045503793,1675000.0,16646.432,13541.6669921875,135.32828,4.56771397616468,-2.9544961,0.10915493,7.7,3.73,923,457110.3333333333,39802.5,27.45995858652072,23.189498147101315,Rural
Middelfart,Southern Denmark,2023,1996781.756440281,1595000.0,15579.728,12699.7451171875,138.32787,4.578454332552694,-3.203747,2.7906322,3.31,4.79,854,468068.0,40056.0,30.0433999874709,21.320151787497505,Rural
Middelfart,Southern Denmark,2024,2222189.26552795,1675000.0,16878.754,13834.33154296875,137.51086,4.586956521739131,-3.6304348,3.5177016,1.13,4.34,644,477436.0,40267.75,28.286211174118655,15.992947209615634,Rural
Morsø,North Jutland,2008,1260327.163841808,750000.0,8771.403,5867.34716796875,146.18645,4.8474576271186445,-2.039548,4.0536723,3.42,6.5200005,177,257515.66666666663,22138.5,29.358549215748795,7.99512162070601,Rural
Morsø,North Jutland,2009,1029960.085106383,715000.0,6595.7056,5567.95263671875,146.58156,4.716312056737588,-5.397163,1.929078,1.3,5.5,141,262191.6666666667,22008.5,39.75187532121911,6.406615625780948,Rural
Morsø,North Jutland,2010,1078060.825396825,750000.0,9319.757,5929.4873046875,133.28572,4.492063492063492,-3.6455026,0.8095238,2.31,4.53,189,277716.0,21759.5,29.798631015808674,8.685861347917003,Rural
Morsø,North Jutland,2011,985250.071942446,740000.0,8092.1367,5357.14306640625,136.80576,4.597122302158273,-4.683453,1.0179856,2.76,4.75,139,290523.0,21532.0,35.90188979382911,6.4555080809957275,Rural
Morsø,North Jutland,2012,1429874.53125,727500.0,11038.121,5729.443115234375,136.84375,4.575,-4.775,0.4359375,2.4,3.6600003,160,298527.3333333333,21340.0,27.045122383903323,7.497656982193065,Rural
Morsø,North Jutland,2013,1243301.1971830986,760000.0,10405.34,5310.48388671875,147.2183,4.823943661971831,-3.8380282,0.0,0.79,3.48,142,307953.0,21111.5,29.595669146803466,6.726191885938944,Rural
Morsø,North Jutland,2014,1097386.9491525425,786302.0,9017.037,6018.5185546875,137.49153,4.581920903954802,-3.779661,0.0,0.56,3.06,177,311244.6666666667,20942.5,34.51739930385854,8.451713023755522,Rural
Morsø,North Jutland,2015,1521580.8442211056,800000.0,10120.902,5862.06884765625,148.09045,4.949748743718593,-3.9698493,0.0,0.45,2.78,199,317305.3333333333,20755.25,31.351487578215195,9.587935582563448,Rural
Morsø,North Jutland,2016,1377759.8917525774,850000.0,11350.742,5990.196044921875,147.73196,4.881443298969073,-4.6185565,0.0,0.25,2.55,194,320061.6666666667,20677.0,28.197422394647564,9.382405571407844,Rural
Morsø,North Jutland,2017,1063510.947826087,726000.0,7538.479,6714.28564453125,139.93044,4.6,-3.0521739,0.0,1.15,2.26,115,332729.0,20611.25,44.13741817149056,5.579477227242404,Rural
Morsø,North Jutland,2018,1452426.990740741,890000.0,14145.719,7557.109375,126.12963,4.2407407407407405,-2.6265433,0.0,0.81,2.12,324,335170.0,20488.5,23.694094305139245,15.813749176367232,Rural
Morsø,North Jutland,2019,1416274.774834437,808274.0,9144.663,6404.66943359375,149.89735,4.854304635761589,-3.6986754,0.0,0.76,1.35,302,354371.6666666667,20351.0,38.75174696614481,14.839565623310893,Rural
Morsø,North Jutland,2020,1380843.599009901,900000.0,11697.622,7678.471435546875,137.64357,4.564356435643564,-2.9306931,0.0,0.42,1.1,404,365478.0,20198.0,31.243786130206637,20.001980394098428,Rural
Morsø,North Jutland,2021,1339782.0661577608,950000.0,10658.602,7301.58740234375,138.52417,4.590330788804072,-3.0559797,0.0,1.85,1.47,393,376935.3333333333,20070.25,35.36442521573967,19.581220961373177,Rural
Morsø,North Jutland,2022,1311069.5958188153,840000.0,9248.952,6297.7099609375,143.96864,4.801393728222997,-3.4947736,0.14041811,7.7,3.73,287,391516.6666666667,20064.5,42.330922105192755,14.303870019188118,Rural
Morsø,North Jutland,2023,1304779.6352201258,875000.0,9940.889,6330.064697265625,144.01257,4.80188679245283,-3.4748428,2.7748427,3.31,4.79,318,394264.3333333333,19879.0,39.66087271805704,15.996780522159062,Rural
Morsø,North Jutland,2024,1201487.2833333334,837500.0,8797.684,6957.2177734375,136.375,4.591666666666667,-3.8375,3.5072916,1.13,4.34,240,405066.6666666667,19644.0,46.04242055825905,12.217470983506415,Rural
Norddjurs,Central Jutland,2008,1263705.0555555555,1054000.0,11458.773,9341.63037109375,129.13757,4.531746031746032,-2.425926,4.0502644,3.42,6.52,378,266009.0,38519.75,23.21444014991832,9.813147800803483,Rural
Norddjurs,Central Jutland,2009,1311520.355172414,940839.5,11143.123,9000.0,119.010345,4.327586206896552,-3.9448276,1.9472414,1.3,5.5,290,270782.0,38292.75,24.300368936069358,7.573235142422521,Rural
Norddjurs,Central Jutland,2010,1240744.4055555556,977500.0,11247.714,8722.00048828125,128.99167,4.458333333333333,-3.4027777,0.80972224,2.31,4.53,360,292634.6666666667,38096.25,26.01725707700842,9.449748991042426,Rural
Norddjurs,Central Jutland,2011,1219716.0573065905,925000.0,11032.558,8369.5654296875,122.72493,4.383954154727793,-4.942693,1.0007163,2.76,4.75,349,299330.6666666667,37946.75,27.131574261079493,9.197098565753326,Rural
Norddjurs,Central Jutland,2012,1199756.824137931,931250.0,11000.094,8517.9619140625,120.81035,4.4655172413793105,-4.6,0.4275862,2.4,3.66,290,304655.3333333333,37965.25,27.695702721570683,7.638564213326661,Rural
Norddjurs,Central Jutland,2013,1118969.467353952,965000.0,10378.215,7857.14306640625,122.75601,4.285223367697594,-4.9312716,0.0,0.79,3.48,291,309833.3333333333,37994.0,29.854202609344025,7.659104069063536,Rural
Norddjurs,Central Jutland,2014,1207569.5013623978,895000.0,10967.501,8271.0283203125,122.0327,4.474114441416893,-4.2179837,0.0,0.56,3.06,367,315268.6666666667,37891.0,28.74571578946441,9.685677337626348,Rural
Norddjurs,Central Jutland,2015,1293745.3529411764,912500.0,11804.195,8676.986328125,118.54832,4.28781512605042,-4.4936976,0.0,0.45,2.78,476,320243.0,37997.5,27.129592488094275,12.52713994341733,Rural
Norddjurs,Central Jutland,2016,1131145.0380549682,795000.0,9528.13,7594.9365234375,126.769554,4.4926004228329806,-4.5687103,0.0,0.25,2.55,473,322255.3333333333,38093.5,33.82146689154465,12.4168165172536,Rural
Norddjurs,Central Jutland,2017,1180057.4120171673,935000.0,11666.175,9415.384765625,114.60515,4.309012875536481,-4.2961373,0.0,1.15,2.26,233,331832.6666666667,38111.0,28.44399871137427,6.113720448164572,Rural
Norddjurs,Central Jutland,2018,1097706.8662092625,875000.0,10454.639,8369.5654296875,120.113205,4.406518010291595,-3.4356775,0.0,0.81,2.12,583,338259.3333333333,37977.5,32.35495107323489,15.351194786386676,Rural
Norddjurs,Central Jutland,2019,1207337.106707317,917500.0,11717.684,8918.8310546875,117.314026,4.288109756097561,-3.675305,0.0,0.76,1.35,656,346867.3333333333,37529.0,29.60203853708065,17.47981560926217,Rural
Norddjurs,Central Jutland,2020,1178995.4584295612,995000.0,11614.803,10112.71533203125,111.11201,4.189376443418014,-3.3244803,0.0,0.42,1.1,866,364596.6666666667,36996.25,31.390688818972365,23.40777781531912,Rural
Norddjurs,Central Jutland,2021,1328444.294534413,1125000.0,13291.013,10873.60498046875,113.51518,4.185222672064778,-2.48583,0.0,1.85,1.47,988,377215.0,36979.0,28.381207662651445,26.71786689742827,Rural
Norddjurs,Central Jutland,2022,1423087.3805555557,1100000.0,13143.9375,10405.22412109375,119.709724,4.3625,-3.4083333,0.13,7.7,3.73,720,386005.0,37015.25,29.367531609154412,19.45144231093941,Rural
Norddjurs,Central Jutland,2023,1406515.604261796,1100000.0,13424.306,10333.3330078125,118.64079,4.226788432267885,-3.4246576,2.8533485,3.31,4.79,657,395154.3333333333,36949.5,29.43573644204276,17.781025453659723,Rural
Norddjurs,Central Jutland,2024,1310131.6517509727,1099000.0,12446.065,10368.859375,113.963036,4.227626459143969,-3.9319067,3.5036962,1.13,4.34,514,403929.6666666667,36738.0,32.45440761129455,13.990963035549022,Rural
Nordfyns,Southern Denmark,2008,1410830.6962750717,1200000.0,12920.432,10396.8251953125,124.120346,4.45272206303725,-1.9455588,4.0530086,3.4200003,6.52,349,267450.6666666667,29577.5,20.69982386553845,11.799509762488377,Rural
Nordfyns,Southern Denmark,2009,1295219.4408163263,1000000.0,11300.845,9130.4345703125,131.59592,4.706122448979592,-3.967347,1.9208163,1.3,5.5,245,275193.0,29658.5,24.351541853728637,8.260700979483115,Rural
Nordfyns,Southern Denmark,2010,1269036.9580152673,1085000.0,11347.289,8311.744140625,133.51144,4.6183206106870225,-3.5229008,0.8043893,2.31,4.53,262,300419.0,29574.5,26.474958027419586,8.858983245701532,Rural
Nordfyns,Southern Denmark,2011,1475722.9579831932,1032500.0,11152.899,8901.20703125,140.47058,4.684873949579832,-4.1260505,0.98109245,2.76,4.75,238,310139.0,29472.5,27.80792688968133,8.075324455000425,Rural
Nordfyns,Southern Denmark,2012,1189965.2817460315,850000.0,10012.701,7842.113525390625,128.37302,4.507936507936508,-4.0833335,0.43849206,2.4,3.66,252,315629.3333333333,29286.0,31.522896102992924,8.60479409956976,Rural
Nordfyns,Southern Denmark,2013,1201060.148,940000.0,9917.304,7723.559326171875,135.956,4.844,-4.652,0.0,0.79,3.48,250,325175.6666666667,29124.0,32.788716234438986,8.583985716247769,Rural
Nordfyns,Southern Denmark,2014,1178579.4354354355,900000.0,11864.811,8000.0,125.45345,4.312312312312312,-4.2132134,0.0,0.56,3.06,333,328878.6666666667,29041.75,27.71882895283091,11.466251172880423,Rural
Nordfyns,Southern Denmark,2015,1228972.2222222222,935000.0,11570.336,7950.0,128.33876,4.46070460704607,-4.00542,0.0,0.45000002,2.78,369,334231.3333333333,29164.5,28.886916795962826,12.652368461657153,Rural
Nordfyns,Southern Denmark,2016,1242097.676744186,1045182.5,10525.872,8941.3525390625,133.43024,4.52093023255814,-4.1976743,0.0,0.25,2.55,430,337149.0,29341.0,32.03050540610792,14.6552605568999,Rural
Nordfyns,Southern Denmark,2017,1269034.4609665428,940000.0,10577.1455,8116.88330078125,138.11153,4.691449814126394,-2.9776952,0.0,1.15,2.26,269,348512.6666666667,29543.0,32.94959558480751,9.105371830890565,Rural
Nordfyns,Southern Denmark,2018,1209499.5663551402,1050000.0,10155.994,8313.953125,137.17383,4.676635514018692,-3.2953272,0.0,0.81,2.12,535,357292.6666666667,29608.0,35.18047240542547,18.069440691704944,Rural
Nordfyns,Southern Denmark,2019,1453882.4912587414,1150000.0,13179.508,10161.11279296875,127.12588,4.335664335664336,-2.7185314,0.0,0.76,1.35,572,366726.6666666667,29726.75,27.825520244508876,19.241928566022185,Rural
Nordfyns,Southern Denmark,2020,1464724.641581633,1157500.0,13788.366,10550.458984375,122.71939,4.311224489795919,-2.5790815,0.0,0.42,1.1,784,379912.3333333333,29636.0,27.55310769480106,26.454312322850587,Rural
Nordfyns,Southern Denmark,2021,1614763.7780401416,1300000.0,15085.823,11715.6865234375,128.44038,4.478158205430932,-2.3636363,0.0,1.8500001,1.4699999,847,394164.6666666667,29583.5,26.12815135552543,28.630824615072594,Rural
Nordfyns,Southern Denmark,2022,1639606.303921569,1350000.0,14605.585,11618.837890625,130.47223,4.566993464052287,-3.1862745,0.11258169,7.7,3.73,612,400106.6666666667,29811.5,27.394087033601647,20.52899049024705,Rural
Nordfyns,Southern Denmark,2023,1506646.8971061094,1200000.0,14117.677,11458.3330078125,121.68489,4.358520900321543,-3.2797427,2.7711413,3.3100002,4.79,622,411210.6666666667,29692.75,29.127360447945275,20.947874481144385,Rural
Nordfyns,Southern Denmark,2024,1869994.4340527577,1300000.0,16721.094,13125.0,122.69065,4.410071942446043,-3.9904077,3.5118704,1.13,4.34,417,419328.3333333333,29549.0,25.077804917150356,14.11215269552269,Rural
Nyborg,Southern Denmark,2008,1670638.064171123,1425000.0,14170.536,11503.623046875,128.32086,4.411764705882353,-3.106952,4.0280747,3.4200003,6.52,187,273885.6666666667,31646.0,19.327826884365326,5.90911963597295,Rural
Nyborg,Southern Denmark,2009,2057711.3458333337,1642500.0,22189.4,15403.548828125,111.03333,3.8875,-3.8375,1.9425,1.3,5.5,240,283633.3333333333,31716.75,12.78237957463173,7.566979592801911,Rural
Nyborg,Southern Denmark,2010,1749424.5372340423,1300000.0,14070.508,10995.689453125,131.34575,4.26063829787234,-3.2074468,0.79920214,2.31,4.53,188,303081.0,31623.5,21.54016045476112,5.944946005344127,Rural
Nyborg,Southern Denmark,2011,1648497.874015748,1385000.0,15509.475,11460.1767578125,123.46457,4.251968503937008,-4.7559056,1.031496,2.76,4.75,127,307683.0,31530.5,19.838389113751433,4.0278460538209035,Rural
Nyborg,Southern Denmark,2012,1453451.6304347827,1162500.0,12679.994,9973.1181640625,134.22826,4.521739130434782,-5.4184785,0.44429347,2.4,3.66,184,314840.6666666667,31415.0,24.829717322158565,5.857074645869807,Rural
Nyborg,Southern Denmark,2013,1885652.8728070175,1428000.0,18481.61,12710.14501953125,118.27193,4.0131578947368425,-4.864035,0.0,0.79,3.48,228,320565.3333333333,31297.25,17.34509782066245,7.284985102524982,Rural
Nyborg,Southern Denmark,2014,1628940.7230046948,1200000.0,14458.169,10294.1171875,128.01878,4.408450704225352,-5.5868545,0.0,0.56,3.06,213,327125.6666666667,31374.0,22.625663503218608,6.789061005928476,Rural
Nyborg,Southern Denmark,2015,1355963.2281553398,1175000.0,10712.139,9643.75,135.51456,4.645631067961165,-4.805825,0.0,0.45,2.78,206,331536.6666666667,31667.25,30.94962328874436,6.505143326307147,Rural
Nyborg,Southern Denmark,2016,1670229.5871559633,1265000.0,13773.394,10213.03955078125,131.16513,4.513761467889908,-4.293578,0.0,0.25,2.5499997,218,335234.0,31999.0,24.339244197907938,6.812712897278041,Rural
Nyborg,Southern Denmark,2017,1384127.5833333333,1216250.0,11785.88,10526.31591796875,122.06944,4.138888888888889,-3.7291667,0.0,1.15,2.26,144,343285.3333333333,32079.75,29.126830863145845,4.4888130362611935,Rural
Nyborg,Southern Denmark,2018,1636793.5442708333,1350000.0,13971.63,10766.3583984375,132.96614,4.4609375,-3.0598958,0.0,0.81,2.12,384,355158.6666666667,32033.25,25.419987980405057,11.987544192362623,Rural
Nyborg,Southern Denmark,2019,1781406.2647058824,1455000.0,14729.694,12154.76220703125,127.1123,4.347593582887701,-2.5160427,0.0,0.76,1.35,374,363419.0,32010.5,24.67254241669922,11.683666296996298,Rural
Nyborg,Southern Denmark,2020,1873429.7478448276,1485000.0,16750.22,12656.48486328125,125.36854,4.342672413793103,-2.6681035,0.0,0.42,1.1,464,381028.0,31958.25,22.747641523514318,14.518942683031769,Rural
Nyborg,Southern Denmark,2021,2166918.7873462215,1840000.0,20271.45,14500.0,122.48858,4.216168717047451,-1.7592267,0.0,1.85,1.47,569,397142.0,31992.5,19.591198458916356,17.785418457450966,Rural
Nyborg,Southern Denmark,2022,1993453.6533665836,1550000.0,16128.321,13425.92578125,131.8803,4.43640897755611,-2.468828,0.12157107,7.7,3.73,401,399930.6666666667,32132.25,24.796794822391412,12.47967384792537,Rural
Nyborg,Southern Denmark,2023,1957517.1333333333,1500000.0,15997.643,13395.02001953125,128.59697,4.515151515151516,-3.5,2.8004544,3.3099997,4.79,330,418554.3333333333,32279.25,26.163500043933553,10.223285857013407,Rural
Nyborg,Southern Denmark,2024,2006672.0136518772,1685000.0,17240.668,14884.392578125,124.604095,4.375426621160409,-3.1535835,3.5334468,1.13,4.34,293,422968.6666666667,32229.25,24.53319480815167,9.091120643514818,Rural
Næstved,Zealand Region,2008,1646978.3435294118,1400000.0,14265.926,13439.306640625,122.82353,4.209411764705882,-2.3247058,4.0394115,3.42,6.52,425,279390.0,80856.25,19.584427957918752,5.256241787122208,Urban
Næstved,Zealand Region,2009,1649170.966480447,1205000.0,15400.582,11657.23583984375,118.84916,4.078212290502793,-4.3770947,1.9290502,1.3,5.5,358,288951.6666666667,81021.75,18.762386166098572,4.4185666194571205,Urban
Næstved,Zealand Region,2010,1468661.0515970516,1257000.0,12295.291,10791.6669921875,129.23341,4.361179361179361,-3.7469287,0.8083538,2.31,4.53,407,311054.0,81018.0,25.298628556249707,5.023575008022909,Urban
Næstved,Zealand Region,2011,1479289.3669250647,1200000.0,12659.255,10433.673828125,129.39276,4.242894056847545,-4.237726,1.0083979,2.76,4.75,387,317032.3333333333,80932.0,25.043522176726302,4.7817921217812485,Urban
Næstved,Zealand Region,2012,1182216.967828418,1015000.0,9961.871,8505.154296875,127.12332,4.2922252010723865,-4.621984,0.42828417,2.4,3.66,373,325232.6666666667,81149.75,32.64774926985771,4.596440531240084,Urban
Næstved,Zealand Region,2013,1267710.0688836104,1085000.0,11012.931,9117.6474609375,124.748215,4.14251781472684,-4.0831356,0.0,0.78999996,3.4799998,421,332838.0,81205.25,30.222472110285626,5.184393866160131,Urban
Næstved,Zealand Region,2014,1359404.4857142856,1038880.0,10878.559,9060.40234375,128.55385,4.34065934065934,-4.068132,0.0,0.56,3.06,455,338009.6666666667,81514.75,31.07118016886857,5.5818118806719035,Urban
Næstved,Zealand Region,2015,1340751.2607973423,1097500.0,10867.198,9563.85546875,128.14285,4.305647840531561,-3.0830564,0.0,0.45,2.78,602,344773.6666666667,81892.0,31.72608676741389,7.35114541102916,Urban
Næstved,Zealand Region,2016,1532528.3510273972,1247500.0,12518.304,10561.8310546875,129.05821,4.289383561643835,-2.6643836,0.0,0.25,2.55,584,349396.0,82463.75,27.910809643223235,7.081899622561429,Urban
Næstved,Zealand Region,2017,1406568.0363196123,1250000.0,11807.99,11079.13671875,127.903145,4.237288135593221,-2.3970945,0.0,1.15,2.26,413,359401.0,82740.25,30.43710233494439,4.991524681155786,Urban
Næstved,Zealand Region,2018,1584236.562566845,1310000.0,13193.406,11500.0,128.33263,4.2994652406417115,-2.2652407,0.0,0.81,2.12,935,367035.6666666667,83000.0,27.819629492692535,11.265060240963855,Urban
Næstved,Zealand Region,2019,1676822.2320441988,1350000.0,14762.99,12142.857421875,125.413445,4.169429097605893,-2.3581953,0.0,0.76,1.35,1086,378819.0,83065.5,25.660045830824245,13.074019899958467,Urban
Næstved,Zealand Region,2020,1751169.3227513228,1451000.0,16186.916,13480.392578125,117.4195,4.021164021164021,-1.9251701,0.0,0.42,1.1,1323,396372.0,83113.5,24.487184587848606,15.917991662004367,Urban
Næstved,Zealand Region,2021,1898282.7882352944,1650000.0,17042.193,14414.0625,121.67959,4.069896193771626,-1.4740485,0.0,1.85,1.4700001,1445,414204.0,83412.5,24.30461854293048,17.323542634497226,Urban
Næstved,Zealand Region,2022,1924134.5717234265,1650000.0,16497.281,14731.5439453125,122.90506,4.150670794633643,-2.4613004,0.10128998,7.7,3.73,969,414543.3333333333,84230.5,25.127979170224073,11.50414636028517,Urban
Næstved,Zealand Region,2023,1836811.1353315169,1570485.0,16682.064,14298.24609375,118.264305,4.008174386920981,-3.0526793,2.8105812,3.31,4.79,1101,426782.0,84625.0,25.583285137858244,13.010339734121123,Urban
Næstved,Zealand Region,2024,1994315.7566909976,1675000.0,18659.559,15212.8623046875,115.400246,3.942822384428224,-2.6180048,3.508759,1.13,4.34,822,435174.6666666667,84801.25,23.321808766577316,9.693253342374081,Urban
Odder,Central Jutland,2008,2149883.8938547485,1850000.0,17620.498,14497.041015625,136.2905,4.58659217877095,-2.726257,4.043296,3.42,6.52,179,297978.3333333333,21589.75,16.91089169746129,8.290971410044119,Rural
Odder,Central Jutland,2009,1897571.587628866,1502500.0,14841.63,12876.59228515625,135.96907,4.654639175257732,-3.6134021,1.9644331,1.3,5.5,194,311992.6666666667,21625.25,21.021455639755654,8.970994554976244,Rural
Odder,Central Jutland,2010,1834130.9936305732,1510000.0,14029.86,12293.49609375,142.55733,4.697452229299363,-3.111465,0.7993631,2.31,4.53,314,338671.6666666667,21793.25,24.139347553479983,14.408130957980108,Rural
Odder,Central Jutland,2011,1767063.3515981736,1500000.0,14455.655,13364.7802734375,128.65297,4.497716894977169,-3.589041,1.0057077,2.76,4.75,219,344991.3333333333,21815.75,23.865493008330187,10.038618887730195,Rural
Odder,Central Jutland,2012,1817282.1009174313,1625000.0,15299.781,12279.89111328125,135.88074,4.477064220183486,-3.3486238,0.41857797,2.4,3.66,218,355607.6666666667,21789.75,23.242663843794016,10.004704046627428,Rural
Odder,Central Jutland,2013,1580400.979661017,1331965.0,13829.587,11504.8544921875,128.1627,4.122033898305085,-3.840678,0.0,0.79,3.48,295,363727.3333333333,21824.5,26.30066489572923,13.516919058855875,Rural
Odder,Central Jutland,2014,1601388.0,1425000.0,13842.812,11935.4833984375,133.86739,4.519713261648746,-4.0537634,0.0,0.56,3.06,279,371084.6666666667,21810.5,26.807029284705067,12.792003851355998,Rural
Odder,Central Jutland,2015,1707091.540625,1460000.0,13046.848,12429.775390625,139.97188,4.725,-3.18125,0.0,0.45,2.78,320,374736.6666666667,21979.5,28.722390777195127,14.559020905844083,Rural
Odder,Central Jutland,2016,1807122.8441926343,1600000.0,14378.227,13600.0,133.7507,4.69971671388102,-3.677054,0.0,0.25,2.55,353,384668.0,22192.75,26.7535072300639,15.906095459102636,Rural
Odder,Central Jutland,2017,1958459.6137339056,1800000.0,15124.776,14648.4375,137.37769,4.669527896995708,-2.811159,0.0,1.15,2.26,233,392776.0,22466.75,25.969045756446246,10.370881413644609,Rural
Odder,Central Jutland,2018,1919345.991197183,1660000.0,15387.474,14148.55078125,135.98944,4.580985915492958,-2.6602113,0.0,0.81,2.12,568,401525.6666666667,22626.25,26.094319747781,25.10358543726866,Rural
Odder,Central Jutland,2019,1977709.0183946488,1700000.0,16540.398,14930.36669921875,131.21571,4.478260869565218,-2.493311,0.0,0.76,1.35,598,416308.6666666667,22752.0,25.169204916753916,26.283403656821378,Rural
Odder,Central Jutland,2020,2135075.7461430575,1850000.0,18036.713,15842.6962890625,130.75876,4.486676016830295,-2.14446,0.0,0.42,1.1,713,436959.0,22891.75,24.22608820132582,31.146592112879095,Rural
Odder,Central Jutland,2021,2409260.4225181597,2253750.0,19155.137,17618.2939453125,140.10411,4.6440677966101696,-1.279661,0.0,1.85,1.4699999,826,451780.0,23076.0,23.585318131632263,35.79476512393829,Rural
Odder,Central Jutland,2022,2586364.277777778,2499000.0,21587.451,20620.138671875,127.52381,4.396825396825397,-2.2301588,0.10833333,7.7,3.73,504,451324.3333333333,23466.0,20.90679132674503,21.47788289440041,Rural
Odder,Central Jutland,2023,2535220.2883064514,2250000.0,21620.75,19346.9638671875,126.52419,4.449596774193548,-3.4455645,2.8146167,3.31,4.79,496,466966.0,23753.25,21.598048171316908,20.88135307799985,Rural
Odder,Central Jutland,2024,2436328.6270096465,2300000.0,20734.795,19849.3984375,125.75884,4.511254019292605,-3.5434084,3.5099678,1.13,4.34,311,465993.0,23948.0,22.47396224558767,12.98647068648739,Rural
Odense,Southern Denmark,2008,1980410.820564516,1700000.0,18288.182,14391.78076171875,121.245964,4.105846774193548,-2.6633065,4.0582156,3.42,6.52,992,267845.3333333333,187137.75,14.645815168141551,5.300908020963168,Urban
Odense,Southern Denmark,2009,1829323.7913950456,1550000.0,15852.455,13214.2861328125,127.4837,4.303780964797914,-4.900913,1.763103,1.3,5.5,767,276564.6666666667,188167.25,17.44617263803409,4.076160968500098,Urban
Odense,Southern Denmark,2010,2097872.9749351772,1560000.0,16923.307,13314.6064453125,132.25497,4.320656871218669,-3.5488331,0.81071734,2.31,4.53,1157,299425.6666666667,189222.25,17.693094302825486,6.114502919186301,Urban
Odense,Southern Denmark,2011,1821627.736263736,1532500.0,16697.195,13011.6279296875,126.435165,4.248351648351648,-4.2032967,1.0112637,2.76,4.75,910,303639.3333333333,190549.0,18.185050443103368,4.775674498422978,Urban
Odense,Southern Denmark,2012,1935175.0481380564,1570000.0,17200.396,12882.3525390625,127.60763,4.278837420526794,-4.4650316,0.43119892,2.4,3.66,1101,304369.0,192094.75,17.695464685813047,5.731546541485387,Urban
Odense,Southern Denmark,2013,1825899.2005571031,1563000.0,16086.723,13489.208984375,125.31569,4.23769730733519,-4.520891,0.0,0.79,3.48,1077,313328.3333333333,194097.25,19.477449405533577,5.548764858852972,Urban
Odense,Southern Denmark,2014,2001620.428365731,1625000.0,17715.01,13524.58984375,126.99496,4.304535637149028,-3.7185025,0.0,0.56,3.06,1389,319063.0,196327.0,18.01088455496215,7.0749311098320655,Urban
Odense,Southern Denmark,2015,2060051.6117084827,1695000.0,17659.332,14474.74560546875,126.79809,4.2610513739546,-2.8823178,0.0,0.45,2.7799997,1674,326439.0,197864.5,18.48535380613491,8.460335229412047,Urban
Odense,Southern Denmark,2016,1976096.297227595,1710000.0,17481.748,15054.9453125,124.87105,4.2437137330754355,-2.7150226,0.0,0.25,2.55,1551,328861.6666666667,199634.75,18.811715319696102,7.769188480462445,Urban
Odense,Southern Denmark,2017,2184667.268022181,1787500.0,19428.365,16127.7705078125,121.586876,4.141404805914973,-2.344732,0.0,1.15,2.26,1082,334755.6666666667,201052.75,17.230254149881716,5.381672222837042,Urban
Odense,Southern Denmark,2018,2201420.1588495574,1875000.0,19376.49,16806.037109375,123.11593,4.159734513274336,-2.2340708,0.0,0.81,2.12,2260,343280.6666666667,202899.25,17.71634938353988,11.138533040412915,Urban
Odense,Southern Denmark,2019,2215468.9390191897,1895000.0,19344.547,17669.173828125,122.420044,4.135607675906184,-2.1108742,0.0,0.76,1.35,2345,351809.3333333333,204442.25,18.186486007314276,11.470231813629521,Urban
Odense,Southern Denmark,2020,2349404.9127258747,2050000.0,20857.635,18840.580078125,120.953094,4.0611303344867355,-2.1445599,0.0,0.41999996,1.1,2601,366275.0,205150.0,17.560715776261308,12.678527906409943,Urban
Odense,Southern Denmark,2021,2519469.4485798236,2175000.0,22169.191,20424.8359375,120.03428,4.06464250734574,-1.4929807,0.0,1.8500001,1.4699999,3063,385140.3333333333,205306.75,17.372773473480983,14.919139287919174,Urban
Odense,Southern Denmark,2022,2521589.1355617456,2162500.0,21681.725,20156.400390625,120.1727,4.113741875580316,-2.604457,0.11738625,7.6999993,3.73,2154,385739.6666666667,206672.25,17.79100448265379,10.422299074984668,Urban
Odense,Southern Denmark,2023,2457446.9976470587,2100000.0,21250.361,19495.412109375,118.12188,4.132235294117647,-3.2037647,2.815341,3.31,4.79,2125,406461.0,208047.5,19.127251532338672,10.214013626695827,Urban
Odense,Southern Denmark,2024,2548616.687279152,2197500.0,22049.227,20061.728515625,119.37809,4.15547703180212,-3.0812721,3.5325675,1.13,4.34,1698,419040.0,209747.25,19.00474787619539,8.095457747360216,Urban
Odsherred,Zealand Region,2008,1492491.2378138849,1150000.0,16650.826,13362.0693359375,97.34564,3.821270310192024,-2.9675038,4.053545,3.42,6.52,677,263726.6666666667,33169.0,15.838653690013137,20.410624378184448,Rural
Odsherred,Zealand Region,2009,1226158.0781527532,1000000.0,14264.133,12375.0,95.08348,3.8792184724689167,-6.776199,1.776199,1.3,5.5,563,269739.0,33155.75,18.910297597477534,16.980463418863998,Rural
Odsherred,Zealand Region,2010,1256035.055393586,950000.0,15566.394,11688.97607421875,95.0758,3.82069970845481,-4.329446,0.8079446,2.31,4.53,686,290186.3333333333,32969.25,18.64184687431998,20.8072673779355,Rural
Odsherred,Zealand Region,2011,1139801.394435352,900000.0,13040.823,10752.6884765625,96.036,3.947626841243862,-5.602291,0.9869067,2.76,4.75,611,293840.6666666667,32794.0,22.532371359282056,18.63145697383668,Rural
Odsherred,Zealand Region,2012,1078209.4070422535,845387.0,12121.386,10061.30908203125,98.14789,3.991549295774648,-5.5619717,0.4112676,2.4,3.66,710,302217.6666666667,32550.0,24.932599841855268,21.812596006144393,Rural
Odsherred,Zealand Region,2013,1062258.0579514825,797000.0,12541.375,10081.73876953125,91.74798,3.847708894878706,-6.1415095,0.0,0.78999996,3.4799998,742,309858.0,32465.0,24.70686029243205,22.855382719852148,Rural
Odsherred,Zealand Region,2014,1082635.687431694,800000.0,12312.761,9821.4287109375,94.75847,3.912568306010929,-4.7661204,0.0,0.56,3.06,915,316765.6666666667,32640.5,25.726615392491308,28.032658813437294,Rural
Odsherred,Zealand Region,2015,1071971.5398773006,825000.0,12332.073,10245.9013671875,94.02892,3.9307624890446977,-5.020158,0.0,0.45000002,2.78,1141,321543.0,32781.5,26.07371850620735,34.8062169211293,Rural
Odsherred,Zealand Region,2016,1097973.6210045663,873500.0,13064.514,10697.6748046875,94.63379,3.863013698630137,-4.048402,0.0,0.25,2.55,1095,324879.3333333333,32880.25,24.867311048335463,33.3026664943241,Rural
Odsherred,Zealand Region,2017,1124470.7722222223,907771.5,12848.478,11089.2236328125,94.522224,3.9402777777777778,-3.95,0.0,1.15,2.26,720,334096.0,33065.25,26.002768576947403,21.7751264545104,Rural
Odsherred,Zealand Region,2018,1205080.255003228,950000.0,13752.896,11923.0771484375,95.24725,3.934796642995481,-3.7178824,0.0,0.81000006,2.12,1549,340893.6666666667,33116.0,24.787046064092003,46.774972822804685,Rural
Odsherred,Zealand Region,2019,1334982.3719376393,1035000.0,15150.696,12584.40771484375,93.713806,3.865812917594655,-2.9638085,0.0,0.76,1.35,1796,350309.3333333333,33126.0,23.121666049753312,54.217231177926706,Rural
Odsherred,Zealand Region,2020,1451410.375943187,1175000.0,16626.928,14166.6669921875,95.39547,3.923213493120284,-2.117177,0.0,0.42,1.1,2253,365204.3333333333,32918.5,21.96463070829039,68.44175767425611,Rural
Odsherred,Zealand Region,2021,1634122.688022284,1350000.0,18565.553,15493.36279296875,97.498604,3.8983286908078,-1.4159703,0.0,1.85,1.47,2154,381641.3333333333,32942.5,20.55642152610985,65.38665857175381,Rural
Odsherred,Zealand Region,2022,1737189.4307359308,1450000.0,20431.69,17403.845703125,94.979065,3.823953823953824,-2.909091,0.10786436,7.7000003,3.7299998,1386,384290.0,32956.5,18.808527341595337,42.05543671202949,Rural
Odsherred,Zealand Region,2023,1626718.3851897947,1400000.0,19781.227,16454.544921875,91.61792,3.851897946484132,-2.9296827,2.9222777,3.31,4.79,1607,396623.6666666667,32831.0,20.05050883176593,48.94764094910298,Rural
Odsherred,Zealand Region,2024,1712572.2726387538,1475000.0,20961.182,17777.77734375,92.23369,3.849074975657254,-4.238559,3.498004,1.13,4.34,1027,402226.0,32504.0,19.1890896229039,31.59611124784642,Rural
Randers,Central Jutland,2008,1572706.4611528823,1285000.0,13071.513,10169.4912109375,133.53133,4.476190476190476,-2.7067668,4.0350876,3.4200003,6.52,399,272017.3333333333,93855.25,20.809934805047686,4.251227288830407,Urban
Randers,Central Jutland,2009,1594812.61352657,1355000.0,15263.897,10052.47900390625,122.50242,4.1521739130434785,-3.142512,1.984541,1.2999998,5.5,414,278467.6666666667,94481.0,18.243549905156375,4.381833384490003,Urban
Randers,Central Jutland,2010,1885472.3090277775,1400000.0,17412.637,9435.3369140625,154.26389,4.159722222222222,-3.1684027,0.82942706,2.31,4.53,576,299799.3333333333,94944.0,17.217342401000682,6.066734074823054,Urban
Randers,Central Jutland,2011,1644640.3438256658,1295000.0,14272.127,9655.1728515625,134.27118,4.341404358353511,-4.307506,0.9975787,2.76,4.75,413,304991.0,95466.75,21.36969493054539,4.326113542149492,Urban
Randers,Central Jutland,2012,1467962.406542056,1176075.0,13218.84,8665.158203125,133.88551,4.378504672897196,-4.2149534,0.46378505,2.4,3.6599998,428,312080.3333333333,95848.5,23.608753365146512,4.465380261558606,Urban
Randers,Central Jutland,2013,1597004.3906633907,1250000.0,14381.743,9526.7861328125,130.71252,4.319410319410319,-4.7199016,0.0,0.79,3.48,407,318337.3333333333,96077.0,22.134822832902334,4.236185559499152,Urban
Randers,Central Jutland,2014,1616736.894514768,1155000.0,12845.868,8923.599609375,138.92827,4.4957805907173,-5.107595,0.0,0.56,3.06,474,323565.0,96540.25,25.1882550871611,4.9098691996343495,Urban
Randers,Central Jutland,2015,1733725.1202749142,1299000.0,16430.371,10000.0,127.321304,4.22680412371134,-3.5051546,0.0,0.45,2.78,582,331438.6666666667,96984.75,20.17231787807267,6.000943447294548,Urban
Randers,Central Jutland,2016,1734167.5242424242,1280000.0,16136.286,10108.70263671875,126.912125,4.168181818181818,-3.6757576,0.0,0.25,2.55,660,336335.0,97700.75,20.84339605780413,6.755321734991799,Urban
Randers,Central Jutland,2017,1482911.931203931,1150000.0,11785.7705,9021.7392578125,131.9607,4.297297297297297,-3.3562653,0.0,1.15,2.26,407,344781.3333333333,98169.25,29.254034204495436,4.145901084097108,Urban
Randers,Central Jutland,2018,1664901.4978678038,1418768.5,13597.317,10493.8271484375,132.6386,4.346481876332622,-2.8955224,0.0,0.81,2.12,938,355205.6666666667,98090.75,26.123217298432234,9.5625734332748,Urban
Randers,Central Jutland,2019,1646653.9119286512,1235000.0,13747.95,9900.0,130.62318,4.292084726867335,-3.490524,0.0,0.76,1.35,897,366423.6666666667,97925.5,26.65296765457153,9.16002471266422,Urban
Randers,Central Jutland,2020,1671230.411111111,1370000.0,13421.275,10574.5107421875,132.99231,4.388888888888889,-3.4649572,0.0,0.42,1.1,1170,383193.0,97974.5,28.551162240547193,11.94188283686061,Urban
Randers,Central Jutland,2021,1879471.8355555555,1473250.0,15383.3955,11618.60693359375,131.61778,4.310370370370371,-2.9214814,0.0,1.85,1.47,1350,396713.3333333333,98465.5,25.788411494285075,13.710385871193463,Urban
Randers,Central Jutland,2022,1818136.0046948355,1400000.0,15502.304,10843.373046875,127.0169,4.174647887323943,-3.3342724,0.12694836,7.7,3.73,1065,402678.6666666667,99444.25,25.97540769853737,10.709518147102523,Urban
Randers,Central Jutland,2023,1777877.292358804,1445000.0,15042.141,10869.5654296875,128.18051,4.153931339977851,-3.9025471,2.750775,3.31,4.79,903,413374.6666666667,99847.25,27.481105692777824,9.043814426536533,Urban
Randers,Central Jutland,2024,1637855.4711388457,1275000.0,13188.277,10000.0,127.360374,4.212168486739469,-4.1981277,3.5095162,1.13,4.34,641,423082.0,100162.25,32.08015724874447,6.399616622030756,Urban
Rebild,North Jutland,2008,1459600.7142857143,1195000.0,10035.956,8697.6748046875,153.18936,4.853820598006645,-2.4584718,4.0431895,3.42,6.52,301,286149.3333333333,28828.5,28.51241409720542,10.441056593301768,Rural
Rebild,North Jutland,2009,1606702.2041666666,1399000.0,11415.761,9001.068359375,153.4125,4.8375,-3.8416667,2.0516667,1.3,5.5,240,299405.3333333333,28881.5,26.227365248215456,8.309817703374133,Rural
Rebild,North Jutland,2010,1437954.5229357798,1100000.0,9491.665,8144.79638671875,156.00305,4.856269113149847,-3.5137615,0.8027523,2.31,4.53,327,322997.3333333333,28885.75,34.02957577341102,11.320460780834841,Rural
Rebild,North Jutland,2011,1378945.788590604,1200000.0,10341.86,8515.19482421875,145.42953,4.6879194630872485,-4.5033555,0.9958054,2.76,4.75,298,337005.3333333333,28960.25,32.58653021152223,10.289966419488781,Rural
Rebild,North Jutland,2012,1552543.4760273972,1341500.0,10421.213,8683.498046875,156.96576,4.890410958904109,-5.380137,0.46061644,2.4,3.6599998,292,347302.6666666667,28891.5,33.32651071105318,10.106778810376754,Rural
Rebild,North Jutland,2013,1465197.81875,1197500.0,9464.727,8597.63330078125,156.7,4.996875,-4.2,0.0,0.79,3.48,320,358061.6666666667,28847.25,37.83116688591934,11.09291180268483,Rural
Rebild,North Jutland,2014,1402649.5173333334,1150000.0,9144.908,8256.880859375,156.20267,4.906666666666666,-4.488,0.0,0.56,3.06,375,363198.3333333333,28850.5,39.71590893351068,12.998041628394656,Rural
Rebild,North Jutland,2015,1670028.4152892565,1282500.0,10986.54,9203.9921875,155.74586,4.993801652892562,-3.5826447,0.0,0.45,2.78,484,368972.0,28978.0,33.58400369907177,16.702325902408724,Rural
Rebild,North Jutland,2016,1709152.0209923664,1491250.0,12268.925,10553.61962890625,153.87787,4.8606870229007635,-3.543893,0.0,0.25,2.55,524,375502.6666666667,29216.5,30.60599577115898,17.93507093594373,Rural
Rebild,North Jutland,2017,1707381.0884353742,1352500.0,11765.18,9923.09912109375,155.89456,4.812925170068027,-2.3469388,0.0,1.15,2.26,294,389324.3333333333,29569.5,33.09123475657264,9.942677420991224,Rural
Rebild,North Jutland,2018,1788792.0242165243,1585000.0,12366.83,10992.0634765625,152.79771,4.7763532763532766,-2.2122507,0.0,0.81,2.12,702,401959.6666666667,29876.25,32.50304780341176,23.496924814861302,Rural
Rebild,North Jutland,2019,2161028.5672588833,1796500.0,15960.671,12750.90283203125,151.84137,4.690355329949239,-2.6522841,0.0,0.76,1.35,788,416188.0,30005.5,26.07584605935427,26.261851993801137,Rural
Rebild,North Jutland,2020,1908063.5471938776,1695000.0,13367.333,12247.47509765625,149.10332,4.637755102040816,-2.5153062,0.0,0.42,1.1,784,436886.0,30279.5,32.68310888940972,25.892105219703097,Rural
Rebild,North Jutland,2021,2180733.5778732547,1990000.0,15162.397,14241.37890625,150.26637,4.716433941997852,-1.6358753,0.0,1.85,1.47,931,455133.3333333333,30554.5,30.01724155707922,30.470143514048665,Rural
Rebild,North Jutland,2022,2227828.763116057,1998000.0,15914.793,14838.7099609375,144.20827,4.651828298887122,-2.473768,0.12710652,7.7,3.7299998,629,465612.3333333333,30806.75,29.256574894397517,20.41760328499436,Rural
Rebild,North Jutland,2023,2301219.935828877,2100000.0,15276.987,14739.884765625,151.22281,4.905525846702317,-3.6862745,2.7580214,3.31,4.79,561,479895.0,30900.0,31.412935024425956,18.155339805825243,Rural
Rebild,North Jutland,2024,2449196.175824176,2150000.0,16401.238,15714.2861328125,152.09451,4.694505494505495,-3.6923077,3.518132,1.13,4.34,455,494465.6666666667,30942.75,30.148069716851047,14.70457538518716,Rural
Ringkøbing-Skjern,Central Jutland,2008,1290642.8832752614,1019592.5,11094.932,8614.8232421875,128.96341,4.515679442508711,-1.9494773,4.0457315,3.42,6.52,574,283144.3333333333,58540.0,25.520150401402486,9.805261359754013,Urban
Ringkøbing-Skjern,Central Jutland,2009,1270743.2703252032,1018298.0,10999.26,8750.0,131.21341,4.686991869918699,-4.0284553,1.7939025,1.3,5.5,492,291444.3333333333,58724.5,26.496721900685436,8.378104538991392,Urban
Ringkøbing-Skjern,Central Jutland,2010,1279555.7147435895,1055000.0,10812.534,9049.130859375,135.5593,4.706730769230769,-3.3509614,0.7980769,2.31,4.53,624,315618.6666666667,58321.0,29.190073914835015,10.699405017060752,Urban
Ringkøbing-Skjern,Central Jutland,2011,1239103.362725451,1000000.0,10854.793,8503.4013671875,129.53307,4.587174348697395,-4.1482964,1.0060121,2.76,4.75,499,323933.6666666667,58057.25,29.84245454212408,8.5949644531906,Urban
Ringkøbing-Skjern,Central Jutland,2012,1179009.7287449392,942500.0,10537.677,7717.328125,127.60526,4.5910931174089065,-3.6153846,0.46002024,2.4,3.66,494,333803.0,57804.75,31.677095435739776,8.546010492217334,Urban
Ringkøbing-Skjern,Central Jutland,2013,1182346.023715415,937500.0,10234.598,8543.16943359375,130.2747,4.677865612648222,-4.7944665,0.0,0.79,3.48,506,340909.3333333333,57379.5,33.30949914528478,8.818480467762877,Urban
Ringkøbing-Skjern,Central Jutland,2014,1279621.7962003455,985000.0,11070.962,8888.888671875,130.27289,4.500863557858376,-4.3367877,0.0,0.56,3.06,579,344940.0,57104.5,31.15718399177958,10.139306009158648,Urban
Ringkøbing-Skjern,Central Jutland,2015,1326603.180592992,1000000.0,11164.433,9143.0634765625,128.49866,4.555256064690027,-4.0053906,0.0,0.45,2.78,742,349684.6666666667,57086.25,31.321309973078495,12.997876020933237,Urban
Ringkøbing-Skjern,Central Jutland,2016,1242257.496194825,950000.0,10477.761,8593.75,130.9452,4.718417047184171,-4.307458,0.0,0.25,2.55,657,351475.0,57061.0,33.54485753206243,11.513993796112931,Urban
Ringkøbing-Skjern,Central Jutland,2017,1341370.5056433408,1050000.0,11373.101,9310.3447265625,130.69527,4.769751693002258,-3.8239279,0.0,1.15,2.26,443,367003.6666666667,57077.5,32.269445832466154,7.761377075029565,Urban
Ringkøbing-Skjern,Central Jutland,2018,1351898.5455475948,1075000.0,11413.654,9539.4736328125,128.23132,4.599795291709314,-3.1105425,0.0,0.81,2.12,977,372107.6666666667,57018.75,32.60197537674321,17.134714457963387,Urban
Ringkøbing-Skjern,Central Jutland,2019,1427936.155080214,1350000.0,14864.662,12380.25732421875,113.10227,4.372994652406417,-2.6016042,0.0,0.76,1.35,1496,387037.3333333333,56852.5,26.037412309363866,26.313706521261157,Urban
Ringkøbing-Skjern,Central Jutland,2020,1419497.584117647,1200000.0,13986.154,11690.76513671875,113.70294,4.372941176470588,-2.7294118,0.0,0.42,1.1,1700,404275.6666666667,56394.25,28.905420794499094,30.144917256635207,Urban
Ringkøbing-Skjern,Central Jutland,2021,1654158.234764176,1350000.0,15231.474,12878.7880859375,119.23635,4.471648118706942,-1.8892422,0.0,1.85,1.47,1887,423877.3333333333,56192.75,27.829042240648104,33.580844503961806,Urban
Ringkøbing-Skjern,Central Jutland,2022,1596935.3948397185,1325000.0,14387.151,12179.4873046875,123.13448,4.562939796716185,-2.803753,0.12705238,7.7,3.73,1279,424806.0,56310.0,29.526763151370275,22.71354999112058,Urban
Ringkøbing-Skjern,Central Jutland,2023,1566034.3879374536,1290000.0,14261.565,12329.5458984375,122.01192,4.534623976172748,-3.2107222,2.7949367,3.31,4.79,1343,437352.3333333333,56296.75,30.66650352421584,23.855728794290965,Urban
Ringkøbing-Skjern,Central Jutland,2024,1701732.8363443145,1430000.0,15982.857,14024.390625,116.37407,4.439957492029755,-3.656748,3.5109987,1.13,4.34,941,453118.6666666667,56005.25,28.350292232900955,16.801996241423794,Urban
Ringsted,Zealand Region,2008,1433884.357142857,1373750.0,11120.578,8953.125,136.14285,4.928571428571429,-7.785714,4.035714,3.42,6.52,14,296941.0,32266.5,26.701939413580842,0.43388653867013777,Rural
Ringsted,Zealand Region,2009,1799615.3846153845,1500000.0,10535.527,10596.0263671875,160.84616,5.230769230769231,-9.307693,2.0692308,1.3,5.5,13,300927.3333333333,32526.75,28.563102095731264,0.39967103999016196,Rural
Ringsted,Zealand Region,2010,1242117.0,1060000.0,7520.4365,8405.6474609375,167.71428,5.571428571428571,-4.071429,0.8035714,2.31,4.53,14,326644.0,32667.75,43.43418098138319,0.4285572162147684,Rural
Ringsted,Zealand Region,2011,1005300.0,925000.0,7412.116,7258.373291015625,132.2,4.2,-7.1,0.975,2.76,4.75,10,329507.0,32960.5,44.45518661607562,0.30339345580315835,Rural
Ringsted,Zealand Region,2012,1183708.3333333333,962500.0,7433.338,7095.110595703125,156.66667,5.25,-10.25,0.45833334,2.4,3.66,12,338119.3333333333,33143.5,45.48687727281247,0.3620619427640412,Rural
Ringsted,Zealand Region,2013,878409.0909090909,670000.0,6358.719,4285.71435546875,143.36363,4.454545454545454,-7.0,0.0,0.79,3.4799998,11,345674.0,33263.5,54.362207230733105,0.3306928014189727,Rural
Ringsted,Zealand Region,2014,1043849.0,775000.0,6142.5225,5066.518798828125,169.85715,5.714285714285714,-3.0714285,0.0,0.56,3.06,14,352048.3333333333,33430.75,57.313316041306045,0.4187761267695161,Rural
Ringsted,Zealand Region,2015,1086721.318181818,881500.0,7485.6675,7180.513916015625,147.5,4.636363636363637,-6.818182,0.0,0.45,2.78,22,357828.3333333333,33779.25,47.80179367215192,0.6512874027694516,Rural
Ringsted,Zealand Region,2016,1196663.9090909092,1100000.0,8107.3657,8242.4814453125,147.40909,4.409090909090909,-2.7727273,0.0,0.25,2.55,22,362935.3333333333,34115.5,44.766123394844925,0.6448681684278408,Rural
Ringsted,Zealand Region,2017,1284862.5625,1305000.0,8555.983,8605.140625,157.25,4.9375,-2.4375,0.0,1.15,2.26,16,375225.0,34332.25,43.8552764772908,0.46603412243590214,Rural
Ringsted,Zealand Region,2018,1203960.9375,1027500.0,8167.268,7068.5546875,150.625,4.84375,-4.375,0.0,0.81,2.12,32,381039.0,34532.0,46.65440144733833,0.9266767056643114,Rural
Ringsted,Zealand Region,2019,1626388.6486486488,1295000.0,10767.451,10208.3330078125,157.72974,4.972972972972973,-1.945946,0.0,0.76,1.35,37,392295.6666666667,34745.0,36.43347591427783,1.0649014246654194,Rural
Ringsted,Zealand Region,2020,1484479.6470588236,1237500.0,9570.533,7749.753173828125,152.44118,4.823529411764706,-2.9705882,0.0,0.42,1.1,34,411950.0,34842.75,43.04357970449504,0.9758127587518206,Rural
Ringsted,Zealand Region,2021,2155535.340909091,1720000.0,16469.809,11200.19091796875,154.40909,4.568181818181818,-2.6136363,0.0,1.85,1.47,44,430659.0,35014.25,26.14839067046861,1.2566312287140236,Rural
Ringsted,Zealand Region,2022,2030597.0588235296,1862500.0,13633.742,12581.88134765625,144.5,4.382352941176471,-2.5882354,0.21029411,7.7,3.73,34,431574.6666666667,35487.0,31.654894647901266,0.9580973314171386,Rural
Ringsted,Zealand Region,2023,2272307.6923076925,1297500.0,14683.14,9713.3759765625,149.1923,4.961538461538462,-2.9615386,3.0480769,3.31,4.79,26,446045.6666666667,36090.5,30.37808443334782,0.7204111885399205,Rural
Ringsted,Zealand Region,2024,1818157.894736842,1450000.0,13867.73,12045.4541015625,137.26315,4.473684210526316,-4.3157897,3.481579,1.13,4.34,19,458005.0,36316.75,33.02667415647694,0.5231745682088843,Rural
Roskilde,Zealand Region,2008,2977267.569620253,2595000.0,19407.225,18934.912109375,147.32912,4.784810126582278,-5.6962028,4.0537972,3.4199998,6.52,79,326286.6666666667,80857.75,16.81263893558542,0.9770244658056896,Urban
Roskilde,Zealand Region,2009,2020079.918367347,1870000.0,14624.883,14737.65283203125,142.9796,4.551020408163265,-3.9693878,1.7602041,1.3,5.5,98,324722.6666666667,81512.25,22.203436886754353,1.202273277942886,Urban
Roskilde,Zealand Region,2010,1933497.9166666667,1790000.0,13888.938,12924.20849609375,147.475,4.775,-4.575,0.8,2.31,4.53,120,355849.0,82123.5,25.62103740401174,1.4612139034502913,Urban
Roskilde,Zealand Region,2011,1985393.8255813953,1837500.0,13545.771,13288.2802734375,149.82558,4.604651162790698,-4.9302325,1.0,2.76,4.75,86,364021.3333333333,82711.75,26.873430337286322,1.0397555365471047,Urban
Roskilde,Zealand Region,2012,2016545.0416666667,1900000.0,13634.491,14066.5634765625,152.24167,4.916666666666667,-5.3,0.41875,2.4,3.66,120,374509.3333333333,83204.75,27.4677898377969,1.4422253537207912,Urban
Roskilde,Zealand Region,2013,1897053.5524475528,1700000.0,13482.4,13541.6669921875,148.14685,4.685314685314685,-3.895105,0.0,0.79,3.48,143,382601.0,83757.5,28.377811072212662,1.707309793152852,Urban
Roskilde,Zealand Region,2014,1982062.2323943663,1797500.0,13930.264,13929.73583984375,144.80986,4.661971830985915,-3.8943663,0.0,0.56,3.06,142,395988.6666666667,84479.75,28.426501225437416,1.680876186305002,Urban
Roskilde,Zealand Region,2015,2172004.9674796746,1995000.0,15520.262,15573.17138671875,144.23578,4.654471544715447,-2.7804878,0.0,0.45,2.78,246,404409.3333333333,85408.5,26.056862528050964,2.8802753824268077,Urban
Roskilde,Zealand Region,2016,2061651.4642857143,1997500.0,14619.674,15208.029296875,146.0238,4.738095238095238,-3.2202382,0.0,0.25,2.55,168,411391.0,86576.5,28.139546750495256,1.9404803843999239,Urban
Roskilde,Zealand Region,2017,2255915.9078014186,2125000.0,15843.454,16622.515625,148.87234,4.73758865248227,-2.0780141,0.0,1.15,2.26,141,424099.6666666667,87035.25,26.768131915342874,1.6200332623850682,Urban
Roskilde,Zealand Region,2018,2486139.7862318843,2404000.0,18014.35,17967.3916015625,144.09782,4.692028985507246,-2.115942,0.0,0.81,2.12,276,435803.3333333333,87487.25,24.192009888413036,3.154745405759125,Urban
Roskilde,Zealand Region,2019,2784338.687096774,2515000.0,19004.486,19410.6513671875,146.89677,4.8,-2.2096775,0.0,0.76,1.35,310,451405.0,87565.0,23.75254979271736,3.5402272597499,Urban
Roskilde,Zealand Region,2020,2871552.0456621004,2750000.0,20180.875,20737.080078125,147.36073,4.7785388127853885,-1.5981735,0.0,0.42,1.1,438,471354.3333333333,88351.0,23.35648644240318,4.957499066224491,Urban
Roskilde,Zealand Region,2021,3201563.157079646,2995000.0,22639.004,23665.2294921875,145.92699,4.736725663716814,-1.1349558,0.0,1.85,1.47,452,494767.6666666667,88962.75,21.854656974603063,5.080778190872023,Urban
Roskilde,Zealand Region,2022,3238403.872,3081500.0,24144.58,24206.1494140625,139.804,4.556,-2.82,0.0936,7.7,3.73,250,493331.6666666667,89923.0,20.432397940517774,2.7801563559934612,Urban
Roskilde,Zealand Region,2023,3364198.94095941,3000000.0,24187.18,23314.607421875,140.64944,4.656826568265683,-3.8671587,2.8284132,3.31,4.79,271,523199.0,90514.75,21.631252589181543,2.993987167837286,Urban
Roskilde,Zealand Region,2024,3348555.738095238,3110000.0,24709.969,23835.2080078125,140.35318,4.607142857142857,-2.7301588,3.5315473,1.13,4.34,252,545148.6666666666,91229.0,22.061891970267816,2.7622795383047056,Urban
Rudersdal,Capital Region,2008,4881230.2727272725,3500000.0,30210.225,28888.888671875,149.24243,4.666666666666667,-5.060606,4.0454545,3.42,6.52,33,442003.0,53906.0,14.630907250773538,0.6121767521240679,Urban
Rudersdal,Capital Region,2009,3239803.0303030303,3050000.0,24805.844,23611.111328125,139.69698,4.424242424242424,-4.939394,1.9818182,1.3,5.5,33,424702.0,54110.25,17.121046153478993,0.6098659680929214,Urban
Rudersdal,Capital Region,2010,3380842.592592593,3500000.0,30705.646,26220.5771484375,119.40741,3.9814814814814814,-3.4444444,0.8703704,2.31,4.53,54,511538.6666666667,54586.75,16.659433469227995,0.989251054514145,Urban
Rudersdal,Capital Region,2011,3581515.815384615,3300000.0,28219.918,25000.0,125.64616,4.292307692307692,-3.9692307,0.97692305,2.76,4.75,65,530544.6666666666,54660.0,18.800361739770704,1.1891694109037687,Urban
Rudersdal,Capital Region,2012,3345991.794117647,2997500.0,24484.824,24015.1044921875,138.55882,4.088235294117647,-6.1764708,0.50735295,2.4,3.66,68,562367.0,54644.25,22.967982126397967,1.2444127241201042,Urban
Rudersdal,Capital Region,2013,3726561.7183098593,3525000.0,27355.105,26086.95703125,132.42253,4.253521126760563,-3.7464788,0.0,0.79,3.48,71,594648.3333333334,54847.75,21.73811189294771,1.2944924814600418,Urban
Rudersdal,Capital Region,2014,3874285.875,3225000.0,27391.512,25560.693359375,133.58333,4.305555555555555,-3.6111112,0.0,0.56,3.06,72,623674.6666666666,55184.0,22.768902522309343,1.3047260075384168,Urban
Rudersdal,Capital Region,2015,3697185.567010309,3775000.0,30808.018,32317.072265625,117.391754,3.783505154639175,-2.185567,0.0,0.45,2.78,97,639287.0,55511.25,20.750669517266576,1.7473935463532166,Urban
Rudersdal,Capital Region,2016,4142034.4827586208,4000000.0,31501.012,31250.0,132.50575,4.2988505747126435,-2.137931,0.0,0.25,2.55,87,677508.6666666666,55903.75,21.507520668436513,1.5562462267736958,Urban
Rudersdal,Capital Region,2017,4063322.033898305,3350000.0,30890.729,30692.30859375,124.59322,4.016949152542373,-2.4745762,0.0,1.15,2.26,59,687860.3333333334,56092.5,22.267533192024487,1.0518340241565272,Urban
Rudersdal,Capital Region,2018,5036834.583333333,4012500.0,34518.637,33103.3828125,145.3,4.316666666666666,-3.0083334,0.0,0.81,2.12,120,694611.3333333334,56185.75,20.12279144548301,2.13577286055628,Urban
Rudersdal,Capital Region,2019,3857466.0098039214,3672500.0,33916.72,31068.421875,112.39216,3.6666666666666665,-2.8039215,0.0,0.76,1.35,102,742659.0,56599.25,21.896545420665678,1.802144021343039,Urban
Rudersdal,Capital Region,2020,4803327.586206896,3995000.0,36739.16,35670.73046875,127.703445,4.020689655172414,-2.3931034,0.0,0.42,1.1,145,759382.0,56715.5,20.669552597283115,2.5566203242499843,Urban
Rudersdal,Capital Region,2021,5226726.915384616,4475000.0,41372.938,37713.373046875,120.03846,3.9615384615384617,-1.5692308,0.0,1.85,1.47,130,831674.6666666666,57144.25,20.101900103557224,2.274944548226637,Urban
Rudersdal,Capital Region,2022,4890501.852631579,4230000.0,41321.92,37767.85546875,113.56842,3.778947368421053,-2.6,0.08894736,7.7,3.73,95,784951.6666666666,57298.25,18.9960114792988,1.6579912999088104,Urban
Rudersdal,Capital Region,2023,4384780.442028985,3875000.0,40152.133,37588.880859375,105.62319,3.572463768115942,-3.8695652,2.935145,3.31,4.79,138,850566.3333333334,57154.5,21.18359025492701,2.414508043986038,Urban
Rudersdal,Capital Region,2024,4704182.160919541,4275000.0,41063.504,39606.90234375,116.494255,3.954022988505747,-3.1264367,3.5425286,1.13,4.34,87,913911.3333333334,57302.5,22.25604842035237,1.5182583656908513,Urban
Rødovre,Capital Region,2008,2415030.931372549,2460000.0,20760.14,20453.9951171875,119.10784,4.235294117647059,-4.352941,4.0465684,3.42,6.52,102,293814.0,36140.25,14.152794730671374,2.822337974972503,Urban
Rødovre,Capital Region,2009,2083222.021276596,2100000.0,17709.908,17884.615234375,120.6383,4.319148936170213,-7.1134753,1.6716312,1.3,5.5,141,292631.0,36243.5,16.523575390679614,3.8903527529074178,Urban
Rødovre,Capital Region,2010,2311882.3684210526,2300000.0,19825.111,19992.30859375,119.8421,4.356725146198831,-5.111111,0.7997076,2.31,4.53,171,314104.3333333333,36304.75,15.843761648211366,4.710127462659845,Urban
Rødovre,Capital Region,2011,2160500.0,2187500.0,18136.93,17886.1796875,121.67347,4.35374149659864,-5.176871,1.0102041,2.76,4.75,147,322051.0,36624.5,17.756643489278506,4.013706671763437,Urban
Rødovre,Capital Region,2012,2104867.649681529,2100000.0,17907.73,17112.298828125,120.13376,4.3312101910828025,-5.0,0.43630573,2.4,3.66,157,328249.0,37059.5,18.3300172607025,4.236430604838166,Urban
Rødovre,Capital Region,2013,2304956.5217391304,2312500.0,20038.074,19122.58203125,121.625,4.2228260869565215,-4.5434785,0.0,0.79,3.48,184,336436.6666666667,37367.5,16.78987045694445,4.92406502977186,Urban
Rødovre,Capital Region,2014,2271581.8921161825,2350000.0,20475.32,19847.328125,112.57262,4.0995850622406635,-3.713693,0.0,0.56,3.06,241,344895.0,37579.5,16.844425386269908,6.413070956239439,Urban
Rødovre,Capital Region,2015,2198209.3908355795,2245000.0,19807.754,21276.595703125,115.38275,3.9487870619946097,-1.7277628,0.0,0.45,2.78,371,355031.6666666667,37771.0,17.92387297755549,9.822350480527389,Urban
Rødovre,Capital Region,2016,2611746.3642384107,2647500.0,23978.879,24048.1923828125,112.665565,3.9735099337748343,-2.2913907,0.0,0.25,2.55,302,361105.0,38150.75,15.05929447327375,7.915964954817402,Urban
Rødovre,Capital Region,2017,2927394.3180327867,2925000.0,28009.072,28740.58984375,106.99345,3.783606557377049,-1.3737705,0.0,1.15,2.26,305,369800.6666666667,38710.25,13.202888930653137,7.879050122383607,Urban
Rødovre,Capital Region,2018,3111654.2960199006,3100000.0,29095.594,29238.2099609375,109.03483,3.798507462686567,-1.8432835,0.0,0.81,2.12,402,379405.0,39577.75,13.039946873055762,10.157222176601753,Urban
Rødovre,Capital Region,2019,3184990.056097561,3200000.0,29293.582,29378.5751953125,109.958534,3.975609756097561,-2.609756,0.0,0.76,1.35,410,388661.6666666667,40356.75,13.267809538166643,10.159390932124118,Urban
Rødovre,Capital Region,2020,3388535.376963351,3495000.0,31877.63,32196.26171875,106.96335,3.8394415357766145,-1.5584642,0.0,0.42,1.1,573,409760.3333333333,40789.75,12.854165549111816,14.047646774005724,Urban
Rødovre,Capital Region,2021,3807297.153005465,3725000.0,36562.758,35267.85546875,104.70492,3.681238615664846,-0.9945355,0.0,1.85,1.47,549,427075.0,41186.0,11.68060133756868,13.32977225270723,Urban
Rødovre,Capital Region,2022,3432357.7464788733,3300000.0,35056.977,34638.5546875,97.11831,3.445070422535211,-2.9464788,0.120845065,7.7,3.73,355,427867.3333333333,41729.25,12.204912401127265,8.507222152327206,Urban
Rødovre,Capital Region,2023,3548986.6294736844,3450000.0,34790.246,34000.0,100.51369,3.64,-2.688421,2.7607367,3.31,4.79,475,448030.3333333333,43297.25,12.878044418925159,10.970673657102934,Urban
Rødovre,Capital Region,2024,3624085.2392026577,3495000.0,36587.254,35714.28515625,98.01329,3.548172757475083,-2.3754153,3.5161128,1.13,4.34,301,465512.0,44530.75,12.72333802367349,6.759374140341225,Urban
Samsø,Central Jutland,2008,1263581.4567901234,1050000.0,11304.084,8940.3974609375,123.82716,4.518518518518518,-3.074074,4.0246916,3.4200003,6.52,81,250194.66666666663,4064.5,22.133121681214206,19.928650510517897,Rural
Samsø,Central Jutland,2009,1064500.4897959183,830000.0,9278.877,8558.55859375,128.38776,4.63265306122449,-3.1020408,1.9775511,1.3,5.5,49,260602.66666666663,4020.75,28.085582626719443,12.186781073182864,Rural
Samsø,Central Jutland,2010,963914.5,850000.0,9471.281,7172.432861328125,137.22858,4.414285714285715,-5.7714286,0.80714285,2.31,4.53,70,269438.6666666667,3965.5,28.44796460654759,17.6522506619594,Rural
Samsø,Central Jutland,2011,1153046.48,915000.0,11832.38,8433.7353515625,112.24,4.226666666666667,-5.1066666,1.0066667,2.76,4.75,75,282215.0,3885.5,23.85107645291987,19.302535066272036,Rural
Samsø,Central Jutland,2012,1157775.9852941176,962500.0,10848.753,8255.6416015625,124.55882,4.5588235294117645,-5.6764708,0.4742647,2.4,3.66,68,294426.6666666667,3866.5,27.139217444315182,17.586964955386005,Rural
Samsø,Central Jutland,2013,1577564.9555555556,880000.0,17622.637,11176.4111328125,107.54444,3.888888888888889,-4.5,0.0,0.78999996,3.48,90,303183.0,3792.0,17.20417892055542,23.734177215189874,Rural
Samsø,Central Jutland,2014,779447.7887323943,675000.0,7097.087,5869.5654296875,132.4507,4.704225352112676,-7.732394,0.0,0.56,3.06,71,306542.0,3754.25,43.19265073120845,18.911899846840246,Rural
Samsø,Central Jutland,2015,836123.0588235294,725000.0,8369.777,7317.0732421875,119.51765,4.258823529411765,-4.564706,0.0,0.45,2.78,85,318961.0,3718.0,38.10866167641026,22.8617536309844,Rural
Samsø,Central Jutland,2016,996839.6746987952,775000.0,9218.699,8333.3330078125,123.10844,4.674698795180723,-5.9036145,0.0,0.25,2.55,83,311078.0,3726.25,33.744240917292124,22.27440456222744,Rural
Samsø,Central Jutland,2017,1043901.8333333334,921250.0,10002.073,7564.217529296875,126.9375,4.833333333333333,-3.6041667,0.0,1.15,2.26,48,323861.3333333333,3722.75,32.37942107934358,12.893694177691224,Rural
Samsø,Central Jutland,2018,1255356.2836879434,995000.0,11180.491,8602.150390625,124.11347,4.546099290780142,-3.64539,0.0,0.81,2.12,141,331471.0,3708.0,29.647266832914582,38.02588996763754,Rural
Samsø,Central Jutland,2019,1569247.5125,1000000.0,13415.244,9630.3759765625,119.325,4.375,-2.90625,0.0,0.76,1.35,160,348291.3333333333,3677.5,25.962355461692184,43.50781781101291,Rural
Samsø,Central Jutland,2020,1468008.3870967743,1150000.0,13480.3955,10125.060546875,126.88172,4.629032258064516,-3.112903,0.0,0.42,1.1,186,369140.3333333333,3652.5,27.383494299802503,50.92402464065708,Rural
Samsø,Central Jutland,2021,1586006.8371040723,1250000.0,14105.129,10928.5712890625,121.950226,4.361990950226244,-0.77375567,0.0,1.85,1.47,221,382720.3333333333,3695.0,27.133416031383568,59.810554803788904,Rural
Samsø,Central Jutland,2022,1824675.5882352944,1525000.0,18433.809,13659.1611328125,114.66912,4.426470588235294,-2.3455882,0.13860293,7.7,3.73,136,370818.6666666667,3743.25,20.116225933916677,36.33206438255527,Rural
Samsø,Central Jutland,2023,1502367.6095890412,1182500.0,14171.101,10080.59375,121.445206,4.6438356164383565,-2.30137,2.8061643,3.31,4.79,146,386252.3333333333,3758.0,27.256339033455006,38.850452368281005,Rural
Samsø,Central Jutland,2024,1714276.3157894737,1551750.0,19022.545,15000.0,107.47369,4.092105263157895,-2.4342105,3.5111842,1.13,4.34,76,387459.3333333333,3683.0,20.36842774367643,20.635351615530816,Rural
Silkeborg,Central Jutland,2008,1851167.7789585548,1525000.0,13983.609,11635.9443359375,142.57066,4.702444208289054,-2.2816153,4.0446334,3.42,6.52,941,301457.0,87655.75,21.55788251802521,10.735177099049405,Urban
Silkeborg,Central Jutland,2009,1738143.3825503355,1470000.0,12972.039,10935.4833984375,141.66711,4.684563758389261,-4.3060403,1.9232216,1.3,5.5,745,312634.0,88227.25,24.10060592633124,8.444103154070879,Urban
Silkeborg,Central Jutland,2010,1746779.8624390245,1500000.0,13145.94,10936.6201171875,146.90732,4.800975609756097,-3.3551219,0.8095122,2.31,4.53,1025,329657.0,88605.5,25.076715700817132,11.568130646517428,Urban
Silkeborg,Central Jutland,2011,1897252.4951100245,1525000.0,14371.645,11200.6494140625,143.40831,4.658924205378973,-4.182152,0.9865526,2.76,4.75,818,330307.3333333333,89102.75,22.983265543598755,9.180412501297658,Urban
Silkeborg,Central Jutland,2012,1830849.9429175477,1542865.0,14875.589,11162.88134765625,141.1554,4.599365750528541,-4.4429173,0.39455602,2.4,3.66,946,347378.6666666667,89318.0,23.352263003950075,10.591370160549946,Urban
Silkeborg,Central Jutland,2013,1818100.738522954,1500000.0,15374.876,11267.26220703125,137.19061,4.500998003992016,-3.997006,0.0,0.79,3.48,1002,354998.3333333333,89478.5,23.089508711051284,11.198220801645087,Urban
Silkeborg,Central Jutland,2014,1832862.6948853617,1464560.0,13126.773,10954.861328125,145.76279,4.685185185185185,-3.718695,0.0,0.56,3.06,1134,342065.3333333333,89787.5,26.058600490260122,12.629820409299734,Urban
Silkeborg,Central Jutland,2015,1890600.8005801304,1650000.0,13980.602,12262.7734375,145.14793,4.719361856417694,-3.4249456,0.0,0.45,2.78,1379,374647.3333333333,90252.5,26.797653873083096,15.279355142516827,Urban
Silkeborg,Central Jutland,2016,1958491.6281296024,1625000.0,14802.037,12361.5302734375,143.64139,4.642857142857143,-2.8814433,0.0,0.25,2.55,1358,391136.6666666667,90936.75,26.424516211293533,14.933456495861135,Urban
Silkeborg,Central Jutland,2017,1894501.9648924123,1650000.0,14096.26,12916.6669921875,142.67271,4.5436013590033975,-2.6545866,0.0,1.15,2.26,883,396617.6666666667,91489.25,28.136375653305677,9.651407132531963,Urban
Silkeborg,Central Jutland,2018,2114894.6821589204,1750000.0,15270.645,13257.576171875,146.4003,4.721639180409795,-2.6196902,0.0,0.81,2.12,2001,406353.3333333333,92373.0,26.610096255484514,21.66217401188659,Urban
Silkeborg,Central Jutland,2019,2237120.3559982674,1862000.0,17368.896,14385.24609375,141.53659,4.557817236899091,-2.5201385,0.0,0.76,1.35,2309,417691.3333333333,93453.0,24.048237339513882,24.707607032412014,Urban
Silkeborg,Central Jutland,2020,2324001.7816558443,1995000.0,16525.002,14417.82275390625,148.14854,4.722402597402597,-2.359578,0.0,0.42000002,1.1,2464,438698.3333333333,94471.25,26.547550997774966,26.082009076835543,Urban
Silkeborg,Central Jutland,2021,2577661.032429062,2250000.0,19241.498,16666.666015625,143.76833,4.60710944808232,-1.4683505,0.0,1.85,1.47,3207,459593.3333333333,96164.0,23.885527692975533,33.34927831620981,Urban
Silkeborg,Central Jutland,2022,2675962.6109247725,2295000.0,19663.871,16968.912109375,141.39961,4.585050311451845,-2.406804,0.11523718,7.7,3.73,2087,462421.0,98293.0,23.516275101682677,21.232437711739394,Urban
Silkeborg,Central Jutland,2023,2515397.27632951,2195000.0,18248.475,16394.7734375,140.98645,4.617831074035454,-3.4635036,2.7880082,3.31,4.79,1918,476172.3333333333,99862.75,26.09381514528383,19.206360730102066,Urban
Silkeborg,Central Jutland,2024,2645719.863392172,2340000.0,19674.346,17694.4453125,139.25633,4.575594781273983,-3.3077514,3.5345738,1.13,4.34,1303,486105.0,101081.25,24.707555717481025,12.890620169418165,Urban
Skanderborg,Central Jutland,2008,1908565.8974358975,1742500.0,14300.629,14271.4287109375,141.70085,4.6239316239316235,-3.162393,4.0555553,3.42,6.5200005,117,320660.3333333333,56233.5,22.422813243622592,2.0806103123582917,Urban
Skanderborg,Central Jutland,2009,1726238.4285714286,1557500.0,11853.745,12009.6357421875,147.5238,4.873015873015873,-5.2539682,1.8722222,1.3,5.5,126,329183.6666666667,56889.5,27.770435981764976,2.214819957988732,Urban
Skanderborg,Central Jutland,2010,1812620.6275510204,1540000.0,14665.758,12442.58984375,143.93367,4.816326530612245,-3.632653,0.8125,2.31,4.53,196,360509.0,57464.0,24.581682037846253,3.4108311290547126,Urban
Skanderborg,Central Jutland,2011,1942954.1266666667,1672500.0,18504.725,13217.7333984375,128.08667,4.226666666666667,-4.1066666,1.0016667,2.76,4.75,150,371144.0,57882.0,20.056715244349757,2.591479216336685,Urban
Skanderborg,Central Jutland,2012,1857178.618705036,1650000.0,12890.484,12356.322265625,151.45323,4.827338129496403,-4.4604316,0.43705037,2.4,3.66,139,383666.3333333333,58022.75,29.763532023571287,2.395612065956888,Urban
Skanderborg,Central Jutland,2013,1673315.7329545454,1498000.0,11537.3955,11715.6865234375,153.75,5.1022727272727275,-3.6079545,0.0,0.79,3.4799998,176,393349.0,58139.5,34.09339655557444,3.02720181632109,Urban
Skanderborg,Central Jutland,2014,1591772.0904977375,1500000.0,11093.013,11387.4345703125,149.65158,4.787330316742081,-3.6742082,0.0,0.56,3.06,221,405737.0,58372.25,36.57590593286062,3.7860455952957097,Urban
Skanderborg,Central Jutland,2015,2210264.765171504,1690000.0,16019.357,12621.951171875,153.79947,4.978891820580475,-2.2612138,0.0,0.45000002,2.78,379,414739.6666666667,59011.5,25.889907233272016,6.422476974826941,Urban
Skanderborg,Central Jutland,2016,1932189.9487179487,1781000.0,13492.565,13903.013671875,151.66667,4.814102564102564,-2.1378205,0.0,0.25,2.55,312,422458.6666666667,59851.5,31.310478524036508,5.212901932282398,Urban
Skanderborg,Central Jutland,2017,2011809.320441989,1815000.0,14042.984,14171.4287109375,151.62984,4.988950276243094,-2.0331492,0.0,1.15,2.26,181,431629.6666666667,60673.5,30.73632118833623,2.9831804659365293,Urban
Skanderborg,Central Jutland,2018,2173839.5587467365,2050000.0,15567.808,15576.9228515625,143.93994,4.788511749347259,-1.851175,0.0,0.81,2.12,383,443722.6666666667,61423.0,28.502578312031254,6.235449261677222,Urban
Skanderborg,Central Jutland,2019,2184582.1612903224,2095000.0,15446.61,15560.0361328125,148.38441,4.897849462365591,-2.2634408,0.0,0.76,1.35,372,460006.0,62220.75,29.780385469692053,5.978712889188896,Urban
Skanderborg,Central Jutland,2020,2490031.535714286,2411612.0,18036.73,17695.630859375,144.7924,4.756696428571429,-2.3191965,0.0,0.42,1.1,448,485785.0,62956.75,26.933097074691478,7.115996299046567,Urban
Skanderborg,Central Jutland,2021,2641700.5311284047,2512500.0,19701.328,19306.931640625,140.3716,4.597276264591439,-1.6614786,0.0,1.85,1.47,514,504906.0,63653.25,25.628018578240003,8.07500009818823,Urban
Skanderborg,Central Jutland,2022,2784473.323987539,2720000.0,20011.773,19500.0,143.39876,4.7601246105919,-2.8286605,0.11339563,7.7,3.7299998,321,503491.0,64732.5,25.159739719214283,4.958869192445834,Urban
Skanderborg,Central Jutland,2023,2617741.2089041094,2437500.0,18666.828,18479.3662109375,141.4726,4.609589041095891,-3.0239725,2.7681506,3.31,4.79,292,518137.0,65187.25,27.757099385069598,4.479403564347322,Urban
Skanderborg,Central Jutland,2024,2849596.791489362,2575000.0,19824.156,18814.43359375,143.71063,4.753191489361702,-3.06383,3.5308511,1.1300001,4.34,235,527927.6666666666,65337.0,26.630524228454753,3.5967369178260404,Urban
Skive,Central Jutland,2008,1156018.5469255664,825000.0,8852.671,6679.1044921875,136.67314,4.653721682847896,-1.8025889,4.0477347,3.42,6.52,309,270377.3333333333,48349.5,30.541893326130985,6.3909657804113795,Urban
Skive,Central Jutland,2009,1115017.7412935323,840000.0,9081.99,6796.11669921875,133.32338,4.621890547263682,-3.9402986,1.899005,1.3,5.5,201,280077.6666666667,48272.75,30.838799279306265,4.163839847533028,Urban
Skive,Central Jutland,2010,1070274.1970260222,750000.0,8299.345,6479.2900390625,138.85873,4.836431226765799,-3.0892193,0.8048327,2.31,4.53,269,299291.0,48086.0,36.062002483328506,5.594143825645718,Urban
Skive,Central Jutland,2011,848384.8584070796,680000.0,7360.891,6091.387939453125,128.15929,4.601769911504425,-3.8230088,1.0132743,2.76,4.75,226,306649.0,47872.75,41.65922304786201,4.720848499407283,Urban
Skive,Central Jutland,2012,907417.2791878172,695000.0,7547.6587,5818.181640625,134.4061,4.746192893401015,-4.969543,0.44162437,2.4,3.66,197,314691.0,47529.0,41.693856665776366,4.144837888447053,Urban
Skive,Central Jutland,2013,1023091.3463414634,720000.0,8543.72,6345.177734375,133.50732,4.692682926829268,-4.780488,0.0,0.78999996,3.48,205,320163.0,47195.25,37.47348929974297,4.34365746552884,Urban
Skive,Central Jutland,2014,988539.2880658436,650000.0,8071.5283,5960.828125,130.51852,4.617283950617284,-3.9547324,0.0,0.56,3.0599997,243,324647.0,46871.0,40.22125524852586,5.184442405751957,Urban
Skive,Central Jutland,2015,1022910.8188679244,662500.0,7658.8086,6060.60595703125,134.63019,4.611320754716981,-3.3811321,0.0,0.45,2.78,265,332729.3333333333,46633.5,43.44400685680189,5.682610140778625,Urban
Skive,Central Jutland,2016,1185615.1937716263,700000.0,10096.055,6370.9677734375,129.66782,4.660899653979238,-4.33564,0.0,0.25,2.55,289,338437.6666666667,46648.0,33.52177327348818,6.19533527696793,Urban
Skive,Central Jutland,2017,1197410.3465909092,710500.0,10098.415,7091.165283203125,127.982956,4.6477272727272725,-4.1079545,0.0,1.15,2.26,176,350195.3333333333,46578.75,34.67824736192098,3.7785470842390576,Urban
Skive,Central Jutland,2018,1024893.0207253884,710000.0,8480.478,6761.92431640625,129.6658,4.676165803108808,-4.199482,0.0,0.81,2.12,386,356318.0,46448.25,42.01626370589017,8.310323855042979,Urban
Skive,Central Jutland,2019,1130473.4279069768,765000.0,8842.497,6802.061767578125,134.31163,4.7046511627906975,-3.983721,0.0,0.76,1.35,430,368885.3333333333,46109.25,41.71732637662567,9.325677602650227,Urban
Skive,Central Jutland,2020,1078763.803773585,790000.0,9459.815,7635.5859375,124.350945,4.486792452830189,-3.8660378,0.0,0.42,1.1,530,391148.6666666667,45735.5,41.348447793816966,11.588372270992991,Urban
Skive,Central Jutland,2021,1271347.3094812164,865000.0,10271.587,8448.275390625,124.75671,4.456171735241503,-2.6350627,0.0,1.85,1.47,559,401989.0,45289.25,39.13601666422141,12.342884900942275,Urban
Skive,Central Jutland,2022,1328249.3586206897,895000.0,11033.644,7843.13720703125,128.36092,4.510344827586207,-2.770115,0.11954023,7.7,3.73,435,409094.0,45191.75,37.07696206257878,9.62565069951927,Urban
Skive,Central Jutland,2023,1291716.3279445728,890000.0,10390.277,7779.6611328125,130.58429,4.561200923787529,-3.265589,2.847113,3.31,4.79,433,416918.0,44951.75,40.1257829796068,9.632550456878764,Urban
Skive,Central Jutland,2024,1351574.77,925000.0,10829.729,8858.39599609375,129.51,4.586666666666667,-4.1633334,3.51,1.13,4.34,300,428346.3333333333,44582.25,39.55282106628276,6.7291354743199365,Urban
Slagelse,Zealand Region,2008,1513302.6175438596,1300000.0,12437.997,11734.6943359375,125.01755,4.28421052631579,-1.8561404,4.0561404,3.42,6.52,285,272629.3333333333,77501.25,21.91907051700795,3.6773600425799584,Urban
Slagelse,Zealand Region,2009,1501501.5677655677,1210000.0,14531.904,9895.8330078125,120.86447,4.26007326007326,-3.985348,1.7509158,1.3,5.5,273,282493.0,77463.75,19.439503591545883,3.524229074889868,Urban
Slagelse,Zealand Region,2010,1243930.76,901000.0,11722.438,8521.1640625,117.49333,4.09,-3.86,0.8208333,2.31,4.53,300,301587.3333333333,77471.0,25.72735580545048,3.8724167753094707,Urban
Slagelse,Zealand Region,2011,1485411.941666667,1082500.0,11702.859,8865.4892578125,134.3125,4.608333333333333,-4.9041667,0.9875,2.76,4.75,240,307157.3333333333,77431.0,26.246350001596472,3.0995337784608235,Urban
Slagelse,Zealand Region,2012,1211908.222614841,860000.0,10599.12,7500.0,124.798584,4.226148409893993,-4.8833923,0.4337456,2.4,3.66,283,313718.3333333333,77248.0,29.598526418545436,3.6635252692626348,Urban
Slagelse,Zealand Region,2013,1184224.029962547,885000.0,9782.267,7652.173828125,128.43446,4.292134831460674,-4.367041,0.0,0.79,3.48,267,323366.0,77103.75,33.056345732538276,3.462866592091824,Urban
Slagelse,Zealand Region,2014,1232212.719512195,937898.0,12098.092,7935.196044921875,123.106705,4.210365853658536,-4.356707,0.0,0.56,3.06,328,326274.3333333333,77091.5,26.969073580638444,4.254684368575004,Urban
Slagelse,Zealand Region,2015,1360437.1395348837,1000000.0,11552.96,8131.8681640625,131.84238,4.364341085271318,-4.5478034,0.0,0.45,2.78,387,332271.6666666667,77497.5,28.760738950595062,4.993709474499178,Urban
Slagelse,Zealand Region,2016,1844875.7750611247,1125000.0,13907.369,8928.5712890625,135.7017,4.447432762836185,-3.6625917,0.0,0.25,2.55,409,337867.0,78398.0,24.294099049216282,5.21696982065869,Urban
Slagelse,Zealand Region,2017,1342232.3251028806,1100000.0,10538.313,8888.888671875,134.93416,4.42798353909465,-3.563786,0.0,1.15,2.26,243,346804.6666666667,78865.0,32.9089358673126,3.081214734039181,Urban
Slagelse,Zealand Region,2018,1407886.700348432,1100000.0,12324.208,9613.248046875,123.28745,4.2456445993031355,-3.336237,0.0,0.81,2.12,574,354388.3333333333,78988.0,28.75546512468252,7.266926621765331,Urban
Slagelse,Zealand Region,2019,1437532.7371794872,1212500.0,12645.824,9485.90478515625,127.16506,4.278846153846154,-2.7964745,0.0,0.76,1.35,624,363006.6666666667,79051.5,28.705655453267948,7.893588356957174,Urban
Slagelse,Zealand Region,2020,1569591.4537607892,1201000.0,12666.334,10000.0,129.40567,4.415536374845869,-2.5326757,0.0,0.42,1.1,811,376554.0,79127.5,29.728728138702166,10.249281223342075,Urban
Slagelse,Zealand Region,2021,1721888.977949283,1355000.0,14087.371,11111.111328125,128.086,4.338478500551268,-1.615215,0.0,1.85,1.47,907,397222.0,79402.0,28.197028388050548,11.422886073398656,Urban
Slagelse,Zealand Region,2022,1695424.471669219,1295000.0,14963.144,10912.4091796875,124.424194,4.2756508422664625,-2.790199,0.12940276,7.7000003,3.73,653,402405.3333333333,79799.5,26.8931003626867,8.18300866546783,Urban
Slagelse,Zealand Region,2023,1514159.263843648,1250000.0,12704.51,10096.89208984375,126.460915,4.343648208469055,-3.9674268,2.8108306,3.31,4.79,614,408623.3333333333,79768.75,32.16364372442017,7.6972498628849015,Urban
Slagelse,Zealand Region,2024,1573607.2863436122,1250000.0,12286.51,10094.67041015625,131.18282,4.405286343612334,-3.678414,3.5047355,1.13,4.34,454,419665.6666666667,80142.5,34.15662109636233,5.664909380166578,Urban
Solrød,Zealand Region,2008,3036137.119402985,2500000.0,20509.656,20120.966796875,145.68657,4.835820895522388,-4.19403,4.067164,3.42,6.52,67,357586.6666666667,20721.0,17.43503970357507,3.2334346797934463,Rural
Solrød,Zealand Region,2009,2501766.013333333,2352000.0,17655.096,17073.169921875,145.50667,4.76,-7.7466664,1.76,1.3,5.5,75,342208.0,20806.0,19.382958891868952,3.6047294049793326,Rural
Solrød,Zealand Region,2010,2574508.692982456,2325000.0,18455.283,17428.482421875,140.55263,4.684210526315789,-3.8070176,0.8135965,2.31,4.53,114,381251.3333333333,20890.25,20.65811363246683,5.457091226768468,Rural
Solrød,Zealand Region,2011,2809739.108433735,2400000.0,17792.11,17171.716796875,154.40964,5.0120481927710845,-6.879518,0.9879518,2.76,4.75,83,402115.3333333333,21040.25,22.60076704411862,3.944820047290312,Rural
Solrød,Zealand Region,2012,2430565.9814814813,2087500.0,16358.027,16275.39599609375,156.93518,4.888888888888889,-3.7592592,0.44444445,2.4,3.66,108,414885.0,21132.0,25.362777552574038,5.110732538330494,Rural
Solrød,Zealand Region,2013,2388153.3913043477,2200000.0,16798.25,16527.7783203125,145.57971,4.7101449275362315,-4.7391305,0.0,0.79,3.48,138,421262.6666666667,21213.75,25.07777099797102,6.505214778150964,Rural
Solrød,Zealand Region,2014,2780082.0625,2297500.0,18560.605,18255.14453125,148.48125,4.8375,-3.14375,0.0,0.56,3.06,160,440775.0,21445.5,23.74787890804206,7.460772656268215,Rural
Solrød,Zealand Region,2015,2820667.080188679,2587500.0,20408.734,20343.4677734375,137.94812,4.523584905660377,-2.6650944,0.0,0.44999996,2.78,212,453185.6666666667,21641.25,22.20547666830616,9.796106971639807,Rural
Solrød,Zealand Region,2016,2701007.55450237,2495000.0,20666.145,20754.716796875,133.57346,4.388625592417061,-2.3364928,0.0,0.25,2.55,211,464793.6666666667,21924.75,22.490583834898413,9.623826953557053,Rural
Solrød,Zealand Region,2017,3144691.793548387,2995000.0,23085.074,22740.962890625,137.10323,4.535483870967742,-1.7935483,0.0,1.15,2.26,155,473139.6666666667,22252.25,20.495479748805078,6.965587749553416,Rural
Solrød,Zealand Region,2018,3262362.9060150376,3000000.0,24300.934,23839.435546875,134.6015,4.586466165413534,-1.3082707,0.0,0.81,2.12,266,482227.0,22687.0,19.84396978321903,11.724776303609998,Rural
Solrød,Zealand Region,2019,3378228.120567376,3007500.0,24497.73,24336.77734375,138.17021,4.588652482269503,-1.8404255,0.0,0.76,1.35,282,511484.6666666667,23170.0,20.878859660330434,12.170910660336643,Rural
Solrød,Zealand Region,2020,3738705.895043732,3505000.0,27616.729,27115.384765625,137.21574,4.446064139941691,-1.8250729,0.0,0.42,1.1,343,527006.0,23311.5,19.08285372970854,14.713767882804623,Rural
Solrød,Zealand Region,2021,4345301.955773956,3791794.0,31433.412,30314.9609375,139.3145,4.481572481572481,-1.0712531,0.0,1.85,1.4700001,407,547092.6666666666,23500.75,17.404813281697407,17.318596215014416,Rural
Solrød,Zealand Region,2022,4468948.014150944,4147500.0,32273.146,31694.3681640625,135.85378,4.476415094339623,-2.3537736,0.104245275,7.6999993,3.73,212,535305.3333333334,23864.5,16.58671061486641,8.883488026147626,Rural
Solrød,Zealand Region,2023,3928964.68401487,3600000.0,30872.316,29411.765625,129.31227,4.379182156133829,-3.4981413,2.9226763,3.31,4.79,269,566898.0,24343.25,18.36266511394869,11.050291148470315,Rural
Solrød,Zealand Region,2024,4093896.0148514854,3842500.0,31553.693,29813.484375,128.74257,4.346534653465347,-2.7772276,3.5220294,1.13,4.34,202,574714.6666666666,24618.75,18.213863799291786,8.205128205128204,Rural
Sorø,Zealand Region,2008,2084502.4215686277,1997500.0,18641.1,17014.0400390625,129.33333,4.323529411764706,-2.6470587,4.0637255,3.42,6.52,102,281077.3333333333,29253.5,15.078366262362914,3.486762267762832,Rural
Sorø,Zealand Region,2009,1878943.3055555555,1700000.0,13672.128,12458.05517578125,142.5,4.430555555555555,-7.2222223,1.8000001,1.3,5.5,72,298019.6666666667,29483.75,21.797606536938996,2.4420231483444272,Rural
Sorø,Zealand Region,2010,1780533.9722222222,1650000.0,12711.702,12576.25830078125,144.06482,4.675925925925926,-5.0185184,0.8310185,2.31,4.53,108,318542.3333333333,29528.5,25.05898370913142,3.657483448194118,Rural
Sorø,Zealand Region,2011,2049568.4574468085,1387500.0,12835.195,11702.23583984375,158.34042,4.797872340425532,-5.87234,1.0212766,2.76,4.75,94,326210.3333333333,29453.25,25.41530014412195,3.191498391518763,Rural
Sorø,Zealand Region,2012,1525563.429906542,1360000.0,12844.229,11013.513671875,128.0841,4.177570093457944,-4.53271,0.39719626,2.4,3.6599998,107,334117.0,29332.0,26.01300552956507,3.6478930860493657,Rural
Sorø,Zealand Region,2013,1578998.0849056605,1325000.0,12480.132,11265.43212890625,138.70755,4.311320754716981,-5.575472,0.0,0.7900001,3.48,106,345586.0,29273.0,27.690893012990568,3.621084275612339,Rural
Sorø,Zealand Region,2014,2244831.303703704,1650000.0,19207.383,11890.244140625,138.9926,4.518518518518518,-2.785185,0.0,0.56,3.06,135,351767.0,29276.75,18.314155551539738,4.611167564705782,Rural
Sorø,Zealand Region,2015,1987523.087248322,1600000.0,13203.308,12276.119140625,146.42953,4.543624161073826,-3.8187919,0.0,0.44999996,2.78,149,360557.6666666667,29388.5,27.308131164301148,5.0700103782091634,Rural
Sorø,Zealand Region,2016,1866075.46875,1645000.0,13802.403,11763.580078125,152.125,4.7,-2.43125,0.0,0.25,2.55,160,363349.3333333333,29586.0,26.325077838499087,5.4079632258500645,Rural
Sorø,Zealand Region,2017,2151002.1844660193,1595000.0,16059.381,12447.9169921875,141.05826,4.427184466019417,-2.3883495,0.0,1.15,2.26,103,374439.0,29626.75,23.315904890730224,3.4765878808846735,Rural
Sorø,Zealand Region,2018,2012333.284,1685000.0,14553.178,13024.32666015625,144.704,4.54,-1.616,0.0,0.81,2.12,250,381623.3333333333,29719.75,26.222680251236763,8.411914635890275,Rural
Sorø,Zealand Region,2019,2009344.564102564,1695000.0,14232.559,14271.97802734375,146.5,4.67948717948718,-1.6410257,0.0,0.76,1.35,234,396742.6666666667,29849.5,27.875708554355313,7.8393272919144374,Rural
Sorø,Zealand Region,2020,2278172.062730627,1895000.0,16579.865,14473.6845703125,142.99261,4.590405904059041,-1.6494465,0.0,0.42,1.1,271,409096.3333333333,29903.0,24.67428614969623,9.062635855934188,Rural
Sorø,Zealand Region,2021,2621815.704615385,2395000.0,19027.365,17244.8984375,142.59384,4.547692307692308,-0.8030769,0.0,1.85,1.47,325,430129.0,29960.0,22.605810105603165,10.847797062750335,Rural
Sorø,Zealand Region,2022,2537519.5570776258,2295000.0,18397.422,18398.7734375,139.00914,4.447488584474886,-2.6666667,0.124657534,7.7,3.73,219,431100.0,30095.0,23.43263094144386,7.276956305034059,Rural
Sorø,Zealand Region,2023,2722233.629464286,2300000.0,20975.152,18069.5986328125,137.20982,4.566964285714286,-2.486607,2.8720982,3.31,4.79,224,446236.0,30481.5,21.274506139454914,7.348719715237111,Rural
Sorø,Zealand Region,2024,2761051.342857143,2475000.0,21359.01,17857.142578125,142.86858,4.685714285714286,-2.5371428,3.5157142,1.13,4.34,175,458987.6666666667,30574.0,21.489182629095016,5.723817622816772,Rural
Stevns,Zealand Region,2008,1674970.275,1450000.0,15701.661,12318.8076171875,121.075,4.166666666666667,-3.4416666,4.0729165,3.4200003,6.52,120,304333.3333333333,21888.75,19.38223818061881,5.482268288504369,Rural
Stevns,Zealand Region,2009,1369237.989010989,1080000.0,12261.48,10045.4541015625,122.62637,4.164835164835165,-4.835165,1.5065935,1.3,5.5,91,300212.3333333333,21949.25,24.484184073483245,4.145927537387383,Rural
Stevns,Zealand Region,2010,1224728.6095890412,1100000.0,11396.066,9777.97119140625,125.20548,4.13013698630137,-4.4931507,0.7962329,2.31,4.53,146,324412.0,21923.75,28.46701660028996,6.65944466617253,Rural
Stevns,Zealand Region,2011,1413982.362745098,972500.0,12870.1045,9309.13720703125,120.14706,4.254901960784314,-3.990196,0.98284316,2.76,4.75,102,329119.0,21873.25,25.572364233716986,4.663230201273245,Rural
Stevns,Zealand Region,2012,1275294.6083333334,950000.0,11178.657,9040.0048828125,118.53333,4.241666666666666,-4.008333,0.475,2.4,3.66,120,335809.0,21815.0,30.04019176901125,5.50080220032088,Rural
Stevns,Zealand Region,2013,1175390.1610169492,937500.0,11872.043,8612.93310546875,117.169495,4.093220338983051,-3.542373,0.0,0.79,3.48,118,345352.3333333333,21845.25,29.089545357385695,5.401631933715567,Rural
Stevns,Zealand Region,2014,1353585.4832214764,1000000.0,10679.476,8333.3330078125,131.32886,4.369127516778524,-4.3892617,0.0,0.56,3.06,149,354557.3333333333,21897.0,33.19988109279269,6.804585102982144,Rural
Stevns,Zealand Region,2015,1439353.5917159764,1000000.0,11372.004,9504.76171875,130.0355,4.272189349112426,-3.52071,0.0,0.44999996,2.78,169,359155.0,22115.5,31.58238424819407,7.64169926069951,Rural
Stevns,Zealand Region,2016,1480103.2674418604,1132135.0,14534.487,9860.3447265625,117.808136,4.098837209302325,-3.4593024,0.0,0.25,2.55,172,364544.6666666667,22338.75,25.08135764727484,7.699625090929438,Rural
Stevns,Zealand Region,2017,1457623.376,1300000.0,12798.904,10777.02734375,129.664,4.352,-3.224,0.0,1.15,2.26,125,373384.6666666667,22605.0,29.17317503644583,5.529750055297501,Rural
Stevns,Zealand Region,2018,1715347.0703125,1342500.0,14429.316,11210.79150390625,128.23828,4.359375,-2.0039062,0.0,0.81,2.12,256,385229.3333333333,22824.5,26.697684999991218,11.21601787552849,Rural
Stevns,Zealand Region,2019,1619918.9569892474,1300000.0,13788.566,11436.4580078125,128.9534,4.293906810035843,-2.157706,0.0,0.76,1.35,279,398974.6666666667,22829.25,28.935181995478477,12.221163638752916,Rural
Stevns,Zealand Region,2020,1730565.053291536,1450000.0,15627.312,13392.857421875,125.82132,4.263322884012539,-2.7680252,0.0,0.42,1.1,319,410934.3333333333,22855.0,26.295906380658,13.957558521111354,Rural
Stevns,Zealand Region,2021,2073224.6510416667,1710000.0,16846.13,13328.55810546875,134.54167,4.356770833333333,-1.6875,0.0,1.85,1.4699999,384,428357.0,23229.0,25.42762046832121,16.531060312540358,Rural
Stevns,Zealand Region,2022,1965049.6108949415,1625000.0,17922.25,13888.888671875,124.29572,4.178988326848249,-3.1945524,0.11887159,7.7,3.73,257,433238.6666666667,23686.0,24.173229737709644,10.850291311323144,Rural
Stevns,Zealand Region,2023,1999691.0201612904,1500000.0,16938.525,13584.84814453125,123.93145,4.334677419354839,-4.387097,2.8580644,3.31,4.79,248,443824.3333333333,23660.5,26.202065016483623,10.48160436169988,Rural
Stevns,Zealand Region,2024,1990413.392857143,1636000.0,18042.52,14606.232421875,119.440475,3.952380952380953,-3.8690476,3.4869046,1.13,4.34,168,457897.0,23635.75,25.3787719232125,7.107876839110246,Rural
Struer,Central Jutland,2008,852885.5083333333,695000.0,7047.268,7067.982421875,128.39166,4.575,-1.3666667,4.04375,3.4200003,6.52,120,282849.6666666667,22691.5,40.13607353468985,5.288323821695348,Rural
Struer,Central Jutland,2009,1026190.325,840000.0,8151.8877,6977.612060546875,134.4375,4.55,-3.8375,2.1225,1.3,5.5,80,285165.6666666667,22586.5,34.98154993801824,3.5419387687335355,Rural
Struer,Central Jutland,2010,1037771.2264150945,822500.0,8145.897,6465.973876953125,138.68867,4.660377358490566,-3.3301888,0.8066038,2.31,4.53,106,305748.3333333333,22372.25,37.5340288900453,4.738012493155583,Rural
Struer,Central Jutland,2011,950836.4736842106,690800.0,7207.214,6125.731201171875,139.23685,4.7105263157894735,-3.9736843,0.90460527,2.76,4.75,76,312552.3333333333,22195.0,43.36659537698385,3.424194638432079,Rural
Struer,Central Jutland,2012,1870114.5694444445,787500.0,10565.009,6337.792724609375,150.19444,5.125,-5.4305553,0.4201389,2.4,3.6600003,72,321561.6666666667,22031.5,30.43647825256625,3.2680480221501034,Rural
Struer,Central Jutland,2013,1211719.217948718,687500.0,8880.391,6940.132080078125,135.57692,4.589743589743589,-2.9230769,0.0,0.79,3.48,78,326623.3333333333,21739.0,36.78028741452187,3.5880215281291687,Rural
Struer,Central Jutland,2014,890019.8974358974,528250.0,7407.8584,5536.64599609375,130.25641,4.589743589743589,-5.4358974,0.0,0.56,3.06,78,325917.6666666667,21528.75,43.9962063349735,3.6230621842884516,Rural
Struer,Central Jutland,2015,1065542.01,730625.0,8121.8394,6220.238037109375,139.74,4.87,-5.86,0.0,0.45,2.78,100,332844.3333333333,21415.25,40.98139804800047,4.66956958242374,Rural
Struer,Central Jutland,2016,763701.4615384615,527000.0,6806.1177,6691.17626953125,122.47863,3.9743589743589745,-4.4786325,0.0,0.25,2.55,117,335279.6666666667,21456.5,49.261514632147296,5.45289306270827,Rural
Struer,Central Jutland,2017,688242.4406779661,600000.0,7255.7065,5457.40380859375,115.067795,3.983050847457627,-4.8305087,0.0,1.15,2.26,59,346251.3333333333,21311.75,47.72124304274619,2.768425868359004,Rural
Struer,Central Jutland,2018,1142824.8174603174,795000.0,11644.135,7201.388916015625,117.666664,4.182539682539683,-4.4920635,0.0,0.81,2.12,126,352970.6666666667,21255.75,30.313171967403907,5.927807769662326,Rural
Struer,Central Jutland,2019,881771.4133333333,660000.0,7758.76,6563.3701171875,127.91333,4.5,-5.0466666,0.0,0.76,1.35,150,365474.0,21110.5,47.10469198686388,7.105468842519126,Rural
Struer,Central Jutland,2020,1226052.2565445027,690000.0,9063.157,7028.9853515625,124.089005,4.633507853403142,-3.8691099,0.0,0.42000002,1.1,191,378810.6666666667,20961.5,41.796767579626696,9.111943324666651,Rural
Struer,Central Jutland,2021,1088940.5106382978,845500.0,8813.088,8129.8076171875,129.67659,4.502127659574468,-3.3659575,0.0,1.85,1.47,235,398042.3333333333,20813.0,45.16491079328078,11.291020035554702,Rural
Struer,Central Jutland,2022,1147754.7770700636,850000.0,9967.845,7967.033203125,124.0828,4.496815286624204,-3.789809,0.107643306,7.7000003,3.73,157,403236.3333333333,20854.25,40.45371224505732,7.528441444789431,Rural
Struer,Central Jutland,2023,1285359.298245614,730000.0,9364.063,7396.10400390625,130.66667,4.450292397660819,-4.6023393,2.8020468,3.31,4.79,171,410554.6666666667,20690.25,43.84364636020354,8.264762388081344,Rural
Struer,Central Jutland,2024,1244896.4566929133,825000.0,10136.788,8372.548828125,122.338585,4.551181102362205,-4.125984,3.5035431,1.13,4.34,127,421145.3333333333,20453.5,41.54623075212121,6.209206248319358,Rural
Svendborg,Southern Denmark,2008,1992500.7699680512,1650000.0,16651.787,13807.947265625,132.61342,4.386581469648562,-1.9776357,4.040735,3.4200003,6.52,313,281572.6666666667,59138.5,16.909456424506672,5.292660449622496,Urban
Svendborg,Southern Denmark,2009,1880804.750929368,1500000.0,14653.572,12030.0751953125,133.829,4.4721189591078065,-4.7843866,1.9263941,1.3,5.5,269,287571.3333333333,59130.25,19.624657614766782,4.549278922378985,Urban
Svendborg,Southern Denmark,2010,1678293.7294520547,1400000.0,13236.516,11775.2099609375,134.84247,4.551369863013699,-4.428082,0.80479455,2.31,4.53,292,308484.3333333333,58922.5,23.30555361647531,4.955662098519241,Urban
Svendborg,Southern Denmark,2011,1761995.4393939397,1420000.0,15136.953,11652.298828125,132.25757,4.284090909090909,-5.3598485,0.9943182,2.76,4.75,264,307865.6666666667,58693.0,20.338681547512678,4.497981019883121,Urban
Svendborg,Southern Denmark,2012,1699956.4353741496,1365000.0,13574.77,11237.2451171875,136.06802,4.442176870748299,-5.568027,0.4506803,2.4,3.66,294,319689.6666666667,58487.25,23.550282374336117,5.0267365964376856,Urban
Svendborg,Southern Denmark,2013,1702249.4844720496,1260000.0,14703.253,10756.71435546875,129.96274,4.273291925465839,-5.9440994,0.0,0.79,3.4800003,322,326588.6666666667,58152.0,22.21200075021947,5.537212821571055,Urban
Svendborg,Southern Denmark,2014,1685875.1174603174,1375000.0,13863.904,11250.0,135.86667,4.552380952380952,-5.895238,0.0,0.56,3.06,315,334113.0,57964.5,24.099488859703587,5.434360686282121,Urban
Svendborg,Southern Denmark,2015,1677160.5547445256,1400000.0,12624.524,10820.3125,142.09732,4.70316301703163,-5.4744525,0.0,0.45,2.78,411,339770.6666666667,58097.5,26.913542773309054,7.074314729549465,Urban
Svendborg,Southern Denmark,2016,1680846.5639686685,1400000.0,13622.06,11203.7041015625,135.36293,4.433420365535248,-4.279373,0.0,0.25,2.55,383,345195.3333333333,58384.25,25.340905364778404,6.559988353023289,Urban
Svendborg,Southern Denmark,2017,1894893.9179810728,1500000.0,13997.789,12083.3330078125,138.0631,4.6372239747634065,-3.6624606,0.0,1.15,2.26,317,352671.3333333333,58594.5,25.194788500764894,5.410064084513052,Urban
Svendborg,Southern Denmark,2018,2084879.6011315417,1675000.0,17962.186,13676.470703125,132.71854,4.427157001414427,-2.9674683,0.0,0.81,2.12,707,358617.3333333333,58695.5,19.96512748132846,12.045216413524036,Urban
Svendborg,Southern Denmark,2019,2052517.24535809,1650214.0,16662.523,13430.76904296875,134.8488,4.464190981432361,-2.9482758,0.0,0.76,1.35,754,375425.0,58545.25,22.531101682500303,12.878926983828748,Urban
Svendborg,Southern Denmark,2020,2145277.887559809,1775000.0,16952.652,14481.40478515625,134.1531,4.491626794258373,-2.5167465,0.0,0.42,1.1,836,392830.3333333333,58314.25,23.172205347772923,14.336118530204882,Urban
Svendborg,Southern Denmark,2021,2281411.6025641025,1900000.0,17754.564,15867.47509765625,136.39636,4.477564102564102,-1.8878205,0.0,1.85,1.47,936,412536.3333333333,58860.0,23.235509096890993,15.902140672782874,Urban
Svendborg,Southern Denmark,2022,2369638.652366864,1995000.0,18995.102,16077.67236328125,131.48225,4.368343195266272,-2.224852,0.11249999,7.6999993,3.73,676,414700.3333333333,59432.75,21.831961383167794,11.374200251544814,Urban
Svendborg,Southern Denmark,2023,2474491.3152337857,2025000.0,18566.36,16635.513671875,137.13274,4.521870286576169,-3.6199095,2.8224735,3.31,4.79,663,427130.3333333333,59735.0,23.005604401365336,11.099020674646356,Urban
Svendborg,Southern Denmark,2024,2337786.268442623,1997500.0,18377.008,16758.90625,131.1373,4.456967213114754,-3.477459,3.5241802,1.1299999,4.34,488,434737.6666666667,59798.0,23.656607575437015,8.160808053781063,Urban
Syddjurs,Central Jutland,2008,1706625.119089317,1378000.0,14571.81,12333.3330078125,126.16463,4.415061295971979,-2.7513134,4.040718,3.42,6.52,571,292203.0,41319.5,20.052622151949553,13.819141083507787,Rural
Syddjurs,Central Jutland,2009,1418510.4417177914,1295000.0,12802.022,11402.298828125,122.092026,4.447852760736196,-4.4744377,1.8891616,1.3,5.5,489,294672.0,41353.25,23.0176139362985,11.824947253238863,Rural
Syddjurs,Central Jutland,2010,1411399.93728223,1125000.0,13010.265,10815.98681640625,124.44599,4.390243902439025,-3.6655052,0.8087979,2.31,4.53,574,319293.6666666667,41535.0,24.541672799644488,13.819670157698328,Rural
Syddjurs,Central Jutland,2011,1373405.9248927038,1110725.5,11123.225,9872.97998046875,133.53648,4.585836909871245,-4.7896996,0.99839056,2.76,4.75,466,328159.3333333333,41781.0,29.502175253429947,11.153395083889807,Rural
Syddjurs,Central Jutland,2012,1335595.2007366482,1095000.0,11852.259,10319.1494140625,123.780846,4.504604051565377,-5.2541437,0.43001842,2.4,3.66,543,340807.0,41861.25,28.754602814535186,12.971423452476932,Rural
Syddjurs,Central Jutland,2013,1307562.8707360865,1050000.0,11187.05,9832.1630859375,127.078995,4.551166965888689,-4.4039497,0.0,0.79,3.48,557,357613.3333333333,41777.0,31.96672342872637,13.332695023577568,Rural
Syddjurs,Central Jutland,2014,1307372.354632588,1050000.0,11464.631,10449.68701171875,123.59585,4.404153354632588,-5.0862617,0.0,0.56,3.06,626,352052.3333333333,41690.25,30.707689879712074,15.01550122630591,Rural
Syddjurs,Central Jutland,2015,1454087.9211136892,1187500.0,12964.526,11757.42578125,122.339905,4.408352668213457,-3.5928075,0.0,0.45,2.7799997,862,362145.3333333333,41811.0,27.933557565724602,20.616584152495754,Rural
Syddjurs,Central Jutland,2016,1493072.8259212198,1280000.0,12819.254,11301.3701171875,126.682335,4.407878017789073,-3.4091487,0.0,0.25,2.55,787,370052.6666666667,41899.25,28.866942387339126,18.783152443062825,Rural
Syddjurs,Central Jutland,2017,1494261.090443686,1200000.0,13377.417,10821.48095703125,123.94027,4.399317406143345,-3.3737202,0.0,1.15,2.26,586,379191.0,42143.75,28.345606629441246,13.904790152751001,Rural
Syddjurs,Central Jutland,2018,1629719.55,1250000.0,14271.368,11809.76708984375,125.32119,4.4491525423728815,-3.1016948,0.0,0.81,2.12,1180,382240.0,42581.0,26.78369726013652,27.711890279702217,Rural
Syddjurs,Central Jutland,2019,1604112.2509992006,1300000.0,13729.375,11855.669921875,125.79696,4.509192645883293,-3.292566,0.0,0.76,1.35,1251,398998.3333333333,42876.5,29.061653085689137,29.176821802152695,Rural
Syddjurs,Central Jutland,2020,1702085.9983041266,1425000.0,15421.483,13872.548828125,119.65574,4.378745053702657,-2.244771,0.0,0.42,1.1,1769,416211.0,43096.75,26.989038602837354,41.04717873157489,Rural
Syddjurs,Central Jutland,2021,1932687.7270754208,1650000.0,17455.727,15766.12890625,122.4981,4.38415626695605,-1.3022246,0.0,1.85,1.47,1843,444618.6666666667,43387.0,25.471220228562622,42.47816166132713,Rural
Syddjurs,Central Jutland,2022,1997057.593973037,1650000.0,17599.094,15238.095703125,123.11499,4.40761300555115,-2.8421888,0.12113402,7.7000003,3.7299998,1261,429104.0,43906.0,24.382164218226233,28.720448230310208,Rural
Syddjurs,Central Jutland,2023,1947385.4597510376,1587000.0,18495.854,16197.1826171875,113.25311,4.189211618257262,-3.160996,2.8446472,3.31,4.79,1205,440788.6666666667,44217.5,23.831755304008492,27.251653756996664,Rural
Syddjurs,Central Jutland,2024,2006686.968503937,1650000.0,18308.258,16666.666015625,117.635544,4.298087739032621,-3.7660294,3.5136669,1.13,4.34,889,450283.0,44092.75,24.59452996565812,20.16204478060452,Rural
Sønderborg,Southern Denmark,2008,1728789.4169381107,1250000.0,14004.234,9260.29443359375,140.3241,4.552117263843648,-2.058632,4.0521173,3.4200003,6.52,614,273738.0,76875.25,19.546802774075324,7.9869658960458665,Urban
Sønderborg,Southern Denmark,2009,1364907.5714285714,1095000.0,10371.28,8794.642578125,138.59184,4.469387755102041,-3.3537414,1.9249433,1.3,5.5,441,260284.66666666663,76680.5,25.096677234311155,5.751136208032029,Urban
Sønderborg,Southern Denmark,2010,1391456.3935264056,1130000.0,11140.194,8682.634765625,141.97275,4.5945485519591145,-2.8739352,0.7994037,2.31,4.53,587,302764.6666666667,76344.0,27.177683500544667,7.688881902965524,Urban
Sønderborg,Southern Denmark,2011,1721322.096892139,1219000.0,14867.276,9489.05078125,135.66362,4.336380255941499,-3.299817,0.95795244,2.76,4.75,547,305580.6666666667,76235.75,20.553910929390607,7.175111414264305,Urban
Sønderborg,Southern Denmark,2012,1347459.0111607143,1100000.0,11219.976,8571.4287109375,140.5,4.558035714285714,-4.011161,0.48325893,2.4,3.66,448,315957.3333333333,75994.0,28.160250372490395,5.895202252809432,Urban
Sønderborg,Southern Denmark,2013,1336684.8834498834,1100000.0,11205.27,8583.3330078125,139.91841,4.44988344988345,-4.230769,0.0,0.79,3.48,429,318945.3333333333,75631.0,28.463868638000985,5.672277240813952,Urban
Sønderborg,Southern Denmark,2014,1468262.5021008404,1000000.0,11307.036,8111.8291015625,141.54832,4.514705882352941,-5.1281514,0.0,0.56,3.06,476,327162.6666666667,75152.75,28.93443221253268,6.333766894757677,Urban
Sønderborg,Southern Denmark,2015,1451059.469936709,1067500.0,11751.531,8914.42138671875,140.57278,4.542721518987341,-4.245253,0.0,0.45,2.78,632,330631.0,74823.5,28.135142561424548,8.446544200685615,Urban
Sønderborg,Southern Denmark,2016,1415743.590443686,1150000.0,10895.121,8908.72998046875,140.98463,4.5290102389078495,-3.8259385,0.0,0.25,2.55,586,336262.0,74758.75,30.863539744074437,7.8385473272359425,Urban
Sønderborg,Southern Denmark,2017,1446579.9809322034,1125000.0,12787.52,9629.73193359375,132.91737,4.336864406779661,-3.213983,0.0,1.15,2.26,472,347930.0,74763.25,27.208559595605713,6.313262197670647,Urban
Sønderborg,Southern Denmark,2018,1525637.1625,1172500.0,12172.49,8795.56298828125,142.26137,4.693181818181818,-3.2579546,0.0,0.81,2.12,880,356110.3333333333,74673.25,29.255339978371996,11.784675235107619,Urban
Sønderborg,Southern Denmark,2019,1545769.26349892,1190000.0,11934.386,9740.8193359375,138.64255,4.58963282937365,-3.211663,0.0,0.76,1.35,926,367495.6666666667,74394.25,30.793009935045394,12.44719854020976,Urban
Sønderborg,Southern Denmark,2020,1580969.8861646235,1245000.0,12517.683,10269.4033203125,138.36865,4.516637478108581,-3.1348512,0.0,0.42,1.1,1142,381108.6666666667,74085.25,30.445623736171196,15.414674311013325,Urban
Sønderborg,Southern Denmark,2021,1814479.124748491,1400003.0,14476.266,10964.912109375,139.6566,4.543259557344064,-2.2206573,0.0,1.85,1.47,1491,398363.0,73757.25,27.518353144381294,20.214961918997794,Urban
Sønderborg,Southern Denmark,2022,1751634.0330788805,1395000.0,13600.634,10764.1025390625,139.83376,4.581849024597116,-2.0593724,0.12294317,7.7,3.73,1179,399135.3333333333,74003.75,29.346818194896894,15.93162508656656,Urban
Sønderborg,Southern Denmark,2023,1698333.2064315353,1300000.0,12693.26,10699.884765625,138.00311,4.538381742738589,-2.93361,2.748444,3.31,4.79,964,410703.6666666667,74360.5,32.356043023357806,12.963871948144513,Urban
Sønderborg,Southern Denmark,2024,1657151.955882353,1372500.0,13169.229,11728.4228515625,133.76337,4.435828877005347,-3.1925135,3.5191176,1.13,4.34,748,420716.3333333333,74120.0,31.946922126825598,10.091743119266056,Urban
Thisted,North Jutland,2008,1227659.1149425288,900000.0,9481.709,7475.0,136.29655,4.689655172413793,-2.2160919,4.045977,3.42,6.52,435,270489.6666666667,45585.0,28.527522482146065,9.542612701546561,Rural
Thisted,North Jutland,2009,1227837.1757575758,922500.0,11037.41,8189.27001953125,132.39697,4.4393939393939394,-2.8424242,1.9930303,1.3,5.5,330,273902.0,45448.5,24.815785587379647,7.2609657084392225,Rural
Thisted,North Jutland,2010,1056001.166226913,800000.0,8909.657,7142.85693359375,134.62534,4.591029023746702,-2.9551451,0.81134564,2.31,4.53,379,295962.6666666667,45265.0,33.2181886089068,8.372915055782613,Rural
Thisted,North Jutland,2011,1245530.9408450704,960000.0,11090.053,7908.1630859375,136.19154,4.701408450704226,-3.5239437,0.9950704,2.76,4.75,355,305043.3333333333,45063.25,27.506030253717753,7.877816180590615,Rural
Thisted,North Jutland,2012,1129215.429032258,850000.0,8816.932,6888.8193359375,139.69032,4.82258064516129,-4.3580647,0.4483871,2.4,3.6599998,310,310665.0,44754.5,35.2350454784045,6.926677764247171,Rural
Thisted,North Jutland,2013,1180127.0028818443,800000.0,9839.764,7208.5888671875,134.10374,4.636887608069165,-4.0864553,0.0,0.79,3.4800003,347,321558.6666666667,44410.5,32.67951006413027,7.81346753583049,Rural
Thisted,North Jutland,2014,1160246.5433070867,825000.0,8900.652,6875.0,139.64043,4.661417322834645,-4.0209975,0.0,0.56,3.06,381,322792.3333333333,44189.75,36.266144697414674,8.621908926843894,Rural
Thisted,North Jutland,2015,1145373.8014018692,873500.0,8999.128,7713.09033203125,137.67056,4.696261682242991,-3.8154206,0.0,0.45,2.78,428,331748.0,44034.0,36.86446064552032,9.719762002089293,Rural
Thisted,North Jutland,2016,1232913.8648111331,960000.0,11459.079,8447.6748046875,131.49901,4.4791252485089466,-3.638171,0.0,0.25,2.55,503,337661.3333333333,43960.5,29.466707868349047,11.442090058120357,Rural
Thisted,North Jutland,2017,1473231.6691729324,985250.0,10586.732,7904.322021484375,142.8233,4.774436090225564,-3.357143,0.0,1.15,2.26,266,347012.0,43826.5,32.77800930447658,6.069387242878167,Rural
Thisted,North Jutland,2018,1234158.0855855856,950000.0,10682.397,8188.518798828125,130.01051,4.501501501501502,-3.2777777,0.0,0.81000006,2.12,666,352948.3333333333,43717.5,33.040181275170106,15.23417395779722,Rural
Thisted,North Jutland,2019,1393992.3643617022,1000000.0,11643.255,8962.7255859375,132.71011,4.468085106382978,-3.2273936,0.0,0.76000005,1.35,752,368876.0,43553.25,31.681518613136966,17.26622008690511,Rural
Thisted,North Jutland,2020,1349959.4628770305,1095000.0,12195.502,9503.197265625,128.17285,4.4802784222737815,-3.2598608,0.0,0.42,1.1,862,384114.0,43352.0,31.49636644723604,19.883742387894443,Rural
Thisted,North Jutland,2021,1519973.7357414449,1175000.0,12549.911,10412.87890625,131.14069,4.521863117870723,-2.3412547,0.0,1.85,1.47,1052,399356.6666666667,43135.75,31.821474006203445,24.38812354021896,Rural
Thisted,North Jutland,2022,1630410.4493116396,1225000.0,13626.991,10377.3583984375,132.10138,4.46558197747184,-2.1989987,0.119586974,7.7,3.73,799,404049.6666666667,43237.5,29.65068859784722,18.479329285920787,Rural
Thisted,North Jutland,2023,1484757.6141078838,1125000.0,11730.003,9833.3330078125,133.04012,4.615491009681881,-3.089903,2.8351314,3.31,4.79,723,406235.6666666667,43305.0,34.63218778943762,16.69553169379979,Rural
Thisted,North Jutland,2024,1629539.8222621186,1235000.0,12859.977,10477.94140625,133.83124,4.63016157989228,-2.8617594,3.5192099,1.13,4.34,557,418048.6666666667,42908.0,32.50773050890112,12.981262235480562,Rural
Tårnby,Capital Region,2008,2408484.782608696,2500000.0,20478.97,21734.2041015625,121.07971,4.340579710144928,-4.0652175,4.0561595,3.42,6.52,138,306895.6666666667,40102.5,14.985893659039819,3.441181971198803,Rural
Tårnby,Capital Region,2009,1958110.87012987,1950000.0,17238.79,17153.7001953125,119.623375,4.3311688311688314,-5.318182,1.8512987,1.3,5.5,154,312478.0,40297.75,18.126446229694775,3.821553312529856,Rural
Tårnby,Capital Region,2010,2213291.5344827585,2297500.0,18430.629,18663.91015625,126.25862,4.632183908045977,-3.189655,0.8146552,2.31,4.53,174,336339.3333333333,40542.75,18.24893406151973,4.291766098747618,Rural
Tårnby,Capital Region,2011,2147233.7405405403,2185000.0,17291.076,17164.1796875,128.33513,4.427027027027027,-3.7243242,0.977027,2.76,4.75,185,347308.3333333333,40983.25,20.085987322786234,4.514039272141668,Rural
Tårnby,Capital Region,2012,2197103.4870689656,2177500.0,18478.045,18270.5966796875,122.81035,4.392241379310345,-3.4224138,0.37823275,2.4,3.66,232,352947.0,41248.75,19.1008843197427,5.624412860995787,Rural
Tårnby,Capital Region,2013,2282966.003968254,2367500.0,19023.85,19932.0654296875,125.70635,4.412698412698413,-2.6111112,0.0,0.79,3.48,252,362036.6666666667,41689.5,19.03067290094627,6.044687511243838,Rural
Tårnby,Capital Region,2014,2486799.5675675673,2547375.0,21011.084,20932.7431640625,123.70946,4.287162162162162,-2.337838,0.0,0.56,3.06,296,371071.0,42268.5,17.660726119604302,7.00285082271668,Rural
Tårnby,Capital Region,2015,2632987.8905775077,2650000.0,23078.408,23657.408203125,119.0152,4.249240121580547,-1.6778115,0.0,0.45000002,2.78,329,378827.0,42660.0,16.414780430261914,7.7121425222691045,Rural
Tårnby,Capital Region,2016,2794560.273006135,2828750.0,25212.385,25754.814453125,115.7546,4.119631901840491,-2.297546,0.0,0.25,2.55,326,386623.6666666667,42929.25,15.334672489995164,7.593889946831124,Rural
Tårnby,Capital Region,2017,3284065.2011173186,3200000.0,28238.729,28761.0625,122.14525,4.229050279329609,-1.7094972,0.0,1.15,2.26,179,396739.6666666667,43017.25,14.049487378368434,4.161121410596912,Rural
Tårnby,Capital Region,2018,3285133.0625,3400000.0,28711.553,29431.91015625,121.1875,4.285,-1.8075,0.0,0.81,2.12,400,408308.3333333333,43037.25,14.221046605641057,9.294274146233786,Rural
Tårnby,Capital Region,2019,3345409.0693069305,3390000.0,29501.582,30392.15625,121.32674,4.1905940594059405,-2.25,0.0,0.76000005,1.35,404,419197.3333333333,42998.25,14.209317091311691,9.395731221619483,Rural
Tårnby,Capital Region,2020,3530084.8084632517,3595000.0,30750.621,31250.0,118.49443,4.1759465478841875,-2.0200446,0.0,0.41999996,1.1,449,440243.6666666667,42840.0,14.316578083631764,10.480859010270775,Rural
Tårnby,Capital Region,2021,4003288.2209302327,4197500.0,36183.113,36281.75390625,114.308136,4.032945736434108,-1.0155039,0.0,1.85,1.47,516,458121.6666666667,42672.5,12.661201004641772,12.09209678364286,Rural
Tårnby,Capital Region,2022,3997160.381818182,4075000.0,36455.05,36858.76171875,111.80909,4.069696969696969,-3.0363636,0.12212121,7.7,3.73,330,462904.3333333333,42928.25,12.697948112355716,7.687245578377874,Rural
Tårnby,Capital Region,2023,3718976.5019455254,3750000.0,34633.293,34772.052734375,108.77627,3.904669260700389,-2.974708,2.7936769,3.31,4.79,514,487039.3333333333,43291.75,14.062749774713405,11.872931909659462,Rural
Tårnby,Capital Region,2024,3755185.2878228785,3995000.0,36420.527,36301.37109375,105.53506,3.7896678966789663,-2.5793357,3.529889,1.13,4.34,271,503867.6666666667,43943.75,13.834716523093327,6.166974825771582,Rural
Tønder,Southern Denmark,2008,1450690.8369905956,840000.0,11425.101,6481.4814453125,139.89969,4.6426332288401255,-2.5768025,4.0462384,3.4199998,6.5199995,319,260875.0,40354.0,22.833496176532705,7.905040392526144,Rural
Tønder,Southern Denmark,2009,1286547.945945946,875000.0,9523.665,6559.1396484375,140.81853,4.598455598455598,-4.1660233,1.9320463,1.3,5.5,259,265412.3333333333,40031.0,27.868717907794245,6.469985761035198,Rural
Tønder,Southern Denmark,2010,1092168.2135231316,850000.0,8910.721,7285.71435546875,135.38434,4.505338078291815,-3.6619217,0.8033808,2.31,4.53,281,286338.3333333333,39651.0,32.13413744334867,7.086832614562054,Rural
Tønder,Southern Denmark,2011,1385458.905063291,1058750.0,11581.88,8700.5224609375,132.83861,4.344936708860759,-3.455696,0.9794304,2.76,4.75,316,292528.3333333333,39367.5,25.257413592036297,8.026925763637518,Rural
Tønder,Southern Denmark,2012,1152810.3502109705,840000.0,10052.771,6338.0283203125,133.03798,4.544303797468355,-4.3375525,0.47468355,2.4,3.66,237,294740.3333333333,38979.5,29.31931238992048,6.080119036929668,Rural
Tønder,Southern Denmark,2013,1426863.6061776062,791835.0,11005.746,6829.26806640625,135.7336,4.613899613899614,-5.4749036,0.0,0.79,3.48,259,305320.3333333333,38532.5,27.7419025782835,6.721598650489846,Rural
Tønder,Southern Denmark,2014,1410981.0034364262,910000.0,11159.594,7246.376953125,133.57388,4.487972508591065,-3.814433,0.0,0.56,3.06,291,308469.6666666667,38180.25,27.64165673649657,7.621741607244584,Rural
Tønder,Southern Denmark,2015,1268117.0,955000.0,10657.359,7104.77783203125,137.1628,4.5436046511627906,-4.65407,0.0,0.45000002,2.78,344,315938.0,37981.25,29.645055590226434,9.057100543031101,Rural
Tønder,Southern Denmark,2016,1129004.7096774194,792500.0,8952.172,5823.38720703125,142.82903,4.825806451612904,-5.1225805,0.0,0.25,2.55,310,319637.3333333333,37929.5,35.705003582743196,8.173057910069998,Rural
Tønder,Southern Denmark,2017,1341950.6373239437,925000.0,12038.344,7888.336181640625,123.901405,3.982394366197183,-3.0774648,0.0,1.15,2.26,284,337175.3333333333,37863.75,28.008448116562654,7.500577729358555,Rural
Tønder,Southern Denmark,2018,1353313.5221238935,865000.0,10050.207,6568.921142578125,143.8562,4.769911504424779,-3.9845133,0.0,0.81,2.12,452,339319.0,37704.75,33.76238917268072,11.98787951120217,Rural
Tønder,Southern Denmark,2019,1151240.61167002,840000.0,9282.6875,6759.25927734375,139.89537,4.7283702213279675,-3.4668007,0.0,0.76,1.35,497,356938.6666666667,37525.25,38.45208261795592,13.244415426945856,Rural
Tønder,Southern Denmark,2020,1517168.189821183,970000.0,12788.843,8088.2353515625,131.2641,4.387895460797799,-3.38652,0.0,0.42,1.1,727,366607.3333333333,37227.75,28.666184527664722,19.52844316403758,Rural
Tønder,Southern Denmark,2021,1337549.1551939924,1042500.0,11838.068,7750.0,135.09137,4.5732165206508135,-3.0100126,0.0,1.85,1.47,799,380730.3333333333,36994.75,32.16152613191049,21.597659127308606,Rural
Tønder,Southern Denmark,2022,1525085.7972413793,1000000.0,11176.829,7714.28564453125,142.36137,4.671724137931035,-2.4827585,0.13089654,7.7,3.73,725,397171.6666666667,36927.0,35.53527272061393,19.63333062528773,Rural
Tønder,Southern Denmark,2023,1366926.2891566264,1000000.0,10547.579,8078.865478515625,138.18224,4.658132530120482,-3.1656628,2.8348644,3.3099997,4.79,664,398183.0,36789.75,37.75112753362644,18.04850535815003,Rural
Tønder,Southern Denmark,2024,1408069.2213592234,950000.0,12480.567,8195.8759765625,126.63883,4.326213592233009,-3.961165,3.5237863,1.13,4.34,515,408288.0,36570.5,32.713898334907384,14.082388810653397,Rural
Vallensbæk,Capital Region,2008,2412897.8048780486,2465000.0,19561.434,19653.509765625,125.85366,4.219512195121951,-3.390244,4.039634,3.42,6.52,82,340617.6666666667,12800.5,17.412714562064657,6.405999765634155,Rural
Vallensbæk,Capital Region,2009,2083292.931372549,2100000.0,16892.45,16434.263671875,123.71568,4.127450980392157,-5.2647057,1.7892157,1.3,5.5,102,342561.0,13595.0,20.27894118378329,7.502758367046708,Rural
Vallensbæk,Capital Region,2010,2133931.0240963856,2150000.0,17245.182,17431.193359375,125.46988,4.337349397590361,-3.4578314,0.810241,2.31,4.53,83,373876.0,14217.0,21.68002634011053,5.838081170429767,Rural
Vallensbæk,Capital Region,2011,2201813.840909091,2125000.0,17126.076,17824.7353515625,126.875,4.170454545454546,-4.909091,0.9744318,2.76,4.75,88,379401.6666666667,14501.75,22.153449900996975,6.06823314427569,Rural
Vallensbæk,Capital Region,2012,1980432.598130841,1950000.0,16610.338,17307.69140625,115.90654,3.97196261682243,-2.9252336,0.43457943,2.4,3.6599998,107,388893.0,14627.75,23.412708398829693,7.314863871750611,Rural
Vallensbæk,Capital Region,2013,2143818.3333333335,2210000.0,17162.754,16949.541015625,125.59524,4.154761904761905,-3.2619047,0.0,0.79,3.48,84,397544.3333333333,14892.25,23.163201741010404,5.640517718947775,Rural
Vallensbæk,Capital Region,2014,2182337.8305084747,2200000.0,18036.2,18037.2880859375,120.830505,4.016949152542373,-3.20339,0.0,0.56,3.06,118,412149.3333333333,15123.25,22.8512288249927,7.802555667597904,Rural
Vallensbæk,Capital Region,2015,2195090.705882353,2300000.0,17863.582,17803.03125,122.111115,4.091503267973856,-2.3986928,0.0,0.45,2.78,153,415124.3333333333,15281.5,23.238583019538485,10.012106141412819,Rural
Vallensbæk,Capital Region,2016,2424874.92893401,2435000.0,20335.604,20714.28515625,123.18274,3.979695431472081,-3.0406091,0.0,0.25,2.55,197,414494.0,15525.5,20.382674642956268,12.688802293001835,Rural
Vallensbæk,Capital Region,2017,2515039.2586206896,2400000.0,21604.936,21061.6748046875,116.17242,3.844827586206896,-3.3534484,0.0,1.15,2.26,116,418484.0,15833.75,19.36983289374243,7.326122996763243,Rural
Vallensbæk,Capital Region,2018,3024303.3115384616,2800000.0,28178.668,23893.033203125,112.17308,3.8038461538461537,-1.8153846,0.0,0.81,2.12,260,426309.6666666667,16475.25,15.12880831225474,15.781247629019287,Rural
Vallensbæk,Capital Region,2019,2979860.718446602,2740000.0,25993.97,24553.572265625,112.19903,3.844660194174758,-2.252427,0.0,0.76,1.35,206,435563.3333333333,16655.0,16.756322075209493,12.368658060642451,Rural
Vallensbæk,Capital Region,2020,2950431.503937008,2947500.0,25816.69,26090.5859375,114.07087,3.7598425196850394,-2.062992,0.0,0.42,1.1,254,460079.0,16547.75,17.820990994585287,15.349518816757566,Rural
Vallensbæk,Capital Region,2021,3086511.688311688,3142000.0,27659.783,27465.54296875,110.987015,3.779220779220779,-1.762987,0.0,1.8499999,1.47,308,478311.3333333333,16525.25,17.292663985589957,18.63814465741819,Rural
Vallensbæk,Capital Region,2022,3089415.789473684,3100000.0,28414.03,28314.4873046875,107.836845,3.668421052631579,-2.536842,0.11631578,7.7,3.73,190,472164.0,16633.0,16.617283785510185,11.423074610713641,Rural
Vallensbæk,Capital Region,2023,3094749.7582938387,3125000.0,28104.799,27985.07421875,108.336494,3.654028436018957,-3.8151658,2.8279622,3.31,4.79,211,487804.3333333333,17370.25,17.356620601817266,12.147205710913775,Rural
Vallensbæk,Capital Region,2024,3135424.5283018867,3175000.0,29213.232,28440.3671875,105.754715,3.691823899371069,-2.855346,3.4993708,1.13,4.34,159,500760.6666666667,17949.75,17.14157018527312,8.858062090001253,Rural
Varde,Southern Denmark,2008,1515556.9742765273,1177500.0,12170.062,9129.150390625,136.03215,4.601286173633441,-1.959807,4.0422025,3.42,6.52,622,280359.6666666667,50283.75,23.03683142014122,12.369801377184478,Urban
Varde,Southern Denmark,2009,1480762.8836291914,1100000.0,11586.649,9177.21484375,133.66667,4.65680473372781,-3.61144,1.8978304,1.3,5.5,507,286885.3333333333,50434.25,24.759991722657116,10.05269236679439,Urban
Varde,Southern Denmark,2010,1338298.3868243245,1095000.0,11625.45,9251.43701171875,132.9375,4.569256756756757,-2.912162,0.8053209,2.31,4.53,592,308731.6666666667,50409.25,26.556534729121598,11.743876371896032,Urban
Varde,Southern Denmark,2011,1252755.1314285714,1050000.0,11056.355,8860.759765625,132.48381,4.573333333333333,-3.72,0.9880952,2.76,4.75,525,318365.3333333333,50330.25,28.79478212605631,10.431102567541389,Urban
Varde,Southern Denmark,2012,1334487.256916996,1052500.0,10924.763,9076.70458984375,131.9328,4.545454545454546,-4.4604745,0.43083003,2.4,3.66,506,329375.0,50124.75,30.149395460569714,10.094813440466037,Urban
Varde,Southern Denmark,2013,1409829.2118811882,1050000.0,12038.093,9219.8583984375,129.07327,4.598019801980198,-3.7425742,0.0,0.79,3.48,505,344887.0,49999.5,28.64963744672848,10.10010100101001,Urban
Varde,Southern Denmark,2014,1480262.867826087,1075000.0,11998.733,9615.384765625,133.7026,4.551304347826087,-3.9947827,0.0,0.56,3.06,575,341126.6666666667,50028.25,28.43022398003745,11.493506169014506,Urban
Varde,Southern Denmark,2015,1459185.449328449,1153600.0,13282.243,9640.44921875,129.2845,4.509157509157509,-3.6678877,0.0,0.45,2.78,819,346061.0,50190.25,26.054409635480994,16.317910351114012,Urban
Varde,Southern Denmark,2016,1499730.2175622543,1175000.0,13135.439,10365.853515625,129.0249,4.564875491480996,-3.5858452,0.0,0.25,2.55,763,348297.0,50384.25,26.515824861277952,15.143621270535931,Urban
Varde,Southern Denmark,2017,1430874.06042885,1170000.0,11988.645,10242.423828125,130.34892,4.610136452241715,-3.7192984,0.0,1.15,2.26,513,362914.0,50439.0,30.271477719125055,10.170701243085707,Urban
Varde,Southern Denmark,2018,1512213.483394834,1200000.0,13336.224,10000.0,128.63838,4.496309963099631,-3.188192,0.0,0.81,2.12,1084,367212.0,50225.75,27.53493042708341,21.582554765234963,Urban
Varde,Southern Denmark,2019,1571517.1935749587,1255000.0,13678.155,10871.83544921875,127.229,4.446457990115321,-2.9942338,0.0,0.76,1.35,1214,381155.6666666667,50121.25,27.866014580670175,24.221263436167295,Urban
Varde,Southern Denmark,2020,1675336.8530927836,1349000.0,14658.215,11711.9169921875,125.52964,4.434922680412371,-2.666237,0.0,0.42,1.1,1552,397851.0,49864.25,27.14184503365519,31.124503025714816,Urban
Varde,Southern Denmark,2021,1859044.662996942,1400000.0,15048.117,12142.857421875,130.54434,4.611620795107034,-2.1217124,0.0,1.85,1.47,1635,416555.6666666667,49679.25,27.681580802878305,32.91112486601549,Urban
Varde,Southern Denmark,2022,1784090.173540856,1400000.0,14650.112,12007.298828125,130.14474,4.536964980544747,-2.5704281,0.13354085,7.7,3.7299998,1285,422634.3333333333,49841.5,28.848539405933096,25.78172807800728,Urban
Varde,Southern Denmark,2023,1808482.363489499,1440000.0,15790.837,12882.8525390625,125.68982,4.563004846526656,-2.8723748,2.8153877,3.31,4.79,1238,431934.3333333333,49962.75,27.35347932052831,24.778459952664736,Urban
Varde,Southern Denmark,2024,1962119.9434737924,1465000.0,16848.525,13503.6494140625,124.65879,4.530318602261048,-3.0811923,3.5262587,1.13,4.34,973,447332.0,49674.75,26.550217303888616,19.587416142003736,Urban
Vejen,Southern Denmark,2008,1602113.658227848,1290000.0,10919.473,8384.615234375,161.88185,4.991561181434599,-1.6413503,4.0400844,3.42,6.52,237,273476.0,42566.5,25.044798407395668,5.5677586834717445,Rural
Vejen,Southern Denmark,2009,1266379.2094594594,945000.0,9733.557,8171.793701171875,140.49324,4.608108108108108,-3.5270271,2.1263514,1.3,5.5,148,278420.0,42757.25,28.604137213148285,3.4614012828233807,Rural
Vejen,Southern Denmark,2010,1204540.8555555556,900000.0,8024.4604,6664.626953125,159.30556,4.9,-4.0555553,0.7986111,2.31,4.53,180,305063.0,42792.0,38.01663723083486,4.2063937184520475,Rural
Vejen,Southern Denmark,2011,1511088.8023952097,1050000.0,12037.823,7678.5712890625,145.71257,4.6706586826347305,-5.257485,0.99101794,2.76,4.75,167,307973.0,42762.75,25.583778728097265,3.9052680194795704,Rural
Vejen,Southern Denmark,2012,1536130.7770700636,950000.0,9203.553,7274.67822265625,157.03185,4.923566878980892,-5.2101912,0.42993632,2.4,3.66,157,322341.6666666667,42777.5,35.02361171459182,3.6701537022967683,Rural
Vejen,Southern Denmark,2013,1252121.7441860463,1075000.0,8808.456,7529.06982421875,156.70349,5.0,-3.9360466,0.0,0.79,3.48,172,333533.6666666667,42663.75,37.86516804609874,4.031525592569804,Rural
Vejen,Southern Denmark,2014,1267896.551020408,1100000.0,9916.595,7811.011474609375,144.28572,4.790816326530612,-4.642857,0.0,0.56,3.06,196,333450.6666666667,42673.0,33.625520318886345,4.593068216436623,Rural
Vejen,Southern Denmark,2015,1255435.6347826086,950000.0,8460.799,6996.27197265625,148.35217,4.726086956521739,-3.973913,0.0,0.45,2.7799997,230,343250.0,42705.5,40.5694544924185,5.385723150413881,Rural
Vejen,Southern Denmark,2016,1371346.462406015,1070000.0,10693.163,7938.43505859375,148.66165,4.725563909774436,-3.2368422,0.0,0.25,2.55,266,343251.6666666667,42856.5,32.100106083360615,6.206759768063188,Rural
Vejen,Southern Denmark,2017,1293541.112244898,1112500.0,12054.749,7807.515869140625,140.89796,4.586734693877551,-3.1530612,0.0,1.15,2.26,196,360847.6666666667,42849.0,29.93406720178634,4.574202431795374,Rural
Vejen,Southern Denmark,2018,1523696.24057971,1200000.0,10485.71,7926.13623046875,155.13043,4.892753623188406,-3.4724638,0.0,0.81000006,2.12,345,367808.0,42864.25,35.0770715573862,8.04866526301055,Rural
Vejen,Southern Denmark,2019,1450022.8141361256,1192500.0,10397.668,8473.6025390625,151.88481,4.7513089005235605,-2.5706806,0.0,0.76,1.35,382,379120.6666666667,42795.75,36.46208617804172,8.926120000233668,Rural
Vejen,Southern Denmark,2020,1999505.315261044,1435000.0,16107.014,9697.1767578125,146.13454,4.696787148594377,-2.4076304,0.0,0.42,1.1,498,397199.0,42757.5,24.660002158066046,11.647079459743903,Rural
Vejen,Southern Denmark,2021,1515259.0788954636,1300000.0,10867.461,9482.7587890625,153.30573,4.828402366863905,-2.2564104,0.0,1.85,1.47,507,415519.3333333333,42757.5,38.23518053879681,11.857568847570601,Rural
Vejen,Southern Denmark,2022,2017772.5420560748,1500000.0,14182.56,10410.6455078125,147.70561,4.677570093457944,-3.1074767,0.13820092,7.7,3.7300003,428,421416.0,42720.75,29.713676515382275,10.018550704283047,Rural
Vejen,Southern Denmark,2023,1847282.173594132,1450000.0,13451.097,10436.2412109375,148.49878,4.801955990220049,-2.5207825,2.6762836,3.3099997,4.79,409,614438.3333333334,42896.5,45.67942178495429,9.53457741307566,Rural
Vejen,Southern Denmark,2024,1598073.3592592592,1230000.0,10715.851,9346.5966796875,151.43704,4.851851851851852,-3.7777777,3.523148,1.13,4.34,270,603961.6666666666,42830.0,56.361521513005975,6.303992528601448,Rural
Vejle,Southern Denmark,2008,1798865.347826087,1442500.0,13985.198,11270.1611328125,141.43478,4.638888888888889,-2.4661837,4.0428743,3.42,6.52,828,297143.6666666667,105284.0,21.24701178107501,7.864442840317617,Urban
Vejle,Southern Denmark,2009,1898595.905013193,1500000.0,15689.132,11094.47802734375,140.84433,4.559366754617415,-3.6530342,1.8542216,1.3,5.5,758,304292.0,106135.0,19.395081894906614,7.141847646864842,Urban
Vejle,Southern Denmark,2010,1960749.6673469387,1397500.0,15523.479,10381.79052734375,145.60408,4.596938775510204,-3.1163266,0.8079082,2.31,4.53,980,332933.3333333333,106706.25,21.447082405518334,9.18409184091841,Urban
Vejle,Southern Denmark,2011,1663038.3374655647,1432500.0,13784.805,11311.69580078125,138.83195,4.4393939393939394,-4.1184573,0.99827826,2.76,4.75,726,335693.3333333333,107503.25,24.35241799454786,6.753284203035722,Urban
Vejle,Southern Denmark,2012,1691074.1565217392,1300000.0,13432.743,10222.22265625,142.83975,4.587577639751553,-4.414907,0.42732918,2.4,3.66,805,345843.6666666667,108325.75,25.746317536683808,7.431289421028703,Urban
Vejle,Southern Denmark,2013,1730838.3830548923,1300000.0,12977.172,9836.18701171875,146.7315,4.649164677804296,-4.328162,0.0,0.79,3.48,838,352868.0,109195.75,27.191440477170218,7.674291352914376,Urban
Vejle,Southern Denmark,2014,1704800.3187772925,1350000.0,13831.55,9954.4384765625,141.89738,4.5534934497816595,-4.0251093,0.0,0.56,3.06,916,359485.0,109929.25,25.990218016057494,8.332632124752966,Urban
Vejle,Southern Denmark,2015,1811269.8252267104,1375000.0,13166.972,10349.4619140625,147.70322,4.69002473206925,-3.2720528,0.0,0.45,2.78,1213,373138.6666666667,110948.25,28.338988392066657,10.933025081513227,Urban
Vejle,Southern Denmark,2016,1881804.264752791,1425000.0,15090.672,10959.52392578125,143.72807,4.568580542264753,-2.975279,0.0,0.25,2.55,1254,378572.3333333333,112333.75,25.086512604165893,11.163163341382266,Urban
Vejle,Southern Denmark,2017,1921074.9603960395,1525000.0,15310.774,12025.8583984375,139.53589,4.4022277227722775,-2.720297,0.0,1.15,2.26,808,391980.0,113586.25,25.6015796458102,7.113537069847802,Urban
Vejle,Southern Denmark,2018,1882831.684520621,1520000.0,14490.428,11496.9326171875,143.59882,4.536154258168184,-2.592394,0.0,0.81,2.12,1867,399609.6666666667,114347.25,27.577492305035207,16.327458683964853,Urban
Vejle,Southern Denmark,2019,2162743.635509629,1700000.0,17115.996,13028.1689453125,142.17848,4.448567402536402,-2.5072803,0.0,0.76,1.35,2129,415035.3333333333,115196.25,24.2483892455533,18.481504389248784,Urban
Vejle,Southern Denmark,2020,2187517.783257356,1699000.0,16987.035,13235.2939453125,141.75342,4.533775383340241,-2.5159552,0.0,0.42,1.1,2413,433099.0,116250.25,25.495856104376074,20.75694460872127,Urban
Vejle,Southern Denmark,2021,2470106.975519288,1950000.0,18851.213,14938.38720703125,143.81714,4.57826409495549,-1.9617952,0.0,1.85,1.47,2696,455556.0,117731.25,24.16587197863607,22.899612464829854,Urban
Vejle,Southern Denmark,2022,2363115.5251004016,1875000.0,17416.992,14551.251953125,141.38655,4.548694779116466,-2.6571286,0.12432229,7.7,3.73,1992,454159.6666666667,119879.5,26.075666031578056,16.616685922113454,Urban
Vejle,Southern Denmark,2023,2377407.103104213,1950000.0,17841.229,15240.17919921875,139.93681,4.528824833702883,-2.7267184,2.7608368,3.31,4.79,1804,471389.3333333333,121375.5,26.421348738550094,14.862966578922434,Urban
Vejle,Southern Denmark,2024,2412423.064447592,2016250.0,18175.576,15588.96826171875,139.1558,4.5354107648725215,-2.9553823,3.5290012,1.13,4.34,1412,486026.3333333333,121963.5,26.740628926056225,11.577234172518828,Urban
Vesthimmerlands,North Jutland,2008,1216734.6666666667,925000.0,9867.587,7298.13671875,140.11864,4.602636534839925,-2.0960453,4.038606,3.42,6.52,531,261776.0,38421.5,26.528876816591534,13.820387022890829,Rural
Vesthimmerlands,North Jutland,2009,1300432.8374384237,882500.0,8944.133,7129.761474609375,146.17981,4.83743842364532,-3.8719213,1.9416256,1.3,5.5,406,267460.6666666667,38358.0,29.903476017928924,10.584493456384587,Rural
Vesthimmerlands,North Jutland,2010,1065032.6693386773,830000.0,8754.374,7518.248046875,134.88979,4.637274549098197,-3.0320642,0.8036072,2.31,4.53,499,285882.3333333333,38055.25,32.65594242756059,13.112514042083548,Rural
Vesthimmerlands,North Jutland,2011,1479590.351230425,942000.0,15619.986,7926.8291015625,132.11186,4.541387024608501,-3.3959732,0.97203577,2.76,4.75,447,297777.3333333333,37747.0,19.063866851950653,11.84200068879646,Rural
Vesthimmerlands,North Jutland,2012,1395930.437751004,925000.0,11320.249,7756.15087890625,136.08835,4.518072289156627,-3.5,0.45833334,2.4,3.66,498,305141.3333333333,37589.0,26.955355251755797,13.248556758626194,Rural
Vesthimmerlands,North Jutland,2013,1161976.4264069265,970000.0,9289.041,7888.180908203125,137.4762,4.658008658008658,-4.025974,0.0,0.79,3.48,462,314165.6666666667,37563.5,33.821108838540674,12.299173399709824,Rural
Vesthimmerlands,North Jutland,2014,1233189.2733333334,880000.0,8873.519,6915.737060546875,141.18666,4.673333333333333,-4.922222,0.0,0.56,3.06,450,317177.0,37456.0,35.744218274621375,12.014096539940196,Rural
Vesthimmerlands,North Jutland,2015,1402183.817749604,1050000.0,12715.328,8148.14794921875,132.13788,4.426307448494454,-3.5499208,0.0,0.44999996,2.78,631,321656.0,37394.75,25.29671275487349,16.874026434191965,Rural
Vesthimmerlands,North Jutland,2016,1293487.5567970204,950000.0,9463.796,7286.09619140625,145.68529,4.804469273743017,-3.5772812,0.0,0.25,2.55,537,326623.6666666667,37285.0,34.5129656922726,14.40257476196862,Rural
Vesthimmerlands,North Jutland,2017,1432017.6088082902,1048750.0,10699.663,8663.94677734375,140.12694,4.639896373056994,-3.6606216,0.0,1.15,2.26,386,338679.6666666667,37295.0,31.653302227057683,10.349912856951335,Rural
Vesthimmerlands,North Jutland,2018,1499773.3311897106,995000.0,12030.688,8253.9677734375,135.86923,4.426580921757771,-3.2990353,0.0,0.81,2.12,933,344339.0,37232.5,28.62172138451267,25.058752434029408,Rural
Vesthimmerlands,North Jutland,2019,1453186.0632911392,1025000.0,12034.872,9049.2958984375,134.36249,4.400460299194476,-3.1634061,0.0,0.76,1.35,869,359561.3333333333,37004.0,29.876622978070174,23.48394768133175,Rural
Vesthimmerlands,North Jutland,2020,1506439.4168912848,1100000.0,12780.091,10000.0,128.0629,4.364779874213837,-3.7690926,0.0,0.42,1.1,1113,371636.0,36622.75,29.07929215840482,30.390945518837334,Rural
Vesthimmerlands,North Jutland,2021,1591148.2693997072,1195000.0,13163.581,11023.1806640625,132.56955,4.451683748169839,-2.784773,0.0,1.85,1.47,1366,401567.6666666667,36356.5,30.505959333305025,37.57237357831474,Rural
Vesthimmerlands,North Jutland,2022,1760852.3755230126,1347500.0,14232.491,10798.1484375,135.78348,4.572175732217573,-3.123431,0.11082636,7.7,3.73,956,404626.0,36366.75,28.429738687345736,26.28774911148233,Rural
Vesthimmerlands,North Jutland,2023,1693035.168646081,1200000.0,12147.423,9559.41162109375,142.52376,4.732779097387174,-3.91924,2.8337886,3.31,4.79,842,409353.0,36296.0,33.69875240205268,23.198148556314745,Rural
Vesthimmerlands,North Jutland,2024,1528469.1784107946,1095000.0,11928.3955,10616.4384765625,131.27885,4.497751124437781,-4.049475,3.5070465,1.13,4.34,667,416926.6666666667,35920.5,34.95245162408194,18.56878384209574,Rural
Viborg,Central Jutland,2008,1294015.0564784054,900000.0,9149.079,7578.125,143.598,4.820598006644518,-2.4318936,4.0506644,3.42,6.52,301,283457.0,92352.75,30.98202562246976,3.2592424156292044,Urban
Viborg,Central Jutland,2009,1489372.5743589744,895000.0,10653.891,6500.0,142.38461,4.630769230769231,-5.34359,1.8964102,1.3,5.5,195,293227.0,93090.75,27.522996058435364,2.094730142361083,Urban
Viborg,Central Jutland,2010,1229736.565737052,850000.0,8607.671,7019.23095703125,150.59363,5.059760956175299,-3.306773,0.7968128,2.31,4.53,251,318968.3333333333,93503.5,37.056287738382814,2.6843914933665585,Urban
Viborg,Central Jutland,2011,1039781.0535714284,875000.0,8179.191,6726.72900390625,140.98215,4.5625,-4.191964,0.99665177,2.76,4.75,224,323980.6666666667,93671.75,39.6103559223237,2.391329296185883,Urban
Viborg,Central Jutland,2012,1086581.4108910891,850000.0,8581.012,6775.210205078125,138.52971,4.5495049504950495,-4.509901,0.4220297,2.4,3.66,202,331411.3333333333,94019.0,38.621474172665565,2.14850189855242,Urban
Viborg,Central Jutland,2013,1104023.8309178744,845000.0,7946.262,6514.08447265625,148.7198,4.903381642512077,-4.4347825,0.0,0.79,3.48,207,342713.6666666667,94453.25,43.12891604463415,2.1915603751062034,Urban
Viborg,Central Jutland,2014,1317486.365145228,835000.0,9173.881,6375.0,146.96266,4.813278008298755,-4.626556,0.0,0.56,3.06,241,345387.3333333333,94722.5,37.64898774393665,2.544274063712423,Urban
Viborg,Central Jutland,2015,1198430.1696750904,947500.0,8604.124,6465.51708984375,153.76535,5.1516245487364625,-4.754513,0.0,0.45,2.78,277,352677.0,95377.25,40.98929769027039,2.9042565181948525,Urban
Viborg,Central Jutland,2016,1405948.5074074075,914050.0,9172.058,6755.402099609375,154.44073,5.092592592592593,-4.311111,0.0,0.25,2.55,270,357307.6666666667,96078.75,38.956106324956366,2.810194762109207,Urban
Viborg,Central Jutland,2017,1339528.682795699,1000000.0,8828.176,7851.563720703125,155.82796,4.838709677419355,-3.1505377,0.0,1.15,2.26,186,372007.0,96730.75,42.1386025833649,1.9228632053405976,Urban
Viborg,Central Jutland,2018,1287591.0975,995000.0,9088.939,7182.73388671875,145.5,4.755,-3.6275,0.0,0.81,2.12,400,380933.3333333333,97060.75,41.911749361870875,4.121130323019346,Urban
Viborg,Central Jutland,2019,1437699.980263158,1047500.0,10799.654,8012.0966796875,144.20833,4.699561403508772,-2.991228,0.0,0.76,1.35,456,391981.6666666667,97174.5,36.29576157408994,4.692589105166478,Urban
Viborg,Central Jutland,2020,1495182.621399177,1105000.0,10614.5205,8333.3330078125,148.33745,4.907407407407407,-2.9691358,0.0,0.42,1.1,486,409615.3333333333,96743.5,38.59009300828363,5.023593316346835,Urban
Viborg,Central Jutland,2021,1568953.1314102565,1245000.0,11724.936,9049.05419921875,144.33493,4.714743589743589,-2.9070513,0.0,1.85,1.47,624,427683.0,96717.5,36.47636115028688,6.451779667588596,Urban
Viborg,Central Jutland,2022,1529825.0408163266,1205000.0,10550.055,8602.150390625,147.82993,4.809523809523809,-3.7437642,0.14591837,7.7,3.73,441,431781.6666666667,97186.25,40.926958832600086,4.537678941208248,Urban
Viborg,Central Jutland,2023,1635837.5935960591,1197500.0,11400.735,8652.01025390625,145.9803,4.802955665024631,-4.0689654,2.7873154,3.31,4.79,406,435999.6666666667,97608.5,38.243119120536235,4.1594738163172265,Urban
Viborg,Central Jutland,2024,1719313.4266666668,1195000.0,12939.178,8739.99853515625,143.33,4.816666666666666,-4.3433332,3.5191667,1.13,4.34,300,447502.0,97598.0,34.58504087353926,3.073833480194266,Urban
Vordingborg,Zealand Region,2008,1484964.720194647,1250000.0,13470.109,11578.947265625,121.18735,4.172749391727494,-3.0656934,4.037713,3.42,6.52,411,261862.66666666663,46630.25,19.440278223930232,8.814020941341726,Urban
Vordingborg,Zealand Region,2009,1363476.4084084083,1050000.0,13601.97,10702.4794921875,115.08709,4.045045045045045,-5.6816816,1.9783783,1.3,5.5,333,268946.6666666667,46444.25,19.77262607303697,7.16988647679745,Urban
Vordingborg,Zealand Region,2010,1368662.1021377672,1100000.0,13583.387,9756.09765625,121.323044,4.104513064133017,-5.009501,0.79691213,2.31,4.53,421,292720.3333333333,46285.5,21.54987804833458,9.095721122165688,Urban
Vordingborg,Zealand Region,2011,1111034.892857143,885000.0,11179.217,8816.5263671875,118.79464,4.113095238095238,-4.202381,0.98363096,2.76,4.75,336,296674.6666666667,46070.0,26.538054200635578,7.2932494030822665,Urban
Vordingborg,Zealand Region,2012,1269435.546195652,900000.0,11374.992,8704.96923828125,125.46739,4.2853260869565215,-6.5652175,0.421875,2.4,3.66,368,304219.6666666667,45662.5,26.744604889978532,8.059129482617028,Urban
Vordingborg,Zealand Region,2013,1095623.464019851,825000.0,11014.967,7596.15380859375,122.82382,4.220843672456576,-4.890819,0.0,0.78999996,3.4800003,403,314457.6666666667,45396.5,28.548216864078366,8.877336358529842,Urban
Vordingborg,Zealand Region,2014,1038819.9824175824,810000.0,9662.254,7262.5,123.10989,4.252747252747253,-6.463736,0.0,0.56,3.06,455,319821.3333333333,45361.75,33.10007513084766,10.030477219243085,Urban
Vordingborg,Zealand Region,2015,1034434.9476744186,840000.0,9975.685,7963.7822265625,119.191864,4.248062015503876,-4.75,0.0,0.45,2.78,516,326826.6666666667,45595.75,32.762328267849945,11.316844223419945,Urban
Vordingborg,Zealand Region,2016,1296637.207678883,1000000.0,12549.808,8959.537109375,121.75393,4.137870855148342,-4.2739964,0.0,0.25,2.55,573,327819.6666666667,45910.25,26.121488604978392,12.480873007661687,Urban
Vordingborg,Zealand Region,2017,1377845.2165242166,1000000.0,12747.319,9153.845703125,123.105415,4.15954415954416,-3.1766381,0.0,1.15,2.26,351,336426.0,46042.75,26.39190248553441,7.6233500388226165,Urban
Vordingborg,Zealand Region,2018,1308389.9140811455,995000.0,11922.688,9101.529296875,120.977325,4.195704057279237,-3.673031,0.0,0.81000006,2.12,838,345122.0,45971.75,28.946660350417623,18.228586033814246,Urban
Vordingborg,Zealand Region,2019,1349796.0195360195,1045000.0,12191.943,9710.744140625,121.608055,4.21001221001221,-3.6678877,0.0,0.76,1.35,819,354078.3333333333,45744.75,29.04199382603194,17.903693866509272,Urban
Vordingborg,Zealand Region,2020,1412843.73572744,1100000.0,12828.52,10599.08544921875,118.0976,4.151012891344383,-3.27256,0.0,0.42,1.1,1086,372976.6666666667,45455.0,29.07402152911378,23.891761082389177,Urban
Vordingborg,Zealand Region,2021,1724212.1395881006,1345000.0,15709.799,12311.5576171875,121.84744,4.1800152555301295,-1.9290618,0.0,1.85,1.47,1311,388467.0,45304.0,24.7276874770963,28.937842133144976,Urban
Vordingborg,Zealand Region,2022,1802401.8989361704,1400000.0,16519.395,12396.9990234375,119.57234,4.10531914893617,-2.8180852,0.12377659,7.7,3.73,940,398132.0,45407.5,24.10088262917619,20.70142597588504,Urban
Vordingborg,Zealand Region,2023,1568474.795534665,1240000.0,13988.387,11111.111328125,119.625145,4.166862514688602,-3.6815512,2.8431258,3.3100002,4.79,851,400526.3333333333,45657.25,28.632774696134252,18.638879915018975,Urban
Vordingborg,Zealand Region,2024,1468851.1610169492,1248000.0,13525.61,11538.4619140625,117.48644,4.169491525423729,-4.488136,3.5148306,1.13,4.34,590,409744.3333333333,45518.5,30.29396332833294,12.961762799740765,Urban
Ærø,Southern Denmark,2008,1019569.4096385542,820000.0,8392.265,7272.72705078125,132.20482,4.542168674698795,-3.9879518,4.0240965,3.42,6.5199995,83,257933.33333333337,6695.5,30.73465069719955,12.39638563214099,Rural
Ærø,Southern Denmark,2009,1207388.1466666667,875000.0,11380.989,6818.181640625,138.36,4.68,-5.5733333,1.9986666,1.3,5.5,75,261144.33333333337,6687.0,22.945662572324196,11.215791834903545,Rural
Ærø,Southern Denmark,2010,832228.8333333334,712500.0,7422.654,6292.778564453125,133.95833,4.444444444444445,-2.9444444,0.7847222,2.31,4.53,72,276288.6666666667,6682.25,37.22235559769682,10.77481387257286,Rural
Ærø,Southern Denmark,2011,785437.1833333333,600000.0,6378.2275,5367.693359375,133.88333,4.45,-5.233333,0.975,2.76,4.75,60,276708.0,6649.25,43.38321265586717,9.023574087303079,Rural
Ærø,Southern Denmark,2012,1167046.956521739,690000.0,15400.719,5932.20361328125,125.608696,4.333333333333333,-5.3333335,0.42028984,2.4,3.66,69,283983.0,6612.5,18.439593631959653,10.434782608695652,Rural
Ærø,Southern Denmark,2013,803866.4137931034,623750.0,6734.1094,5320.984130859375,129.7069,4.4655172413793105,-6.37931,0.0,0.79,3.48,58,284370.6666666667,6471.0,42.22840019003355,8.963065986709937,Rural
Ærø,Southern Denmark,2014,1145738.7792207792,701250.0,10553.386,6156.71630859375,126.46753,4.220779220779221,-5.5324674,0.0,0.56,3.06,77,296325.3333333333,6341.25,28.078697522608696,12.142716341415337,Rural
Ærø,Southern Denmark,2015,880809.7710843374,600000.0,6037.877,4878.048828125,144.31325,4.746987951807229,-6.7228913,0.0,0.45,2.78,83,297949.3333333333,6276.0,49.34670469990252,13.224984066284257,Rural
Ærø,Southern Denmark,2016,860766.1184210526,637500.0,7265.043,5852.56396484375,130.4342,4.4868421052631575,-5.2763157,0.0,0.25,2.55,76,305344.0,6239.0,42.02920753531672,12.181439333226479,Rural
Ærø,Southern Denmark,2017,875793.1904761905,603000.0,6533.9507,4569.53662109375,145.50793,4.888888888888889,-4.698413,0.0,1.15,2.26,63,309368.3333333333,6179.5,47.34782179077863,10.194999595436524,Rural
Ærø,Southern Denmark,2018,832649.4676258992,640000.0,6450.1904,5494.87255859375,133.83453,4.482014388489208,-4.2158275,0.0,0.81,2.12,139,313424.0,6133.0,48.59143382806188,22.664275232349585,Rural
Ærø,Southern Denmark,2019,957219.088235294,720000.0,7167.949,6125.0,137.98235,4.547058823529412,-4.547059,0.0,0.76,1.35,170,322137.6666666667,6023.5,44.94140048522481,28.222794056611605,Rural
Ærø,Southern Denmark,2020,1093632.8942731277,850000.0,9406.151,7468.75,126.863434,4.295154185022026,-3.7885463,0.0,0.42,1.1,227,336656.3333333333,5970.0,35.79108323195464,38.02345058626466,Rural
Ærø,Southern Denmark,2021,1245801.017857143,920000.0,11591.367,8251.98388671875,126.557144,4.389285714285714,-2.392857,0.0,1.85,1.47,280,349446.3333333333,5998.0,30.147120122530268,46.682227409136374,Rural
Ærø,Southern Denmark,2022,1209535.888324873,950000.0,10318.044,8041.322265625,126.80203,4.456852791878172,-2.786802,0.1286802,7.6999993,3.73,197,347889.6666666667,6039.25,33.716629495538754,32.61994452953596,Rural
Ærø,Southern Denmark,2023,1187258.470967742,950000.0,9634.06,8378.3779296875,130.2129,4.554838709677419,-3.2193549,2.800645,3.31,4.79,155,356355.6666666667,6003.75,36.98914753143189,25.817197584842805,Rural
Ærø,Southern Denmark,2024,1229129.0547945206,1012500.0,10421.465,8578.21142578125,129.14383,4.602739726027397,-3.4931507,3.507534,1.13,4.34,146,366094.0,5937.5,35.12884225010591,24.589473684210525,Rural
